Entry ID,Database Name,Accession Code(s),Sequence,Polymer Entity Sequence Length
1QG9,UniProt,P08104,NVEYTFTGIYTFESLIKILAR,21
1BYY,UniProt,P04775,DNFNQQKKKFGGQDIFMTEEQKKYYNAMKKLGSKKPQKPIPRPANKFQGMVFD,53
1JO6,UniProt,Q9Y691,MFIWTSGRTSSSYRHDEKRNIYQKIRDHDLLDKRKTVTALKAGED,45
1ZTN,UniProt,Q03721,MISSVCVSSYRGRKSGNKPPSKTCLKEEMA,30
1UJL,UniProt,Q12809,AIGNMEQPHMDSRIGWLHNLGDQIGKPYNSSGLGGPSIKDKY,42
1Q2J,UniProt,P60207,QRCCNGRRGCSSRWCRDHSRCC,22
1ANP,UniProt,P01160,SLDRSSCFTGSLDSIRAQSGLGCNSFRY,28
1T0J,UniProt,Q8VGC3,GHMGSADSYTSRPSDSDVSLEEDREAVRREAERQAQAQLEKAKTKPVAFAVRTNVRYSAAQEDDVPVPGMAISFEAKDFLHVKEKFNNDWWIGRLVKEGCEIGFIPSPVKLENMRLQHEQRAKQGKFYSSKS,132
,UniProt,Q13936,GAQQLEEDLKGYLDWITQAE,20
1HO2,UniProt,P08510,HSKGLQILGRTLKASMRELG,20
,UniProt,P22002,QKLREKQQLEEDLKGYLDWITQAED,25
1LXF,UniProt,P19429,RISADAMMQALLGARAK,17
,UniProt,P63316,MDDIYKAAVEQLTEEQKNEFKAAFDIFVLGAEDGCISTKELGKVMRMLGQNPTPEELQEMIDEVDEDGSGTVDFDEFLVMMVRCMKDDS,89
,pdb,1AMT,XAPAAAAQAVAGLAPVAAEQF,21
1HP9,UniProt,P82851,GHACYRNCWREGNDEETCKERC,22
2NR1,UniProt,Q05586,GSNGDALTLSSAMWFSWGVLLNSGIGE,27
1AS5,UniProt,P56529,HPPCCLYGKCRRYPGCSSASCCQRX,25
1R9I,UniProt,P58925,QRLCCGFPKSCRSRQCKPHRCC,22
,pdb,1OB7,XFAAAAGLVAPQVPAPF,17
1JLP,UniProt,P60245,GPPCCLYGSCRPFPGCYNALCCRKX,25
1UL2,UniProt,Q86RB2,GCCSHPACAGNNQHICX,17
1DG2,UniProt,P56640,GCCSYPPCFATNPDCX,16
1K64,UniProt,P50982,RDPCCYHPTCNMSNPQICX,19
1MTQ,UniProt,P60274,IRDECCSNPACRVNNPHVC,19
1B45,UniProt,P56973,GRCCHPACGKYYSCX,15
1E9K,UniProt,Q08499,VPEVDNPHCPNPWLNEDLVKSLRENLLQHEKSKTARKS,38
,UniProt,Q9X2V7,GGAGHVPEYFVGIGTPISFYG,21
1XC0,UniProt,P81861,GFFALIPKIISSPLFKTLLSAVGSALSSSGGQE,33
,pdb,1OB6,XFAAAVGLVAPQVPAPF,17
,pdb,1ALZ,XGALAVVVWLYLWLWX,16
1A11,UniProt,P25110,GSEKMSTAISVLLAQAVFLLLTSQR,25
1EQ8,UniProt,P02718,EKMSTAISVLLAQAVFLLLTSQR,23
,pdb,1IH9,XWIQVITALAPQAPAPF,17
2RLF,UniProt,P0DOF5,RSNDSSDPLVVAASIIGILHLILWILDRLFFKSIYRFFEHGLK,43
1AWY,UniProt,P07231,GEEELQENQELIREKSNX,18
1GIB,UniProt,P01524,RDCCTPPRKCKDRRCKPMKCCA,22
1G92,UniProt,P41736,FLPLLILGSLLMTPPVIQAIHDAQR,25
,UniProt,P29198,MSVAEFDADVIVDARDCIMGRVASQVAEQALDGETVAVVNAERAVITGREEQIVEKYEKRVDIGNDNGYFYPKRPDGIFKRTIRGMLPHKKQRGREAFESVRVYLGNPYDEDGEVLDGTSLDRLSNIKFVTLGEISETLGANKTW,145
,UniProt,P14121,MHALVQLRGEVNMHTDIQDTLEMLNIHHVNHCTLVPETDAYRGMVAKVNDFVAFGEPSQETLETVLATRAEPLEGDADVDDEWVAEHTDYDDISGLAFALLSEETTLREQGLSPTLRLHPPRGGHDGVKHPVKEGGQLGKHDTEGIDDLLEAMR,154
,UniProt,P32411,MQMPRRFNTYCPHCNEHQEHEVEKVRSGRQTGMKWIDRQRERNSGIGNDGKFSKVPGGDKPTKKTDLKYRCGECGKAHLREGWRAGRLEFQE,92
1PLP,UniProt,P26678,MDKVQYLTRSAIRRASTIEMPQQAC,25
1DFY,UniProt,P58787,GCPWQPWC,8
1HJE,UniProt,P15471,ICCNPACGPKYSCX,14
1PEN,UniProt,P50984,GCCSLPPCAANNPDYCX,17
1PQR,UniProt,P58782,GCCGPYPNAACHPCGCKVGRPPYCDRPSGGX,31
1AKG,UniProt,P50985,GCCSLPPCALSNPDYCX,17
1MII,UniProt,P56636,GCCSNPVCHLEHSNLCX,17
1P1P,UniProt,P55963,GCCGSYPNAACHPCSCKDRPSYCGQX,26
2MLT,UniProt,P01501,GIGAVLKVLTTGLPALISWIKRKRQQX,27
,pdb,1JO3,VGALAVVVWLFLWLWX,16
,UniProt,P61925,TTYADFIASGRTGRRNAIHD,20
1N7L,UniProt,P61015,AMEKVQYLTRSAIRRASTIEMPQQARQNLQNLFINFALILIFLLLIAIIVMLL,53
1FJK,UniProt,P61013,MDKVQYLTRSAIRRASTIEMPQQARQNLQNLFINFCLILIFLLLICIIVMLL,52
,UniProt,O14745,CLDFNISLAMAKERAHQKRSSKRAPQMDWSKKNELFSNL,39
1NMJ,UniProt,P08592,DAEFGHDSGFEVRHQKLVFFAEDVGSNK,28
1EZE,UniProt,P34929,APDVSSALDKLKEFGNTLEDKAWEVINRIKQSEFPAKT,38
3BKD,UniProt,Q9Q0P0,SSDPLVVAASIMGILHLILWILDRLX,26
1NYJ,UniProt,P35938,SSDPLVVAASIIGILHLILWILDRL,25
1PI7,UniProt,Q70625,MQPIQIAIVALVVAIIIAIVVWSIVIIEGRGGKKKK,36
,pdb,1M24,XAGALAQAAAAAAPLAAQX,19
1TER,UniProt,P56587,ALCNCNRIIIPHMCWKKCGKKX,22
,pdb,1GQ0,XFAAAVGLAAPQVPAPF,17
1ONT,UniProt,P17684,GEEEYQKMLENLREAEVKKNAX,22
1B9U,UniProt,P0ABA0,MNLNATILGQAIAFVLFVLFCMKYVWPPLMAAIE,34
1PYV,UniProt,P17614,MASRRLLASLLRQSAQRGGGLISRSLGNSIPKSASRASSRASPKGFLLNRAVQY,54
1JDM,UniProt,O00631,MGINTRELFLNFTIVLITVILMWLLVRSYQY,31
,pdb,1EE7,XFASAVLQGAAAAAPAAAQW,20
1ATY,UniProt,P68699,MENLNMDLLYMAAAVMMGLAAIGAAIGIGILGGKFLEGAARQPDLIPLLRTQFFIVMGLVDAIPMICVGLGLYVMFAVA,79
1QLO,UniProt,P03170,MSWALEMADTFLDNMRVGPRTYADVRDEINKRGR,34
2BBL,UniProt,P03300,GAYTGLPNKKPNVPTIRTAKVQ,22
3CTO,UniProt,P9WF25,MSISASEARQRLFPLIEQVNTDHQPVRITSRAGDAVLMSADDYDAWQETVYLLRSPENARRLMEAVARDKAGHSAFTKSVDELREMAGGEE,91
2J28,UniProt,P0A7N4,AVQQNKPTRSKRGMRRSHDALTAVTSLSVDKTSGEKHLRHHITADGYYRGRKVIAK,56
,UniProt,P0A7P5,MKRTFQPSVLKRNRSHGFRARMATKNGRQVLARRRAKGRARLTVSK,46
,UniProt,P0A7Q1,PKIKTVRGAAKRFKKTGKGGFKHKHANLRHILTKKATKRKRHLRPKAMVSKGDLGLVIACLPYA,64
,UniProt,P0A7Q6,MKVRASVKKLCRNCKIVKRDGVIRVICSAEPKHKQRQG,38
,UniProt,O62798,LGFPINFLTLYVTVQHKK,18
,UniProt,P62399,AKLHDYYKDEVVKKLMTEFNYNSVMQVPRVEKITLNMGVGEAIADKKLLDNAAADLAAISGQKPLITKARKSVAGFKIRQGYPIGCKVTLRGERMWEFFERLITIAVPRIRDFRGLSAKSFDGRGNYSMGVREQIIFPEIDYDKVDRVRGLDITITTTAKSDEEGRALLAAFDFPFRK,178
,UniProt,P0A7R1,MQVILLDKVANLGSLGDQVNVKAGYARNFLVPQGKAVPATKKNIEFFEARRAELEAKLAEVLAAANARAEKINALETVTIASKAGDEGKLFGSIGTRDIADAVTAAGVEVAKSEVRLPNGVLRTTGEHEVSFQVHSEVFAKVIVNVVAE,149
,UniProt,P0A7J7,AKKVQAYVKLQVAAGMANPSPPVGPALGQQGVNIMEFCKAFNAKTDSIEKGLPIPVVITVYADRSFTFVTKTPPAAVLLKKAAGIKSGSGKPNKDKVGKISRAQLQEIAQTKAADMTGADIEAMTRSIEGTARSMGLVVED,141
,UniProt,P0AA10,MKTFTAKPETVKRDWYVVDATGKTLGRLATELARRLRGKHKAEYTPHVDTGDYIIVLNADKVAVTGNKRTDKVYYHHTGHIGGIKQATFEEMIARRPERVIEIAVKGMLPKGPLGRAMFRKLKVYAGNEHNHAAQQPQVL,140
,UniProt,P0ADY3,IQEQTMLNVADNSGARRVMCIKVLGGSHRRYAGVGDIIKITIKEAIPRGKVKKGDVLKAVVVRTKKGVRRPDGSVIRFDGNACVLLNNNSEQPIGTRIFGPVTRELRSEKFMKIISLAPEV,121
,UniProt,P02413,MRLNTLSPAEGSKKAGKRLGRGIGSGLGKTGGRGHKGQKSRSGGGVRRGFEGGQMPLYRRLPKFGFTSRKAAITAEIRLSDLAKVEGGVVDLNTLKAANIIGIQIEFAKVILAGEVTTPVTVRGLRVTKGARAAIEAAGGKIEE,144
,UniProt,P0ADY7,MLQPKRTKFRKMHKGRNRGLAQGTDVSFGSFGLKAVGRGRLTARQIEAARRAMTRAVKRQGKIWIRVFPDKPITEKPLAVRMGKGKGNVEYWVALIQPGKVLYEMDGVPEELAREAFKLAAAKLPIKTTFVTKTVM,136
,UniProt,P0AG44,MRHRKSGRQLNRNSSHRQAMFRNMAGSLVRHEIIKTTLPKAKELRRVVEPLITLAKTDSVANRRLAFARTRDNEIVAKLFNELGPRFASRAGGYTRILKCGFRAGDNAPMAYIELVDRSEKAEAAAE,127
,UniProt,P0C018,MDKKSARIRRATRARRKLQELGATRLVVHRTPRHIYAQVIAPNGSEVLVAASTVEKAIAEQLKYTGNKDAAAAVGKAVAERALEKGIKDVSFDRSGFQYHGRVQALADAAREAGLQF,117
,UniProt,P0A7K6,SNIIKQLEQEQMKQDVPSFRPGDTVEVKVWVVEGSKKRLQAFEGVVIAIRNRGLHSAFTVRKISNGEGVERVFQTHSPVVDSISVKRRGAVRKAKLYYLRERTGKAARIKERLN,114
,UniProt,P0A7L3,ARVKRGVIARARHKKILKQAKGYYGARSRVYRVAFQAVIKAGQYAYRDRRQRKRQFRQLWIARINAAARQNGISYSKFINGLKKASVEIDRKILADIAVFDKVAFTALVEKAKAALA,117
,UniProt,P0AG48,MYAVFQSGGKQHRVSEGQTVRLEKLDIATGETVEFAEVLMIANGEEVKIGVPFVDGGVIKAEVVAHGRGEKVKIVKFRRRKHYRKQQGHRQWFTDVKITGISA,103
,UniProt,P61175,METIAKHRHARSSAQKVRLVADLIRGKKVSQALDILTYTNKKAAVLVKKVLESAIANAEHNDGADIDDLKVTKIFVDEGPSMKRIMPRAKGRADRILKRTSHITVVVSDR,110
,UniProt,P0ADZ0,MIREERLLKVLRAPHVSEKASTAMEKSNTIVLKVAKDATKAEIKAAVQKLFEVEVEVVNTLVVKGKVKRHGQRIGRRSDWKKAYVTLKEGQNLDFVGGA,99
,UniProt,P60624,AAKIRRDDEVIVLTGKDKGKRGKVKNVLSSGKVIVEGINLVKKHQKPVPALNQPGGIVEKEAAIQVSNVAIFNAATGKADRVGFRFEDGKKVRFFKSNSETI,102
,UniProt,P68919,MFTINAEVRKEQGKGASRRLRAANKFPAIIYGGKEAPLAIELDHDKVMNMQAKAEFYSEVLTIVVDGKEIKVKAQDVQRHPYKPKLQHIDFVRA,94
,UniProt,P0A7L8,AHKKAGGSTRNGRDSEAKRLGVKRFGGESVLAGSIIVRQRGTKFHAGANVGCGRDHTLFAKADGKVKFEVKGPKNRKFISIEAE,84
,UniProt,P0A7M6,MKAKELREKSVEELNTELLNLLREQFNLRMQAASGQLQQSHLLKQVRRDVARVKTLLNEKAGA,63
,UniProt,P0AG51,AKTIKITQTRSAIGRLPKHKATLLGLGLRRIGHTVEREDTPAIRGMINAVSFMVKVEE,58
,UniProt,P0A7M9,MKKDIHPKYEEITASCSCGNVMKIRSTVGHDLNLDVCSKCHPFFTGKQRDVATGGRVDRFNKRFNIPGSK,70
,UniProt,P0AG55,SRVAKAPVVVPAGVDVKINGQVITIKGKNGELTRTLNDAVEVKHADNTLTFGPRDGYADGWAQAGTARALLNSMVIGVTEGFTKKLQLVGVGYRAAVKGNVINLSLGFSHPVDHQLPAGITAECPTQTEIVLKGADKQVIGQVAADLRAYRRPEPYKGKGVRYADEVVRTKEAKKK,176
,UniProt,P0A7N9,AKGIREKIKLVSSAGTGHFYTTTKNKRTKPEKLELKKFDPVVRQHVIYKEAKIK,54
1SUT,UniProt,P16525,PQNAKLKIKRPVKVQPIARRVY,22
1O8Y,UniProt,Q4GWU5,GRCTKSIPPICFPD,14
1GM2,UniProt,P01059,SCTKSIPPQCY,11
,UniProt,P01062,EPCCDSCRCTKSIPPECHCANI,22
1FI0,UniProt,P05954,XEPYNEWTLELLEELKSEAVRH,22
1KZS,UniProt,P12520,XFPRIWLHNLGQHIYETYGX,20
1IXU,UniProt,P29399,FATMRYPSDSDE,12
1IEN,UniProt,P58811,FNWRCCLIPACRRNHKKFCX,20
1L1K,UniProt,P11540,KKAVINGEQIRSISDLHQTL,20
1K5K,UniProt,P04613,MDPVDPNLEPWNHPGSQPRTPCNKCYCKKCCYHCQMCFITKGLGISYGRKKRRQRRRPPQGNQAHQDPLPEQPSSQHRGDHPTGPKE,87
1JFW,UniProt,P04610,MEPVDPRLEPWKHPGSQPKTACTTCYCKKCCFHCQVCFTTKALGISYGRKKRRQRRRPPQGSQTHQVSLSKQPTSQPRGDPTGPKE,86
,UniProt,P46527,HPKPSACRNLFGPVDHEELTRDLEKHCRDMEEASQRKWNFDFQNHKPLEGKYEWQEVEKGSLPEFYYRPPRPPKGACKVPAQES,84
1HN3,UniProt,Q64364,GSHMGRRFLVTVRIQRAGRPLQERVFLVKFVRSRRPRTAS,40
1ALG,UniProt,P00390,QGLGCDEMLQGFAVAVKMGATKAD,24
1RPB,UniProt,P37046,CLGIGSCNDFAGCGYAVVCFW,21
1VTP,UniProt,Q40378,SEYASKVDEYVGEVENDLQKSKVAVS,26
1LFC,UniProt,P24627,FKCRRWQWRMKKLGAPSITCVRRAF,25
,UniProt,P98170,RDHFALDRPSETHADYLLRTGQVVDISDTIYPRNPAMYCEEARLKSFQNWPDYAHLTPRELASAGLYYTGIGDQVQCFCCGGKLKNWEPCDRAWSEHRRHFPNCFFVLGRNLNIRSESD,119
1N2Y,UniProt,P05059,CFRARGYGFRGPGLC,15
1QBF,UniProt,P68005,YPAKPEAPGEDASPEELSRYYASLRHYLNLVTRQRYX,37
1AJ1,UniProt,P56650,ASGWVCTLTIECGTVICAC,19
1IWC,UniProt,P19156,MGKAENYELYQVELGPGPSGDMAAKMSKKKAGRG,34
2RMF,UniProt,P55089,DNPSLSIDLTFHLLRTLLELARTQSQRERAEQNRIIFDSV,40
2MAG,UniProt,P11006,GIGKFLHSAKKFGKAFVGEIMNSX,24
1O53,UniProt,P0A284,GLFDKLKSLVSDDKK,15
1S5R,UniProt,Q8R316,DFTPMDSSAVYVLSSMARQRRAS,23
,UniProt,Q60520,SLQNNQPVEFNHAINYVNKIKNRFQGQPDIYKAFLEILHTYQKEQRNAKEAGGNYTPALTEQEVYAQVARLFKNQEDLLSEFGQFLPDA,89
1VM5,UniProt,P82387,GLFDIIKKIAESFX,14
,UniProt,Q5SLP8,MRRYEVNIVLNPNLDQSQLALEKEIIQRALENYGARVEKVEELGLRRLAYPIAKDPQGYFLWYQVEMPEDRVNDLARELRIRDNVRRVMVVKSQEPFLANA,101
,UniProt,P80374,MEQYYGTGRRKEAVARVFLRPGNGKVTVNGQDFNEYFQGLVRAVAALEPLRAVDALGRFDAYITVRGGGKSGQIDAIKLGIARALVQYNPDYRAKLKPLGFLTRDARVVERKKYGKHKARRAPQYSKR,128
,UniProt,Q5SJH3,MVKIRLARFGSKHNPHYRIVVTDARRKRDGKYIEKIGYYDPRKTTPDWLKVDVERARYWLSVGAQPTDTARRLLRQAGVFRQEAREGA,88
1IEO,UniProt,P58810,VGVCCGYKLCHPCX,14
1S5Q,UniProt,Q05195,RMNIQMLLEAADYLER,16
1P5A,UniProt,P03377,AVGIGALFLGFLGAAGSTMGARSX,24
1ET1,UniProt,P01270,SVSEIQLMHNLGKHLNSMERVEWLRKKLQDVHNF,34
2BTA,UniProt,P02730,MEELQDDYEDMMEENX,16
1OMQ,UniProt,P02833,RQIKIWFQNRRMKWKK,16
,UniProt,Q16665,SMDESGLPQLTSYDCEVNAPIQGSRNLLQGEELLRALDQVN,41
,UniProt,Q5SKU2,EVKSIKFRVKIDEHDYQTKLGHIKRFLQEGHKVKVTIMFRGREVAHPELGERILNRVTEDLKDLAVVEMKPEMLGRDMNMLLAPVKVSA,89
1F3M,UniProt,Q13153,KERPEISLPSDFEHTIHVGFDAVTGEFTGMPEQWARLLQTSNITKSEQKKNPQAVLDVLEFYNSKKTSNSQKYMSFTDKS,80
1XNL,UniProt,P03397,GPTARIFASILAPGVAAAQALREIERLAX,29
1C98,UniProt,P08949,GNLWATGHFMX,11
1D7N,UniProt,P01514,INLKALAALAKKILX,15
1KUW,UniProt,P10997,SNNFGAILSS,10
1LBJ,UniProt,P12872,FVPIFTYGELQRMQEKERNKGQ,22
1PXQ,UniProt,O07623,NKGCATCSIGAACLVDGPIPDFEIAGATGLFGLWG,35
,UniProt,P43133,VVGIGRDKLGKIFYRALTQYLTPTSNFSQLRAAAVQSATDLYGSTSQEVASVKQAFDAVGVK,62
1A2X,UniProt,P02586,TDQQAEARSYLSEEMIAEFKAAFDMFDADGGGDISVKELGTVMRMLGQTPTKEELDAIIEEVDEDGSGTIDFEEFLVMMVRQMKEDAKGKSEEELAECFRIFDRNADGYIDAEELAEIFRASGEHVTDEEIESLMKDGDKNNDGRIDFDEFLKMMEGVQ,159
,UniProt,P02643,GDEEKRNRAITARRQHLKSVMLQIAATELEKEEGRREAEKQNYLAEH,47
1PQ1,UniProt,Q64373,MSQSNRELVVDFLSYKLSQKGYSWSQFSDVEENRTEAPEETEAERETPSAINGNPSWHLADSPAVNGATGHSSSLDAREVIPMAAVKQALREAGDEFELRYRRAFSDLTSQLHITPGTAYQSFEQVVNELFRDGVNWGRIVAFFSFGGALCVESVDKEMQVLVSRIASWMATYLNDHLEPWIQENGGWDTFVDLYG,196
,UniProt,O54918,DLRPEIRIAQELRRIGDEFNETYTRRVFANDYR,33
1JAV,UniProt,P04624,KWASLWNWFNITNWLWYIKX,20
,UniProt,Q15788,HKILHRLLQEGSPS,14
1IIJ,UniProt,P06494,EQRASPVTFIIATVVGVLLFLILVVVVGILIKRRR,35
1E0A,UniProt,P60953,MQTIKCVVVGDGAVGKTCLLISYTTNKFPSEYVPTVFDNYAVTVMIGGEPYTLGLFDTAGLEDYDRLRPLSYPQTDVFLVCFSVVSPSSFENVKEKWVPEITHHCPKTPFLLVGTQIDLRDDPSTIEKLAKNKQKPITPETAEKLARDLKAVKYVECSALTQKGLKNVFDEAILAALEPPEPKK,184
,UniProt,P35465,GSISLPSDFEHTIHVGFDAVTGEFTGMPEQWARLLQTSNITKSEQK,46
1O06,UniProt,P40343,EEDPDLKAAIQESLREAEEA,20
,UniProt,O97428,DLPKVAENLKSQLEGFNQDKLKNAS,25
,UniProt,P03428,GGSMERIKELRNLMSQSRTREILTKTTVDHMAIIKKYTSG,40
1SOL,UniProt,P06396,KHVVPNEVVVQRLFQVKGRR,20
,UniProt,Q9RXY1,MAFPDTDVSPPRGGPSSPAKSPLLRSFKVKTYIPKNDEQNWVVVDASGVPLGRLATLIASRIRGKHRPDFTPNMIQGDFVVVINAAQVALTGKKLDDKVYTRYTGYQGGLKTETAREALSKHPERVIEHAVFGMLPKGRQGRAMHTRLKVYAGETHPHSAQKPQVLKTQPLEVK,174
,UniProt,Q9RXJ2,MIMPQSRLDVADNSGAREIMCIRVLNSGIGGKGLTTGGGGNKRYAHVGDIIVASVKDAAPRGAVKAGDVVKAVVVRTSHAIKRADGSTIRFDRNAAVIINNQGEPRGTRVFGPVARELRDRRFMKIVSLAPEVL,134
,UniProt,Q9RSK9,MKLHDLKPTPGSRKDRKRVGRGPGGTDKTAGRGHKGQKSRSGAGKGAFFEGGRSRLIARLPKRGFNNVGTTYEVVKLSQLQDLEDTTFDRDTLEAYRLVRRKNRPVKLLASGEISRAVTVHVDAASAAAIKAVEAAGGRVVLPEVQTQQDDAQKAE,156
,UniProt,Q9RXJ5,MLLPKRTKFRKQFRGRMTGDAKGGDYVAFGDYGLIAMEPAWIKSNQIEACRIVMSRHFRRGGKIYIRIFPDKPVTKKPAETRMGKGKGAVEYWVSVVKPGRVMFEVAGVTEEQAKEAFRLAGHKLPIQTKMVKREVYDEAQ,141
,UniProt,Q9RSJ5,MRHGKAGRKLNRNSSARVALARAQATALLREGRIQTTLTKAKELRPFVEQLITTAKGGDLHSRRLVAQDIHDKDVVRKVMDEVAPKYAERPGGYTRILRVGTRRGDGVTMALIELV,116
,UniProt,Q9RSL2,ATATTIRRKLRTRRKVRTTTAASGRLRLSVYRSSKHIYAQIIDDSRGQTLAAASSAALKSGNKTDTAAAVGKALAAAAAEKGIKQVVFDRGSYKYHGRVKALADAAREGGLDF,113
,UniProt,Q9RWB4,MQTHIKINRGELLRGIEQDHTRQLPDFRPGDTVRVDTKVREGNRTRSQAFEGVVIAINGSGSRKSFTVRKISFGEGVERVFPFASPLVNQVTIVERGKVRRAKLYYLRELRGKAARIKSDRSRVMKDAARAQQDKANASASQAAAAQADVTVISAAPEVAPETQGE,166
,UniProt,Q9RSW7,MPRAKTGIVRRRRHKKVLKRAKGFWGSRSKQYRNAFQTLLNAATYEYRDRRNKKRDFRRLWIQRINAGARLHGMNYSTFINGLKRANIDLNRKVLADIAAREPEAFKALVDASRNARQ,118
,UniProt,Q9RY64,MFAIIQTGGKQYRVSEGDVIRVESLQGEAGDKVELKALFVGGEQTVFGEDAGKYTVQAEVVEHGRGKKIYIRKYKSGVQYRRRTGHRQNFTAIKILGIQG,100
,UniProt,Q9RXJ7,MTAPEQTFRNKKQRKQQVKLRKPGFAVAKYVRMSPRKVRLVVDVIRGKSVQDAEDLLRFIPRSASEPVAKVLNSAKANALHNDEMLEDRLFVKEAYVDAGPTLKRLIPRARGSANIIKKRTSHITIIVAEKGNK,134
,UniProt,Q9RXK0,SHYDILQAPVISEKAYSAMERGVYSFWVSPKATKTEIKDAIQQAFGVRVIGISTMNVPGKRKRVGRFIGQRNDRKKAIVRLAEGQSIEALAGQA,94
,UniProt,Q9RXJ1,MPRPSAGSHHNDKLHFKKGDTVIVLSGKHKGQTGKVLLALPRDQKVVVEGVNVITKNVKPSMTNPQGGQEQRELALHASKVALVDPETGKATRVRKQIVDGKKVRVAVASGKTID,115
,UniProt,Q9RY65,MAHKKGVGSSKNGRDSNPKYLGVKKFGGEVVKAGNILVRQRGTKFKAGQGVGMGRDHTLFALSDGKVVFINKGKGARFISIEAAQTEVAAD,91
,UniProt,Q9RXJ4,MKPSEMRNLQATDFAKEIDARKKELMELRFQAAAGQLAQPHRVRQLRREVAQLNTVKAELARKGEQQ,67
,UniProt,Q9RSL0,MKIKLVRSVIGRPGNQVKTVQALGLRKIGDSREVSDTPAVRGMVKTVKHLLEVQE,55
,UniProt,Q9RW44,MQKDLHPKAVPCKIIYQGQVVMETMSTRPEIHVDVWSGVHPFWTGEERFLDTEGRVDKFNKRFGDSYRRGSKK,73
,UniProt,P49228,AKHPVPKKKTSKSKRDMRRSHHALTAPNLTECPQCHGKKLSHHICPNCGYYDGRQVLAV,59
,UniProt,Q9RSS4,MAKDGPRIIVKMESSAGTGFYYTTTKNRRNTQAKLELKKYDPVAKKHVVFREKKV,55
,UniProt,Q9RSH2,MKRTYQPNNRKRAKTHGFRARMKTKSGRNILARRRAKGRHQLTVSDE,47
,UniProt,Q9RSW6,PKMKTHKMAKRRIKITGTGKVMAFKSGKRHQNTGKSGDEIRGKGKGFVLAKAEWARMKLMLPRGK,65
,UniProt,Q9RSK0,MKVRSSVKKMCDNCKVVRRHGRVLVICSNVKHKQRQG,37
,UniProt,Q9RXJ0,MQQLKTKYNDQVRPALMQQFGYSSVMAVPRIEKIVVNEGLGSSKEDSKAIDKAAKELALITLQKPIITKAKKSISNFKLRQGMPVGIKVTLRGERMYVFLEKLINIGLPRIRDFRGINPNAFDGRGNYNLGIKEQLIFPEITYDMVDKTRGMDITIVTTAKTDEEARALLQSMGLPFRKQ,180
,UniProt,Q9RSL3,MSRIGKQPIAVPSGVTVNAQDGVFKVKGPKGELTVPYNTELTVRQDGDQLLVERPSDAQKHRALHGLTRTLVANAVKGVSDGYTINLELRGVGFRAKLTGKALEMNIGYSHPVIIEPPAGVTFAVPEPTRIDVSGIDKQLVGQVAANVRKVRKPDAYHGKGVRFVGEQIALKAGKAGATGGKGKK,185
,UniProt,Q9RY49,MQVILLEPSRLGKTGEVVSVKDGYARNWLIPQGLAVSATRTNMKTLEAQLRSIEKRQAQEKAVAEDLASRLNGVAVELSVRAGEGKIYGAVTHQDVANSLDQLGFDVDRRKIDMPKTVKEVGEYDIAYRAHPEVTIPMKLVVHAAK,146
,UniProt,Q9RSS7,MKKVAGIVKLQLPAGKATPAPPVGPALGQYGANIMEFTKAFNAQTADKGDAIIPVEITIYADRSFTFITKTPPMSYLIRKAAGIGKGSSTPNKAKVGKLNWDQVLEIAKTKMPDLNAGSVEAAANTVAGTARSMGVTVEGGPNA,144
2F9D,UniProt,Q9Y3B4,MAMQAAKRANIRLPPEVNRILYIRNLPYKITAEEMYDIFGKYGPIRQIRVGNTPETRGTAYVVYEDIFDAKNACDHLSGFNVCNRYLVVLYYNANRAFQKMDTKKKEEQLKLLKEKYGINTDPPK,125
,UniProt,O75533,GHIMSMTPEQLQAWRWEREIDERNRPLSDEELDAMFPEGYKVL,43
,UniProt,O74966,MSKAGAPDLKKYLDRQVFVQLNGSRKVYGVLRGYDIFLNIVLEDSIEEKVDGEKVKIGSVAIRGNSVIMIETLDKMT,77
,UniProt,P87051,MANVELQTSLGKILIELYTEHAPKTCQNFYTLAKEGYYDGVIFHRVIPDFVIQGGDPTGTGRGGTSIYGDKFDDEIHSDLHHTGAGILSMANAGPNTNSSQFFITLAPTPWLDGKHTIFGRVVSGLSVCKRMGLIRTDSSDRPIEPLKIIKAVAL,155
,UniProt,O74772,MPRLRTSRTKRPPDGFDEIEPTLIEFQDRMRQIENTMGKGTKTEMLAPIFQLHHQRSRYIYDLYYKREAISTELYNWLLKQNYADGNLIAKWKKPGYEKLCCLRCIQTAESKFGSTCICRVPKSKLDKDQRVRCTHCGCNGCASCD,146
,UniProt,Q9USV3,MSYNISLDSLPYFESTYNEEDRSAAAQIVEEELKRSGGLLIKQEEQKKKFQSHRLSDRLENAIVAAGKGEKLAAIDVQRYIQLKPPGTRESLLQSAVVWEYQKSRNDNLYLLEKHGEKAFDSSLEALEVQLELLEKELVNTKKLSQGCNRKRKHYQMEVGARLAEAEVKFGQLLQSSIQCRVATLLS,187
,UniProt,Q7LL14,MNQNTLYVNNLNDKINKNDLRTALYMLFSTYGTVVDIVALKTPKMRGQAHVVFFDPSAAAIAMKALKNFIFFGKEMKIQYAHSKSKIIERIVAENDSRGPLKRLRDEADLE,111
,UniProt,Q9UUC6,MSLCIKLLHETQGHIVTMELENGSTYRGKLIEAEDNMNCQMRDISVTARDGRVSHLDQVYIRGSHIRFLIVPDMLRNAPMFKVGPGRSVPLPTRGRR,97
,UniProt,Q10163,MGTTKMVSLLNHSLNVTTKDGRTFVGQLLAFDGFMNLVLSDCQEYRHIKKQNVPSNSVYEEKRMLGLVILRGEFIVSLSVQGPPPMDPSMRGSLLSGPGVARPAGRGIPLGQAPVGLAGPVRGVGYTAPPPPAGFGRGAPPPGFRPV,147
,UniProt,O42661,MKLVRFLMKLTNETVSIELKNGTIVHGTITSVDMQMNTHLKAVKMTVKGREPVPVETLSIRGNNIRYYILPDSLPLDTLLIDDSTKPKQKKKEVVRGRGRGRGRGTRGRGRGASRGF,117
,UniProt,O14036,MADLVDKPRSELSEIELARLEEYEFSAGPLSVLQQAVKNHDQVLINCRNNKKLLARVKAFDRHSNMVLENVKEMWTEKKRTASGKKGKAINKDRFISKMFLRGDGVVLVVRIPSA,115
,UniProt,Q9USZ3,MSGRVQKVMIPPINFIFKLLQQHTPVSIWLFEQTDIRLQGQIRGFDEFMNIVLDDAVQVDAKNNKRELGRILLKGDNITLIQAI,84
,UniProt,O59734,MSFVPVNPKPFLQGLIGKPVLVRLKWGQEYKGTLQSVDSYMNLQLLNAEELVDGVKTGDLGEILIRCNNVLWVGESTV,78
2EFA,UniProt,P01315,GIVEQCCTSICSLYQLENYCN,21
2AZE,UniProt,Q14186,GEFAQECQNLEVERQRRLERIKQKQSQLQELILQQIAFKNLVQRNRHAEQQASRPPPPNSVIHLPFIIVNTSKKTVIDCSISNDKFEYLFNFDNTFEIHDDIEVLKRMGMACGLESGSCSAEDLKMARSLVPKALEPYVTEMAQGTVGGVFITTA,155
,UniProt,Q01094,GSHMGGRLEGLTQDLRQLQESEQQLDHLMNICTTQLRLLSEDTDSQRLAYVTCQDLRSIADPAEQMVMVIKAPPETQLQAVDSSENFQISLKSKQGPIDVFLCPEE,106
,UniProt,P06400,SRILVSIGESFGTSEKFQKINQMVCNSDRVLKRSAEGSNPPKPLKK,46
