Entry,PDB,Sequence,Lenth,Kingdom,Organism,DBsource,Definition,PMD_ID,Title,Function,ShortFunction
P58488,1CHZ,VRDAYIAKPHNCVYECARNEYCNNLCTKNGAKSGYCQWSGKYGNGCWCIELPDNVPIRVPGKCH,64,Metazoa,Mesobuthus martensii (Manchurian scorpion) (Buthus martensii),UniprotKB,Alpha-like toxin BmK M2 (BmK-M2) (BmKM2),10666623,reviewed,"FUNCTION: Alpha toxins bind voltage-independently at site-3 of sodium channels (Nav) and inhibit the inactivation of the activated channels, thereby blocking neuronal transmission. This toxin is active against both mammals and insects, and is classified as an alpha-like toxin. {ECO:0000305|PubMed:10666623}.",mammalian and insect Nav inhibitor
P45697,1DJT 1SN1 1T7A 1T7B 1T7E 1ZU3 1ZUT 1ZVE 1ZVG 1ZYV 1ZYW,MNYLVMISFALLLMTGVESVRDAYIAKPHNCVYECARNEYCNDLCTKNGAKSGYCQWVGKYGNGCWCIELPDNVPIRVPGKCHR,84,Metazoa,Mesobuthus martensii (Manchurian scorpion) (Buthus martensii),UniprotKB,Alpha-like toxin BmK M1 (BmK-M1) (BmKM1) (BmK-I) (BmK I) (BmKI) (BmK1),9248001; 8896191; 11322948; 12705833; 12692120; 14554105; 15677695; 16229835; 19162162; 20678086; 10089445; 10493862; 15321715; 16209876,reviewed,"FUNCTION: Alpha toxins bind voltage-independently at site-3 of sodium channels (Nav) and inhibit the inactivation of the activated channels thereby blocking neuronal transmission. This toxin is active against both mammals and insects, and is classified as an alpha-like toxin. It is active on Nav1.2/SCN2A (EC(50)=139-252 nM), Nav1.3/SCN3A (EC(50)=565 nM), Nav1.4/SCN4A and Nav1.5/SCN5A (EC(50)=195-500 nM), Nav1.6/SCN8A (EC(50)=214 nM), and drosophila DmNav1 (EC(50)=30 nM) (PubMed:11322948, PubMed:12705833, PubMed:15677695, PubMed:19162162, PubMed:20678086). In mNav1.6/SCN8A, the toxin induces a large increase in both transient and persistent currents, which correlates with a prominent reduction in the fast component of inactivating current (PubMed:20678086). In rNav1.2/SCN2A and rNav1.3/SCN3A, toxin-increased currents is much smaller (PubMed:19162162, PubMed:20678086). Moreover, the toxin only accelerates the slow inactivation development and delay recovery of mNav1.6/SCN8A through binding to the channel in the open state (PubMed:20678086). Is 6-fold more toxic than BmK-M2. In vivo, intrahippocampal injection into rat induces epileptiform responses (PubMed:16229835). In addition, intraplantar injection into rat induces spontaneous nociception and hyperalgesia (PubMed:14554105). {ECO:0000269|PubMed:11322948, ECO:0000269|PubMed:12705833, ECO:0000269|PubMed:14554105, ECO:0000269|PubMed:15677695, ECO:0000269|PubMed:16229835, ECO:0000269|PubMed:19162162, ECO:0000269|PubMed:20678086}.",mammalian and insect Nav inhibitor
P0C1Z3,1WQC 1WQD,DPCYEVCLQQHGNVKECEEACKHPVEY,27,Metazoa,Opisthacanthus madagascariensis (Scorpion),UniprotKB,Potassium channel toxin kappa-KTx 2.2 (Toxin OmTx2) [Cleaved into: Potassium channel toxin kappa-KTx 2.1 (Toxin OmTx1); Potassium channel toxin kappa-KTx 2.4 (Toxin OmTx4)],15631621; 22305749,reviewed,FUNCTION: OmTx1 decreases the amplitude of the potassium current of the rat channels Kv1.1/KCNA1 by 17% and Kv1.2/KCNA2 by 12% as well as human Kv1.3/KCNA3 by 24%. {ECO:0000269|PubMed:15631621}.; FUNCTION: OmTx2 decreases the amplitude of the potassium current of the rat channels Kv1.1/KCNA1 by 8% and Kv1.2/KCNA2 by 10% as well as human Kv1.3/KCNA3 by 36%. Also alters glucose-induced insulin release from pancreatic islets. {ECO:0000269|PubMed:15631621}.,Kav inhibitor
P0C1Z4,1WQE,NDPCEEVCLQHTGNVKACEEACQ,23,Metazoa,Opisthacanthus madagascariensis (Scorpion),UniprotKB,Potassium channel toxin kappa-KTx 2.3 (Toxin OmTx3),15631621; 22305749,reviewed,FUNCTION: Decreases the amplitude of the potassium current of the rat channels Kv1.1/KCNA1 by 33% and Kv1.2/KCNA2 by 8% as well as human Kv1.3/KCNA3 by 70%. {ECO:0000269|PubMed:15631621}.,Kav inhibitor
P0C195,2LXG 6J8E 7SAV 7SAW,KRNGCCNCSSKWCRDHSRCCGR,22,Metazoa,Conus kinoshitai (Kinoshita's cone),UniprotKB,Mu-conotoxin KIIIB [Cleaved into: Mu-conotoxin KIIIA],15882064; 17724025; 18950653; 19221510; 21781281; 21709136; 21652775; 23146020; 25658507; 19170536; 23167564; 30765605; 35167877,reviewed,"FUNCTION: Mu-conotoxin KIIIA-P1: mu-conotoxins block voltage-gated sodium channels (Nav). This toxin potently blocks Nav1.2/SCN2A (IC(50)5-124 nM), Nav1.4/SCN4A (IC(50)=20-90 nM), and Nav1.7/SCN9A (IC(50)=290-413 nM) (PubMed:17724025, PubMed:19221510, PubMed:21781281, PubMed:21709136, PubMed:21652775, PubMed:23146020, PubMed:25658507, PubMed:35167877). It moderately blocks Nav1.1/SCN1A, and mNav1.6/SCN8A (PubMed:17724025, PubMed:21781281, PubMed:21709136, PubMed:21652775, PubMed:23146020, PubMed:25658507, PubMed:35167877). It also shows a very low activity on Nav1.3/SCN3A (PubMed:17724025, PubMed:21781281). This toxin binds a microsite within the pore different from the tetrodotoxin binding site 1 (tested on Nav1.2) (PubMed:19221510). The block is partial, with a residual current that can be completely blocked by TTX (PubMed:19221510). The toxin probably docks at a more superficial site in the outer vestibule of the channel than does TTX (PubMed:19221510). On rNav1.2/SCN2A, it produces a block that is only partially reversible. The block of Nav1.7 is modified when beta-subunits are coexpressed with the alpha subunit (PubMed:23146020). Hence, blocks of channels containing beta-1 and beta-3 subunits are more potent (compared to channels without beta subunits), whereas blocks of channels containing beta-2 and beta-4 subunits are less potent (compared to channels without beta subunits) (PubMed:23146020). {ECO:0000269|PubMed:15882064, ECO:0000269|PubMed:17724025, ECO:0000269|PubMed:18950653, ECO:0000269|PubMed:19221510, ECO:0000269|PubMed:21652775, ECO:0000269|PubMed:21709136, ECO:0000269|PubMed:21781281, ECO:0000269|PubMed:23146020, ECO:0000269|PubMed:25658507}.; FUNCTION: Mu-conotoxin KIIIA-P2: This toxin potently blocks Nav1.2/SCN2A (Kd=230 nM, IC(50)=1.37 uM) and Nav1.4/SCN4A (Kd=830 nM, IC(50)=2 uM). It also moderately blocks Nav1.7/SCN9A (Kd=1.57 uM, IC(50)=5.4 uM) (PubMed:35167877, PubMed:23167564). In addition, this toxin may also inhibit other sodium channels, as does Mu-conotoxin KIIIA-P1 (PubMed:23167564). {ECO:0000269|PubMed:23167564, ECO:0000269|PubMed:35167877}.; FUNCTION: Mu-conotoxin KIIIA-N: This toxin moderately blocks Nav1.2/SCN2A (IC(50)=875 nM), Nav1.4/SCN4A (IC(50)=472 nM), and Nav1.7/SCN9A (IC(50)=887 nM) (PubMed:35167877). {ECO:0000269|PubMed:35167877}.; FUNCTION: Mu-conotoxin KIIIB-P1: This toxin potently blocks Nav1.2/SCN2A (Kd=470 nM). In addition, this toxin may also inhibit other sodium channels, as does Mu-conotoxin KIIIA-P1. {ECO:0000269|PubMed:23167564}.; FUNCTION: Mu-conotoxin KIIIB-P2: This toxin potently blocks Nav1.2/SCN2A (Kd=26 nM). In addition, this toxin may also inhibit other sodium channels, as does Mu-conotoxin KIIIA-P1. {ECO:0000269|PubMed:23167564}.",VGSC inhibitor
C0HJY4,2NBC,WCASGCRKKRHGGCSC,16,Metazoa,Anochetus emarginatus (Ant) (Stenomyrmex emarginatus),UniprotKB,U1-poneritoxin-Ae1a (U1-PONTX-Ae1a) (Poneratoxin),27474999,reviewed,"FUNCTION: Weakly inhibits human L-type voltage-gated calcium channel Cav1 (CACNA1S, CACNA1C, CACNA1D, CACNA1F) (IC(50)=4.6 uM). In vivo, it induces reversible paralysis in blowfly L.cuprina. {ECO:0000269|PubMed:27474999}.",insect Cav inhibitor
A0A2L1DGG0,6WQR,MRTLLVFLLLAIFVAVLIGNVQVEAACKEYWECGAFLFCIEGICVPMIG,49,Metazoa,Haemadipsa sylvestris (Indian leech),UniprotKB,Peptide HSTX-I,29559913; 32524995,reviewed,"FUNCTION: Leech salivary gland peptide with unknown function (PubMed:32524995). It was originally described as exhibiting analgesic function by specifically inhibiting rodent Nav1.8/SCN10A and Nav1.9/SCN11A voltage-gated sodium channels, as well as showing analgesic activities in several mouse models (PubMed:29559913). In a second study, the synthetic peptide has been shown as having very weak activity on Nav1.8/SCN10A at the highest concentration tested (90 uM) and as being only very modestly active at hNav1.9/SCN11A, with a modest peak current size reduction (~19%) at high concentrations (10 uM) (PubMed:32524995). In addition, this second study reports no analgesic activity in a mouse model of inflammatory pain (PubMed:32524995). {ECO:0000269|PubMed:29559913, ECO:0000269|PubMed:32524995}.",mammalian Nav inhbitor
P83257,1V91,ACVGDGQRCASWSGPYCCDGYYCSCRSMPYCRCRNNS,37,Metazoa,Pireneitega luctuosa (Tangled nest spider) (Paracoelotes luctuosus),UniprotKB,Delta-amaurobitoxin-Pl1b (Delta-AMATX-Pl1b) (Delta-palutoxin IT2) (Delta-paluIT2),10971590; 15683238; 15726637,reviewed,"FUNCTION: Insecticidal toxin. Lethal to lepidopteran larvae. No adverse affects when intracerebroventricularly injected in mice at a dose of 0.2 ug but causes reversible paralysis of legs when injected intracerebroventricularly in mice at a dose of 2.0 ug. Binds to site 4 of insect voltage-gated sodium channel (Nav) and inhibits channel inactivation. {ECO:0000269|PubMed:10971590, ECO:0000269|PubMed:15683238}.",insectcidal mammalian VGSC inhibitor
P31328,2E2S,GGCLPHNRFCNALSGPRCCSGLKCKELSIWDSRCL,35,Metazoa,Allagelena opulenta (Funnel weaving spider) (Agelena opulenta),UniprotKB,U2-agatoxin-Aop1a (U2-AGTX-Aop1a) (Agelenin),1421801; 17644092,reviewed,"FUNCTION: Insect-selective toxin causing rapid but reversible paralysis in crickets. Suppresses the excitatory postsynaptic potentials evoked in lobster neuromuscular synaptic preparations, possibly by blocking the presynaptic calcium channel (Cav). Induces instantaneous reversible paralysis when injected into crickets. {ECO:0000269|PubMed:17644092}.",insect Cav inhibitor
C1J5M6,2LO9 2LOC,MMSKLGVLLTICLLLFPLFALPQDGDQPADRPAERMQDDISSEQNPLLEKRVGERCCKNGKRGCGRWCRDHSRCCGRR,78,Metazoa,Conus bullatus (Bubble cone),UniprotKB,Mu-conotoxin BuIIIB (Conotoxin Bu16),18950653; 21266071; 21652775; 25632083; 23557677,reviewed,"FUNCTION: Mu-conotoxins block voltage-gated sodium channels (Nav). This synthetic toxin potently blocks rNav1.4/SCN4A (Kd=0.34-3.6 nM), rNav1.2/SCN2A (Kd=13 nM), rNav1.3/SCN3A (Kd=200 nM), rNav1.1/SCN1A (Kd=360 nM), mNav1.6/SCN8A (IC(50)=1.8 uM), rNav1.5/SCN5A (IC(50)=9 uM), rNav1.6/SCN8A (IC(50)>30 uM) (PubMed:18950653, PubMed:21652775, PubMed:25632083, PubMed:23557677). It is noteworthy that the toxin is 50-fold more potent on mouse Nav1.6 than on rat Nav1.6 (PubMed:25632083). The block of SCN4A is very slowly reversible (PubMed:18950653). {ECO:0000269|PubMed:18950653, ECO:0000269|PubMed:21652775, ECO:0000269|PubMed:23557677, ECO:0000269|PubMed:25632083}.",VGSC inhibitor
P0C1Y9,1FAS,TMCYSHTTTSRAILTNCGENSCYRKSRRHPPKMVLGRGCGCPPGDDYLEVKCCTSPDKCNY,61,Metazoa,Dendroaspis angusticeps (Eastern green mamba) (Naja angusticeps),UniprotKB,Fasciculin-1 (Fas-1) (Fas1) (Fasciculin-I) (FAS-I) (Toxin TA1),6530667; 2254925; 1429564,reviewed,"FUNCTION: Interferes with neuromuscular transmission by inhibiting the enzyme acetylcholinesterase (AChE) present at the neuromuscular junction. It selectively binds and inhibits with a 1:1 stoichiometry the mammalian and electric fish AChE at picomolar concentrations. It is highly specific for the peripheral site of AChE and blocks the entry of acetylcholine into the active site of the enzyme, thereby preventing its breakdown. It has been called fasciculin since after injection into mice it causes severe, generalized and long-lasting (5-7 hours) fasciculations. {ECO:0000269|PubMed:6530667}.",AchE inhibitor
P01524,1GIB,RDCCTPPRKCKDRRCKPMKCCA,22,Metazoa,Conus geographus (Geography cone) (Nubecula geographus),UniprotKB,Mu-conotoxin GIIIB (Geographutoxin II) (GTx-II) (Myotoxin II),2410412; 6852238; 8688418,reviewed,FUNCTION: Mu-conotoxins block voltage-gated sodium channels (Nav). {ECO:0000250|UniProtKB:P01523}.,VGSC inhibitor
P56636,1M2C 1M2C 1MII 2AJW 2AK0,MGMRMMFTVFLLVVLATTVVSFPSDRASDGRNAAANDKASDVITLALKGCCSNPVCHLEHSNLCGRRR,68,Metazoa,Conus magus (Magical cone),UniprotKB,Alpha-conotoxin MII (Alpha-Ctx MII) (Alpha-MII),14701840; 12114524; 8631783; 11044728; 15044624; 15929983; 16964981; 15005608; 20145249; 25466886; 32272633; 33523678; 9398298; 9843366; 16162671,reviewed,"FUNCTION: Alpha-conotoxins bind to the nicotinic acetylcholine receptors (nAChR) and inhibit them. This toxin blocks neuronal mammalian nAChRs (alpha-6/alpha-3-beta-2-beta-3 (0.39 nM) > alpha-3-beta-2/CHRNA3-CHRNB2 > alpha-3-beta-4/CHRNA3-CHRNB4 = alpha-4-beta-2/CHRNA4-CHRNB2) (PubMed:15005608, PubMed:20145249). Also exhibits inhibition of D.melanogaster alpha-7/CHRNA7 nAChRs (PubMed:25466886). In addition, inhibits alpha-6/alpha-3-beta-4 (CHRNA6/CHRNA3-CHRNB4) nAChR with a higher potency on human (IC(50)=1.49 nM) than on rat receptors (IC(50)=31.5 nM) (PubMed:33523678). Its binding to alpha-3-beta-2/CHRNA3-CHRNB2 nAChR is prevented by alpha-conotoxin Lt1a, suggesting that the two toxins have overlapping binding sites (PubMed:20145249). In addition, both toxins have distinct nAChR binding mode (PubMed:20145249). In vivo, inhibits Ehrlich carcinoma growth and increase mouse survival (PubMed:32272633). These effects are greatly enhanced when the toxin is applied with the non-selective cyclooxygenase inhibitor indomethacin (PubMed:32272633). {ECO:0000269|PubMed:11044728, ECO:0000269|PubMed:15005608, ECO:0000269|PubMed:15044624, ECO:0000269|PubMed:15929983, ECO:0000269|PubMed:16964981, ECO:0000269|PubMed:20145249, ECO:0000269|PubMed:25466886, ECO:0000269|PubMed:32272633, ECO:0000269|PubMed:33523678, ECO:0000269|PubMed:8631783}.",nAChR inhibitor 
P83476,2N9T 5O0U 5TCZ 6MK4 6N4I 6N4Q 6N4R,YCQKWMWTCDSERKCCEGMVCRLWCKKKLW,30,Metazoa,Thrixopelma pruriens (Peruvian green velvet tarantula),UniprotKB,Beta/omega-theraphotoxin-Tp2a (Beta/omega-TRTX-Tp2a) (Protoxin-2) (ProTx-2) (ProTx2) (Protoxin-II) (PT-II) (ProTx-II),12475222; 15632158; 17339321; 17087985; 18156314; 18728100; 18657562; 20855463; 20600227; 24297919; 24886690; 26843868; 25658507; 26894959; 28045073; 31234412; 25026046; 27311819; 30661758; 30765606,reviewed,"FUNCTION: Gating-modifier toxin that targets voltage-gated sodium channels with a selective activity on Nav1.7/SCN9A (IC(50)=1-1.5 nM) (PubMed:25026046, PubMed:31234412). It inhibits both activation and inactivation (PubMed:20855463). For inhibition of activation, it is 100-fold more selective for Nav1.7/SCN9A (IC(50)=0.26-3) than for other sodium channels (Nav1.2/SCN2A (IC(50)=40-540 nM), Nav1.3/SCN3A (IC(50)=102 nM), Nav1.4/SCN4A (IC(50)=30-39 nM), Nav1.5/SCN5A (IC(50)=19-90 nM), Nav1.6/SCN8A (IC(50)=26 nM), and Nav1.8/SCN10A (IC(50)=146 nM)) (PubMed:12475222, PubMed:17087985, PubMed:18156314, PubMed:18728100, PubMed:20855463, PubMed:25658507, PubMed:27311819, PubMed:30661758). For inhibition of inactivation, it is 20-fold more potent in inhibiting inactivation on Nav1.7/SCN9A (IC(50)=250 nM) than other channels (about 4.6 uM for all channels) (PubMed:20855463). It also weakly inhibits Cav1.2/CACNA1C and Cav3.2/CACNA1H (29% block at 1 uM) (PubMed:17087985, PubMed:20600227, PubMed:24886690). It inhibits Nav1.7/SCN9A activation by interacting with DII and impairs Nav1.7/SCN9A inactivation by interacting with DIV (PubMed:20855463). It docks on top of the DII S3 helix Nav1.7/SCN9A (PubMed:30661758, PubMed:30765606). It is about 60-fold less active on Nav1.7/SCN9A at depolarized potential (0 mV; IC(50)=15 nM), compared to -120 mV potential (IC(50)=0.26 nM) (PubMed:30661758). This toxin binds to lipid membrane (PubMed:15632158, PubMed:27311819). This ability correlates with hNav1.7/SCN9A inhibition, showing that membrane binding is the first step in the inhibitory mechanism of this toxin (PubMed:27311819). It inhibits Nav1.2/SCN2A less potently when it is coexpressed with SCN2B or SCN4B than when it is expressed alone, showing that beta subunits (SCN2B and SCN4B) have a protective effect (PubMed:24297919, PubMed:26894959). {ECO:0000269|PubMed:12475222, ECO:0000269|PubMed:15632158, ECO:0000269|PubMed:17087985, ECO:0000269|PubMed:17339321, ECO:0000269|PubMed:18156314, ECO:0000269|PubMed:18657562, ECO:0000269|PubMed:18728100, ECO:0000269|PubMed:20855463, ECO:0000269|PubMed:24886690, ECO:0000269|PubMed:25658507, ECO:0000269|PubMed:26894959, ECO:0000269|PubMed:27311819, ECO:0000269|PubMed:30765606}.",VGSC inhibitor
A0A3F2YLP5,5WLX,GDCHKFLGWCRGEKDPCCEHLTCHVKHGWCVWDGTI,36,Metazoa,Avicularia aurantiaca (Yellow-banded pinktoe tarantula),UniprotKB,Kappa-theraphotoxin-Aa1a (Kappa-TRTX-Aa1a),30149017,reviewed,"FUNCTION: Selective inhibitor of voltage-gated potassium channel Kv10.1/KCNH1/EAG1 (IC(50)=637 nM). It acts by shifting the voltage dependence of channel activation in a depolarising direction. It shows a 100% inhibition at saturating concentrations, shows fast on-rates and is reversible. It also slightly affects channel inactivation, when the membrane is highly depolarised (>+80 mV). {ECO:0000269|PubMed:30149017}.",Kav inhibitor
P01523,1TCG 1TCG 1TCH 1TCJ 1TCK,MMSKLGVLLTICLLLFPLTALPMDGDEPANRPVERMQDNISSEQYPLFEKRRDCCTPPKKCKDRQCKPQRCCAGR,75,Metazoa,Conus geographus (Geography cone) (Nubecula geographus),UniprotKB,Mu-conotoxin GIIIA (G3.9) (Geographutoxin I) (GTx-I) (Myotoxin I),24662800; 15924437; 2410412; 6852238; 2338142; 1654319; 1326324; 10627583; 18189422; 18950653; 21652775; 30360356; 1991506; 2069951; 1335283,reviewed,"FUNCTION: Mu-conotoxins block voltage-gated sodium channels (Nav). This toxin potently blocks rat Nav1.4/SCN4A (IC(50)= 19-110 nM) (PubMed:1654319, PubMed:1326324, PubMed:10627583, PubMed:21652775, PubMed:30360356). It also moderately blocks rNav1.1/SCN1A (Kd=260 nM), rNav1.2/SCN2A (IC(50)=2.7-17.8 uM), and mNav1.6/SCN8A (IC(50)=680 nM) (PubMed:10627583, PubMed:21652775). The inhibition is reversible. In vivo, induces paralysis to an isolated skeletal muscle preparation from frog (cutaneous pectoralis) within a few minutes (PubMed:2410412). {ECO:0000269|PubMed:10627583, ECO:0000269|PubMed:18950653, ECO:0000269|PubMed:21652775, ECO:0000269|PubMed:2410412, ECO:0000269|PubMed:30360356}.",VGSC inhibitor
P81755,1WCT,MRCFPVFIILLLLIASAPCFDARTKTDDDVPLSSLRDNLKRTIRTRLNIRECCEDGWCCTAAPLTGR,67,Metazoa,Conus textile (Cloth-of-gold cone),UniprotKB,Epsilon-conotoxin TxVA (Epsilon-TxIX) (Tx-012) (Tx5.2) (tx5a),10521453; 11158371; 10318957; 10679974,reviewed,"FUNCTION: Epsilon-conotoxins act at presynaptic membranes, blocking the calcium channels or G protein-coupled receptors. Causes hyperactivity upon intracranial injection into mice. Causes dorsal fins drooping in fish. {ECO:0000269|PubMed:10318957}.",Possible ion channel inhibitor
P86899,2LAM,MAYVRLTSLAVLFFLAASVMKTEGGLPTCGETCTLGTCYVPDCSCSWPICMKNHIIAANAKTVNEHRLLCTSHEDCFKKGTGNYCASFPDSNIHFGWCFHAESEGYLLKDFMNMSKDDLKMPLESTN,127,Viridiplantae,Clitoria ternatea (Butterfly pea),UniprotKB,Cyclotide cter-M,21593408,reviewed,"FUNCTION: Probably participates in a plant defense mechanism. Displays insecticidal activity against H.armigera. Has weak hemolytic activity. Binds to phospholipid membranes. {ECO:0000255|PROSITE-ProRule:PRU00395, ECO:0000269|PubMed:21593408}.",insectcidal
P86405,2LKB,MNYLILISFALLVITGVESARDAYIAKPHNCVYECFDAFSSYCNGVCTKNGAKSGYCQILGTYGNGCWCIALPDNVPIRIPGKCHR,86,Metazoa,Mesobuthus eupeus (Lesser Asian scorpion) (Buthus eupeus),UniprotKB,Sodium channel neurotoxin MeuNaTxalpha-5,21969612,reviewed,"FUNCTION: Alpha toxins bind voltage-independently at site-3 of sodium channels (Nav) and inhibit the inactivation of the activated channels, thereby blocking neuronal transmission. This toxin inhibits inactivation of Nav1.6/SCN8A (EC(50)=790 nM) and drosophila DmNav1 (EC(50)=280 nM) (PubMed:21969612, Ref.2). The toxin (1 uM) does not significantly shift the midpoint of activation at the two channels, but induces a significant depolarizing shift in the V(1/2) of inactivation of the channels (PubMed:21969612). Has antimicrobial activity (Ref.2). {ECO:0000269|PubMed:21969612, ECO:0000269|Ref.2}.",Nav inhibitor
Q4PN35,2NDI,MNKFTVALVSTLLLGMLRITVSAQPLENEAVSADEPSAGGKLCSENGDCAADECCVDTVFEGDMVTRSCEKTTGNFTECPGLTPIAKK,88,Metazoa,Ixodes scapularis (Black-legged tick) (Deer tick),UniprotKB,Sodium channel inhibitor ISTX-I,16431279; 27407029,reviewed,"FUNCTION: By inhibiting Nav1.7/SCN9A sodium channel, may prevent signal transmission caused by tick penetration and the blood taken, allowing the tick to avoid discovery (PubMed:27407029). Weakly and specifically inhibits Nav1.7/SCN9A (IC(50)=1.6 uM) (PubMed:27407029). Significantly shifts the steady-state inactivation curve of the Nav1.7/SCN9A in the hyperpolarized direction (PubMed:27407029). Does not induce changes to I-V curve and conductance-voltage relationship (PubMed:27407029). {ECO:0000269|PubMed:27407029}.",Nav inhibitor
Q2PAY4,6CGW 6CHC 6CNU,MKASVFAVILGLVVLCACSFAEDEQDQFVSPNELLKSMFVESRHEFTPEVEGRYCQKWMWTCDSKRACCEGLRCKLWCRKIIG,83,Metazoa,Chilobrachys guangxiensis (Chinese earth tiger tarantula) (Chilobrachys jingzhao),UniprotKB,Beta/kappa-theraphotoxin-Cg2a (Beta/kappa-TRTX-Cg2a) (Beta-theraphotoxin-Cj2a) (Jingzhaotoxin-5) (Jingzhaotoxin-V) (JZTX-V) (Peptide F8-15.73),17157888; 17476710; 20571743; 17150181; 18581053; 25055801; 29723257,reviewed,"FUNCTION: This gating-modifier toxin shows an important inhibitory activity on sodium channels (PubMed:29723257). It is very active on Nav1.7/SCN9A (IC(50)~0.6 nM), and also shows activity on Nav1.3/SCN3A (IC(50)=292 nM), Nav1.4/SCN4A (IC(50)=2.2-159 nM), and Nav1.5/SCN5A (IC(50)=2.3-2.9 uM) (PubMed:25055801, PubMed:29723257). It has also been shown to inhibit tetrodotoxin (TTX)-resistant (IC(50)=27.6 nM) and TTX-sensitive (IC(50)=30.2 nM) sodium channels in rat dorsal root ganglion neurons (PubMed:17157888). Lower inhibitory activity has also been shown on potassium channels: Kv4.2/KCND2 (IC(50)=604.2 nM), Kv4.3/KCND3 (IC(50)=425.1 nM), and Kv2.1/KCNB1 (IC(50)=14.3 uM) (PubMed:17157888, PubMed:20571743, PubMed:17150181). It binds to phospholipid membranes. Like its analog AM-8145, it may act by interacting only with the second voltage-sensor domain of Nav1.7/SCN9A (Probable). {ECO:0000269|PubMed:17150181, ECO:0000269|PubMed:17157888, ECO:0000269|PubMed:18581053, ECO:0000269|PubMed:20571743, ECO:0000269|PubMed:29723257}.",Nav and Kav inhibitor
Q9NJP7,1DU9,MSRLFTLVLIVLAMNVMMAIISDPVVEAVGCEECPMHCKGKNAKPTCDDGVCNCNV,56,Metazoa,Mesobuthus martensii (Manchurian scorpion) (Buthus martensii),UniprotKB,Potassium channel toxin alpha-KTx 9.1 (BmKK6) (Toxin Kk6) (Neurotoxin BmP02),10471839; 9151979; 22511981; 11076505,reviewed,"FUNCTION: Blocks small conductance calcium-activated potassium channels (KCNN, SK). Weakly inhibits the Kv7.1/KCNQ1 channel (10 uM of the toxin inhibits currents by 23.3%). Low toxicity by intracerebroventricular injection into mice. {ECO:0000269|PubMed:22511981}.",mammalian kav inhibitor
P58779,1I6F 1I6G 1NH5,KDGYPVDSKGCKLSCVANNYCDNQCKMKKASGGHCYAMSCYCEGLPENAKVSDSATNIC,59,Metazoa,Centruroides sculpturatus (Arizona bark scorpion),UniprotKB,Alpha-like toxin CsEv5 (CsE v5) (CsE-v5),1926166; 11444973; 11133274,reviewed,"FUNCTION: Binds voltage-independently sodium channels (Nav) and inhibits the inactivation of the activated channels, thereby blocking neuronal transmission. Is highly toxic to insects and barely toxic to mammals. As it does not compete with the classical alpha-toxin AaH2, this toxin is considered as an alpha-like toxin. {ECO:0000269|PubMed:11444973}.",mammalian and insect Nav inhibitor
P56633,1AV3 1KCP 2N8E,MKLTCVVIVVVLFLTACQLITADDSRRTQKHRALRSTTKLSLSTRCRIPNQKCFQHLDDCCSRKCNRFNKCV,72,Metazoa,Conus purpurascens (Purple cone),UniprotKB,Kappa-conotoxin PVIIA (CGX-1051) (Fin-popping peptide),9417043; 12074021; 10398696; 10818087; 11820396; 12023223; 15869307; 16044024; 23398369; 27093300; 9438859; 9548922,reviewed,"FUNCTION: Kappa-conotoxins bind and inhibit voltage-gated potassium channels (Kv). This toxin inhibits the drosophila Shaker channel (IC(50)=57-80 nM) (PubMed:12074021, PubMed:10818087, PubMed:27093300). In vivo, when tested in fish, this toxin induces hyperactivity, followed by continuous contraction and extension of major fins, without immobilization or death (PubMed:9417043, PubMed:12074021). Injection of this peptide together with the delta-conotoxin PVIA causes the sudden tetanus of prey (STOP) syndrome, which is a single, lethal 'fin-pop' in envenomed fish (PubMed:9417043, PubMed:12074021). When tested in mice, induces hyperactivity (PubMed:9417043). {ECO:0000269|PubMed:10398696, ECO:0000269|PubMed:10818087, ECO:0000269|PubMed:12023223, ECO:0000269|PubMed:12074021, ECO:0000269|PubMed:27093300, ECO:0000269|PubMed:9417043}.",Kav inhibitor
P24662,1KTX 1XSW 2KTX 2UVS 3ODV,GVEINVKCSGSPQCLKPCKDAGMRFGKCMNRKCHCTPK,38,Metazoa,Androctonus mauritanicus mauritanicus (Scorpion),UniprotKB,Potassium channel toxin alpha-KTx 3.1 (Kaliotoxin) (KTX) (Kaliotoxin-1) (KTX-1),1730708; 7517498; 20007782; 31276191; 7524673; 9262650; 15744789; 16612389,reviewed,"FUNCTION: Potent inhibitor voltage-gated potassium channels Kv1.3/KCNA3 (Kd=0.65 nM) and Kv1.1/KCNA1 (Kd=41 nM) (PubMed:7517498). It appears to block channel activity by a simple bimolecular inhibition process. Induces a transient period of fast flickering in the channel openings, followed by an almost complete blockade of the channel. Its binding affinity to rat brain synaptosomes is 5-fold higher than this of KTX-3. Binding of the toxin to the channel is associated with significant structural rearrangements in both molecules. It also shows a weak interaction with nicotinic acetylcholine receptors (nAChR), suggesting it may weakly inhibit it (PubMed:31276191). {ECO:0000269|PubMed:1730708, ECO:0000269|PubMed:7517498}.",Kav and nAChR inhibitor
P50984,1PEN 2BR8 7N1Z,GCCSLPPCAANNPDYC,16,Metazoa,Conus pennaceus (Feathered cone) (Conus episcopus),UniprotKB,Alpha-conotoxin PnIA (Alpha-PnIA),8068627; 10226369; 10545176; 12734390; 15929983; 17660751; 19131337; 22024738; 25101833; 30025921; 32272633; 8740364; 34671739,reviewed,"FUNCTION: Alpha-conotoxins act on postsynaptic membranes, they bind to the nicotinic acetylcholine receptors (nAChR) and thus inhibit them. This toxin blocks mammalian alpha-3-beta-2/CHRNA3-CHRNB2 (IC(50)=7-68 nM) and alpha-7/CHRNA7 (IC(50)=253 nM) nAChRs (PubMed:8068627, PubMed:10545176, PubMed:15929983, PubMed:22024738, PubMed:25101833). It also shows a high inhibition on alpha-6/alpha-3-beta-2-beta-3 (CHRNA6/CHRNA3-CHRNB2-CHRNB3) (IC(50)=11 nM) and a low inhibition on alpha-6-beta-4/CHRNA4-CHRNB4 (IC(50)>500 nM) (PubMed:22024738). It interacts with a hydrophobic pocket between two acetylcholine receptor subunits. In vivo, inhibits Ehrlich carcinoma growth and increase mouse survival (PubMed:32272633). These effects are greatly enhanced when the toxin is applied with the selective 12-lipoxygenase inhibitor baicalein (PubMed:32272633). {ECO:0000269|PubMed:10545176, ECO:0000269|PubMed:12734390, ECO:0000269|PubMed:15929983, ECO:0000269|PubMed:22024738, ECO:0000269|PubMed:25101833, ECO:0000269|PubMed:8068627}.",mammalian nAChR
Q9U8D2,1WM7,MSRLYAIILIALVFNVVMTITPDMKVEAATCEDCPEHCATQNARAKCDNDKCVCEPK,57,Metazoa,Mesobuthus martensii (Manchurian scorpion) (Buthus martensii),UniprotKB,Potassium channel toxin alpha-KTx 8.2 (Neurotoxin BmP01),10386622; 26389953; 9151979; 11027603; 20889474; 22511981,reviewed,"FUNCTION: This toxin inhibits rKv1.1/KCNA1 (100% inhibition at 3 uM), Kv1.3/KCNA3 (human, mouse and rat) (IC(50)=269-467 nM), shaker IR (60% at 3 uM) and activates the mouse capsaicin receptor TRPV1 (EC(50)=132 uM, at 20 degrees Celsius), a non-selective cation channel expressed by sensory neurons of the pain pathway (PubMed:26389953, PubMed:20889474). In vivo, intraplantar injection of this toxin in WT mice hind paw shows significant acute pain, whereas no pain is observed when the toxin is injected into TRPV1 KO mice (PubMed:26389953). In addition, subcutaneous injection into mice (185 mg) produces an excitation of the animal, but no lethality, whereas injection into cockroaches does not provoke lethality as well (PubMed:9151979). {ECO:0000269|PubMed:20889474, ECO:0000269|PubMed:22511981, ECO:0000269|PubMed:26389953}.",mammalian kav inhibitor
P61095,2MF3,KECMTDGTVCYIHNHNDCCGSCLCSNGPIARPWEMMVGNCMCGPKA,46,Metazoa,Segestria florentina (Tube-web spider) (Segestria gracilis),UniprotKB,Mu-segestritoxin-Sf1a (Mu-SGTX-Sf1a) (F5.6) (Toxin SFI1),11689233; 15037094; 16206236; 25559770,reviewed,"FUNCTION: Insecticidal toxin (PubMed:11689233). It inhibits insect voltage-gated sodium channels (Nav) by partially blocking the channel pore (1 uM inhibits 55.7% sodium current in DUM neurons from the American cockroach), not by acting as a gating modifier (PubMed:25559770). The inhibition is only partially reversible (about 25% recovery) after prolonged washout (PubMed:25559770). In vivo, the toxin causes flaccid paralysis followed by death when injected into Heliothis virescens larvae (PubMed:11689233). It also causes uncoordinated movements followed by full paralysis to sheep blowflies (Lucilia cuprina) (PubMed:25559770). {ECO:0000269|PubMed:11689233, ECO:0000269|PubMed:25559770}.",insect VGSC inhibitor
P11057,1EIT,ECVPENGHCRDWYDECCEGFYCSCRQPPKCICRNNN,36,Metazoa,Agelenopsis aperta (North American funnel-web spider) (Agelenopsis gertschi),UniprotKB,Mu-agatoxin-Aa1a (Mu-AGTX-Aa1a) (Mu-agatoxin I) (Mu-agatoxin-1),2914898; 8608119; 15066410,reviewed,"FUNCTION: Insecticidal neurotoxin that induces an irreversible spastic paralysis when injected into insects. Modifies presynaptic voltage-gated sodium channels (Nav), causing them to open at the normal resting potential of the nerve. This leads to spontaneous release of neurotransmitter and repetitive action potentials in motor neurons. {ECO:0000269|PubMed:2914898}.",insect VGSC inhibitor
D2Y1X6,1NIX 2MQF 2MXO,MKASMFLALAGLVLLFVVCYASESEEKEFPRELISKIFAVDDFKGEERECKGFGKSCVPGKNECCSGYACNSRDKWCKVLLGK,83,Metazoa,Cyriopagopus hainanus (Chinese bird spider) (Haplopelma hainanum),UniprotKB,Mu-theraphotoxin-Hhn2b 1 (Mu-TRTX-Hhn2b) (Hainantoxin-I) (HnTx-I) (Peptide F5-19.03),20192277; 12727268; 14675784; 26429937,reviewed,"FUNCTION: Weakly blocks the rat SCN2A/SCN1B (Nav1.2/beta-1) sodium channel (IC(50)=68 uM) and the insect sodium channel para/tipE (IC(50)=4.3 uM), without altering the activation or inactivation kinetics (depressant toxin). {ECO:0000269|PubMed:14675784, ECO:0000269|PubMed:26429937}.",mammalian and insect Nav inhibitor
P01522,1OMC 1TR6 1TTL 2CCO,MKLTCVVIVAVLLLTACQLITADDSRGTQKHRALGSTTELSLSTRCKSPGSSCSPTSYNCCRSCNPYTKRCYG,73,Metazoa,Conus geographus (Geography cone) (Nubecula geographus),UniprotKB,Omega-conotoxin GVIA (SNX-124) (Shaker peptide) [Cleaved into: Omega-conotoxin GVIB; Omega-conotoxin GVIC],1440648; 6509012; 4071055; 3779030; 8394704; 7929033; 9115267; 10938268; 11724570; 8343203; 8338837; 8230223; 8251934; 10231724; 10822250,reviewed,"FUNCTION: [Omega-conotoxin GVIA]: Omega-conotoxins act at presynaptic membranes, they bind and block voltage-gated calcium channels (Cav). This toxin blocks N-type calcium channels (Cav2.2/CACNA1B) with a high potency (it displaces [125I]GVIA with an IC(50)=3.7-38 pM) (PubMed:10938268, PubMed:11724570). {ECO:0000269|PubMed:10938268, ECO:0000269|PubMed:11724570}.",Cav inhibitor
P83256,1V90,GCLGEGEKCADWSGPSCCDGFYCSCRSMPYCRCRNNS,37,Metazoa,Pireneitega luctuosa (Tangled nest spider) (Paracoelotes luctuosus),UniprotKB,Delta-amaurobitoxin-Pl1a (Delta-AMATX-Pl1a) (Delta-palutoxin IT1) (Delta-paluIT1),10971590; 24486516; 15726637,reviewed,FUNCTION: Binds at site 4 of sodium channels (Nav) and inhibits the fast inactivation of cockroach channels. This toxin is active only on insects. Has a potent activity against S.litura larvae. {ECO:0000269|PubMed:10971590}.,insect Nav inhibitor
Q9GQW3,1OMY 2E0H,MNYLVMISFAFLLMTGVESVRDAYIAQNYNCVYHCARDAYCNELCTKNGAKSGSCPYLGEHKFACYCKDLPDNVPIRVPGKCHRR,85,Metazoa,Mesobuthus martensii (Manchurian scorpion) (Buthus martensii),UniprotKB,Toxin BmKaIT1 (BmKalphaIT1) (Alpha-neurotoxin IT01) (Alpha-neurotoxin TX12) (BmKalphaIT01) (BmKalphaTx12),10858508; 12925796; 17877370,reviewed,"FUNCTION: Alpha toxins bind voltage-independently at site-3 of sodium channels (Nav) and inhibit the inactivation of the activated channels, thereby blocking neuronal transmission (By similarity). Shows a high toxicity toward insects and moderate toxicity against mammals. {ECO:0000250, ECO:0000269|Ref.3, ECO:0000269|Ref.4}.",mammalian and insect Nav inhibitor
P0C280,2H9X,GVPCRCDSDGPSVHGNTLSGTVWVGSCASGWHKCNDEYNIAYECCKE,47,Metazoa,Condylactis gigantea (Giant Caribbean anemone) (Condylactis passiflora),UniprotKB,Delta-actitoxin-Cgg1a (Delta-AITX-Cgg1a) (Toxin CgNa) (Toxin Cp-2) (CpII) (Toxin Cp II),16814340; 22683676; 29109403; 17506725,reviewed,"FUNCTION: Slows down the inactivation process of TTX-sensitive voltage-gated sodium channels (Nav) (PubMed:16814340). Has a strong crab-paralyzing activity (PubMed:16814340). The minimum lethal dose against crabs is 7.9 mg/kg (Ref.1). {ECO:0000269|PubMed:16814340, ECO:0000269|Ref.1}.",Nav inhibitor
P62520,2I1T,MKNTSILFILGLALLLVLAFEAQVGESDGECGGFWWKCGRGKPPCCKGYACSKTWGWCAVEAP,63,Metazoa,Chilobrachys guangxiensis (Chinese earth tiger tarantula) (Chilobrachys jingzhao),UniprotKB,Beta/kappa-theraphotoxin-Cg1a (Beta/kappa-TRTX-Cg1a) (Jingzhaotoxin-3) (Jingzhaotoxin-III) (JZTX-III) (Peptide F5-20.38),15084603; 18581053; 17476710; 17150181; 17481690,reviewed,"FUNCTION: Selectively inhibits activation of voltage-gated sodium channels (VGSC) (Nav1.5/SCN5A) in rat cardiac myocytes, followed by shifting activated voltage in a depolarizing direction. The binding site on VGSC is suggested to be site 4 located at the extracellular S3-S4 loop of the channel. Also binds to voltage-gated potassium channels (Kv2.1/KCNB1). {ECO:0000269|PubMed:17150181}.",mammalian VGSC inhibitor
P83303,1MB6 2M4X 2M4Z 2M50 5T3M 5TLR 6W6O 7K48,MVNMKASMFLALAGLVLLFVVCYASESEEKEFSNELLSSVLAVDDNSKGEERECLEIFKACNPSNDQCCKSSKLVCSRKTRWCKYQIGK,89,Metazoa,Cyriopagopus schmidti (Chinese bird spider) (Haplopelma schmidti),UniprotKB,Huwentoxin-IV (HwTx-IV) (Huwentoxin-4) (Huwentoxin-IVa) (HWTX-IVa) (Huwentoxin-IVb) (HWTX-IVb) (Huwentoxin-IVc) (HWTX-IVc) (Mu-theraphotoxin-Hs2a) (Mu-TRTX-Hs2a),14757201; 18482741; 12228241; 23826086; 18628201; 18054060; 20855463; 21659528; 23523779; 25658507; 29703751; 29483648; 31234412; 23760503; 28115115; 28301520; 30765606,reviewed,"FUNCTION: This lethal neurotoxin (without cyclization at position 53) inhibits neuronal voltage-gated sodium channel Nav1.2/SCN2A (IC(50)=10-150 nM), rNav1.3/SCN3A (IC(50)=338 nM), Nav1.6/SCN8A (IC(50)=117 nM), and hNav1.7/SCN9A (IC(50)=9.6-33 nM) (PubMed:18628201, PubMed:20855463, PubMed:25658507, PubMed:29703751, PubMed:31234412, PubMed:23760503). It inhibits activation of sodium channel by trapping the voltage sensor of domain II (DIIS4) in the closed configuration (PubMed:18628201, PubMed:23760503). The toxin neither shifts the Nav1.7/SCN9A activation curve nor modifies the slope factor (PubMed:20855463). It does not slow fast-inactivation of hNav1.7/SCN9A channels (PubMed:20855463). In addition, it has only a weak affinity for lipid membranes (PubMed:18054060, PubMed:29703751, PubMed:28115115). This toxin also exists with a pyroglutamate at position 53 (PubMed:23826086). The sole difference observed between modified (mHwTx-IV) and unmodified toxins is that moderate or high depolarization voltages (200 mV) permit the unmodified toxin to dissociate, whereas mHwTx-IV toxin does not dissociate, even at high depolarization voltages (PubMed:23826086). These data indicate that mHwTx-IV strongly binds to voltage sensor of sodium channel even at extreme depolarization voltages (PubMed:23826086). {ECO:0000269|PubMed:12228241, ECO:0000269|PubMed:18054060, ECO:0000269|PubMed:18628201, ECO:0000269|PubMed:20855463, ECO:0000269|PubMed:21659528, ECO:0000269|PubMed:23523779, ECO:0000269|PubMed:23760503, ECO:0000269|PubMed:25658507, ECO:0000269|PubMed:28115115, ECO:0000269|PubMed:29483648}.",VGSC inhibitor
A0A4V8GZX0,6GFT,ECKGFGKSCVPGKNECCSGLTCSNKHKWCKVLL,33,Metazoa,Omothymus schioedtei (Malaysian earth tiger tarantula) (Cyriopagopus schioedtei),UniprotKB,Mu-theraphotoxin-Os1a (Mu-TRTX-Os1a) (Cyriotoxin-1a) (CyrTx-1a) (Mu-theraphotoxin-Cs1a),30784059,reviewed,"FUNCTION: Potently and reversibly inhibits some human voltage-gated sodium channels (Nav1.1/SCN1A (IC(50)=72.0 nM), Nav1.2/SCN2A (IC(50)=75.5 nM), Nav1.6/SCN8A (IC(50)=115.0 nM), Nav1.7/SCN9A (IC(50)=52.7-129.5 nM), Nav1.3/SCN3A (IC(50)=306.6 nM)) (PubMed:30784059). The hNav1.7/SCN9A channel inhibition occurs without any change in steady-state inactivation- and conductance-voltage relationships (PubMed:30784059). On adult mouse DRG neurons, this toxin is approximately 1000-fold more efficient to inhibit tetrodotoxin (TTX)-sensitive than TTX-resistant sodium currents (PubMed:30784059). In vivo, this toxin exhibits analgesic effects in mice pain models (PubMed:30784059). {ECO:0000269|PubMed:30784059}.",mammalian  VGSC inhibitor
A0A3G5BIC2,6PX7,MARLLVVSVGVFLAVIMLSSETMSLPAGENLPALTLFEAQNQLIGLSQEQRQCKKIGEHCYVADECCSKRCLFYAAKCVS,80,Metazoa,Dolopus genitalis (Giant Australian assassin fly) (Asilus genitalis),UniprotKB,U-Asilidin(1)-Dg12,30400621; 31870846,reviewed,"FUNCTION: Neurotoxin that may modulate ions channels (other than those tested) (PubMed:31870846). In vivo, induces neurotoxic effects when injected into insects (tested on L.cuprina and A.domesticus) (PubMed:31870846). {ECO:0000269|PubMed:31870846}.",neurotoxic to insects
C7G3K3,7WKF,MAKHLIVMFLVIMVISSLVDCAKKPFVQRVKNAASKAYNKLKGLAMQSQYGCPIISNMCEDHCRRKKMEGQCDLLDCVCS,80,Metazoa,Liocheles australasiae (Dwarf wood scorpion),UniprotKB,Peptide LaIT2,19966481; 30393903; 35490851,reviewed,"FUNCTION: Dual-function toxin that acts both as an insecticidal and an antimicrobial peptide (PubMed:19966481, PubMed:30393903, PubMed:35490851). May inhibit voltage-gated potassium channels (Kv) (By similarity). This amphipathic peptide causes significant antimicrobial activity against E.coli (MIC=7 uM) but does not show any activity against S.aureus even at high concentration (PubMed:19966481, PubMed:30393903, PubMed:35490851). In vivo, causes paralysis or death to crickets (PubMed:19966481, PubMed:30393903, PubMed:35490851). {ECO:0000250|UniProtKB:Q0GY41, ECO:0000269|PubMed:19966481, ECO:0000269|PubMed:30393903, ECO:0000269|PubMed:35490851}.",neurotoxic to insects
P56852,1D1H,MKTSVFAAILGLALFAVLCSGSELQEKDLKETLLSAIMETALEAQPEERECRYLFGGCKTTSDCCKHLGCKFRDKYCAWDFTFSK,85,Metazoa,Grammostola rosea (Chilean rose tarantula) (Grammostola spatulata),UniprotKB,Kappa-theraphotoxin-Gr1a (Kappa-TRTX-Gr1a) (Hanatoxin-1) (HaTx1),7576642; 9136774; 9136775; 9671721; 16094370; 17101164; 10731427,reviewed,"FUNCTION: Inhibits Kv2.1/KCNB1 and Kv4.2/KCND2 voltage-gated potassium channels. Acts as a gating modifier by shifting channel openings to more depolarized voltages and acts via the occupancy of multiple binding sites on the channel. The toxin binding sites are situated on the S3-S4 extracellular linker of the channel. At least two hanatoxin molecules can occupy the Kv2.1/KCNB1 channel, and maybe more (three or four). Can also inhibit calcium channels (Cav2.1/CACNA1A). Needs to partition into the membrane in order to bind to the channel. {ECO:0000269|PubMed:17101164, ECO:0000269|PubMed:9136774, ECO:0000269|PubMed:9136775, ECO:0000269|PubMed:9671721}.",Kav inhibitor
P82959,1I25,MKVTLIAILTCAAVLVLHTTAAEELEAESQLMEVGMPDTELAAVDEERLFECSFSCEIEKEGDKPCKKKKCKGGWKCKFNMCVKV,85,Metazoa,Cyriopagopus schmidti (Chinese bird spider) (Haplopelma schmidti),UniprotKB,U1-theraphotoxin-Hs1a (U1-TRTX-Hs1a) (Huwentoxin-2 form 1) (Huwentoxin-II) (HwTx-II),14757201; 10424342; 11298747; 11790834,reviewed,FUNCTION: Lethal neurotoxin that blocks neuromuscular transmission. Acts cooperatively to potentiate the activity of huwentoxin-I. This toxin is active against insects. {ECO:0000269|PubMed:10424342}.,neurotoxic to insects
P05484,1DW4 1DW5 1FEO 1MVI 1OMG 1TT3 1TTK 7MIX 7VFU,MKLTCVVIVAVLLLTACQLITADDSRGTQKHRALRSTTKLSTSTRCKGKGAKCSRLMYDCCTGSCRSGKCG,71,Metazoa,Conus magus (Magical cone),UniprotKB,Omega-conotoxin MVIIA (SNX-111) (Ziconotide),10938268; 20363338; 4071055; 2441741; 8537186; 7826361; 15578997; 26344359; 28202361; 30194442; 34589389; 7640281; 7656969; 8913308; 10373375; 10747778; 11344322; 34234349,reviewed,"FUNCTION: Omega-conotoxins act at presynaptic membranes, they bind and block voltage-gated calcium channels. This toxin blocks Cav2.2/CACNA1B calcium channels (IC(50)=0.67-208 nM) (PubMed:7826361, PubMed:26344359, PubMed:34589389). It acts by neutralizing the outer electronegativity and sterically hindering the ion access path to the entrance of the channel selectivity filter (PubMed:34234349). It also shows antiproliferative effects on different glioma cell lines (M059J, U-138MG and U-251MG) (PubMed:28202361). In vivo, is lethal to fish (PubMed:26344359, PubMed:34589389). In vivo, injection into mammals induces adverse effects, such as tremor, diminution of spontaneous locomotor activity and bad coordinated locomotion (PubMed:26344359). In addition, it causes reduction of tumor area in the mouse glioma model, that is induced by the orthotopic injection of GL261 cells into the brain (PubMed:28202361). {ECO:0000269|PubMed:26344359, ECO:0000269|PubMed:34234349, ECO:0000269|PubMed:7826361}.",Cav inhibitor
P28881,1MVJ,MKLTCVVIVAVLLLTACQLITADDSRGTQKHRALRSDTKLPMSTRCKLKGQSCRKTSYDCCSGSCGRSGKCG,72,Metazoa,Conus striatus (Striated cone),UniprotKB,Omega-conotoxin SVIB (SNX-183),10573284; 1390774; 8913308,reviewed,"FUNCTION: Omega-conotoxins act at presynaptic membranes, they bind and block voltage-gated calcium channels (Cav). This toxin blocks N-, P- and Q-type calcium channels. {ECO:0000269|PubMed:1390774}.",Cav inhibitor
P37300,1CNN 1OMN 1V4Q,TRCKGKGAPCRKTMYDCCSGSCGRRGKCG,29,Metazoa,Conus magus (Magical cone),UniprotKB,Omega-conotoxin MVIIC (Omega-CgTxMVIIC) (SNX-230),1352986; 7677735; 10938268; 18189422; 7823075; 7731037; 10373375,reviewed,"FUNCTION: Omega-conotoxins act at presynaptic membranes, they bind and block voltage-gated calcium channels (Cav). This toxin preferentially blocks P/Q-type calcium channels (Cav2.1/CACNA1A) (IC(50)=0.60 nM) (PubMed:1352986, PubMed:10938268). Shows also an inhibition on Cav2.2/CACNA1A channels (IC(50)=7.0 nM) (PubMed:10938268). {ECO:0000269|PubMed:10938268, ECO:0000269|PubMed:1352986}.",Cav inhibitor
P08900,2LI7 2LJM,KEGYLVSKSTGCKYECLKLGDNDYCLRECKQQYGKSSGGYCYAFACWCTHLYEQAVVWPLPNKTCN,66,Metazoa,Centruroides suffusus (Durango bark scorpion),UniprotKB,Beta-mammal toxin Css2 (Css II) (CssII),2435711; 10958995; 17544584; 21329715; 19524619; 15632158; 21078353; 22200496; 30634620; 22251893,reviewed,"FUNCTION: Beta toxin that binds site-4 of sodium channels (Nav) and reduces peak current (observed on Nav1.6/SCN8A (IC(50)=307 nM)), shifts the voltage of activation toward more negative potentials (observed on Nav1.6, Nav1.1 (weak), Nav1.2 (weak), and Nav1.7 (weak)), and induces resurgent currents at negative voltages following brief and strong depolarizations (observed on Nav1.6, Nav1.1 (weak), and Nav1.7 (weak)) (PubMed:22200496). A reduction of peak current of Nav1.5/SCN7A has been observed in another study (IC(50)=35-40 nM) (PubMed:22251893). This toxin is only active on mammals (PubMed:17544584). It has been shown to bind phospholipids (PubMed:15632158). {ECO:0000269|PubMed:15632158, ECO:0000269|PubMed:17544584, ECO:0000269|PubMed:22200496, ECO:0000269|PubMed:22251893, ECO:0000269|PubMed:2435711}.",Nav inhibitor
P49126,2MI5 6A90 6A91 6A95 8F0S,MKVFVVLLCLSLAAVYALEERLDKDADIMLDSPADMERAKDGDVEGPAGCKKYDVECDSGECCQKQYLWYKWRPLDCRCLKSGFFSSKCVCRDV,94,Metazoa,Diguetia canities (Desert bush spider) (Segestria canities),UniprotKB,Beta-diguetoxin-Dc1a (Beta-DGTX-Dc1a) (Dc1a) (Insecticidal toxin DTX9.2),8541888; 8896202; 25014760; 30049784,reviewed,"FUNCTION: Insecticidal toxin (PubMed:8541888, PubMed:8896202). This toxin promotes opening of insect Nav channels. The toxin binds to the S1-S2 and S3-S4 loops in the domain II voltage-sensor of insect Nav channels (i.e., receptor site 4). The American cockroach P.americana is largely resistant to the effects of this toxin due to an unusual sequence within the domain II S1-S2 loop. In vivo, paralyzes lepidopteran and dipteran larvae. Paralyzed insects ultimately die from secondary effects of starvation and dehydration (PubMed:25014760). {ECO:0000269|PubMed:25014760, ECO:0000269|PubMed:8541888, ECO:0000269|PubMed:8896202}.",neurotoxic to insects
A0A0J9X1W9,2MPQ,ACLGFGKSCNPSNDQCCKSSSLACSTKHKWCKYEL,35,Metazoa,Cyriopagopus doriae (Tarantula spider) (Haplopelma doriae),UniprotKB,Mu-theraphotoxin-Hd1a (Mu-TRTX-Hd1a),25754331,reviewed,"FUNCTION: Gating-modifier toxin that reversibly and voltage-independently inhibits human Nav1.1/SCN1A and Nav1.7/SCN9A (IC(50)=111 nM) (PubMed:25754331). It also shows moderate inhibition on Nav1.2/SCN2A (1 uM inhibits current by 55%), Nav1.6/SCN8A (31%), Nav1.3/SCN5A (27%) and Nav1.4/SCN4A (23%) (PubMed:25754331). This toxin inhibits Nav1.7/SCN9A by interacting with the S3b-S4 paddle motif in channel domain II (PubMed:25754331). {ECO:0000269|PubMed:25754331}.",mammalian Nav inhibitor
P0DL36,2MUN 2MZ4,MRIWSLTRILTFIVIFNFAEAGGECMKKCDSPDMIREIFTRCTMVKRDTQFSENSGHLIPKRSVVADNKCENSLRREIACGQCRDKVKTDGYFYECCTSDSTFKKCQDLLHK,112,Metazoa,Scolopendra mutilans (Chinese red-headed centipede) (Scolopendra subspinipes mutilans),UniprotKB,Mu-scoloptoxin(03)-Ssm2a (Mu-SLPTX(03)-Ssm2a) (Mu-scoloptoxin-Ssm6a) (Mu-SLPTX-Ssm6a),24082113; 25658507; 26073605,reviewed,"FUNCTION: Gating-modifier toxin that inhibits voltage-gated sodium channel with a preference for hNav1.7/SCN9A (IC(50)=25.4 nM) over hNav1.1/SCN1A (IC(50)=4.1 uM), hNav1.2/SCN2A (IC(50)=813 nM), and hNav1.6/SCN8A (IC(50)=15.2 uM) (PubMed:24082113). Is an effective analgesic in rodent pain models, since it is several-fold more effective than morphine in a rodent model of formalin-induced pain and is equipotent with morphine in its ability to reduce thermal and acid-induced pain (PubMed:24082113). In addition, this peptide shows a high level of resistance to proteases and a high thermal stability that may be explained by its predominant composition of alpha-helices (PubMed:24082113). {ECO:0000269|PubMed:24082113}.",mammalian Nav inhibitor
P17728,1LQH 1LQI 2ASC 2ATB 2YEO,MNHLVMISLALLLLLGVESVRDAYIAKNYNCVYECFRDAYCNELCTKNGASSGYCQWAGKYGNACWCYALPDNVPIRVPGKCHRK,85,Metazoa,Leiurus hebraeus (Deathstalker scorpion) (Leiurus quinquestriatus hebraeus),UniprotKB,Alpha-insect toxin LqhaIT (Lqh-alpha-IT) (Alpha-IT),1801321; 2383565; 8756487; 9169449; 10678738; 16551474; 9054546,reviewed,"FUNCTION: Alpha toxins bind voltage-independently at site-3 of sodium channels (Nav) and inhibit the inactivation of the activated channels, thereby blocking neuronal transmission. The dissociation is voltage-dependent. This toxin is active on insects. It is also highly toxic to crustaceans and has a measurable but low toxicity to mice.",insect Nav inhibitor
P01487,1LQQ,VRDAYIAKNYNCVYECFRDSYCNDLCTKNGASSGYCQWAGKYGNACWCYALPDNVPIRVPGKCH,64,Metazoa,Leiurus quinquestriatus quinquestriatus (Egyptian scorpion) (Deathstalker scorpion),UniprotKB,Alpha-insect toxin Lqq3 (Lqq III) (LqqIII),8167952; 11945430; 8612608,reviewed,"FUNCTION: Alpha toxins bind voltage-independently at site-3 of sodium channels (Nav) and inhibit the inactivation of the activated channels, thereby blocking neuronal transmission. This contractive toxin is highly toxic both to mammals and insects.",mammalian and insect Nav inhibitor
Q90VW1,1ERA 1FRA 1NXB 3EBX 6EBX,MKTLLLTLVVVTIVCLDLGYTRICFNHQSSQPQTTKTCSPGESSCYHKQWSDFRGTIIERGCGCPTVKPGIKLSCCESEVCNN,83,Metazoa,Laticauda semifasciata (Black-banded sea krait) (Pseudolaticauda semifasciata),UniprotKB,Erabutoxin b (ETXB) (Eb) (Short neurotoxin 1b),2602157; 12957382; 4941832; 588261; 857910; 7721859; 9305882; 964372; 683181; 465091; 2431905; 1418823; 8027999,reviewed,"FUNCTION: Binds with high affinity to muscular nicotinic acetylcholine receptors (nAChRs) (tested on Torpedo marmorata, Kd=0.07 nM), and with low affinity to neuronal alpha-7/CHRNA7 nAChRs (tested on chimeric alpha-7/CHRNA7, Kd=22 uM) and inhibit acetylcholine from binding to the receptor, thereby impairing neuromuscular transmission (PubMed:7721859). Produces peripheral paralysis by blocking neuromuscular transmission at the postsynaptic site. {ECO:0000269|PubMed:9305882}.",Fish nAChR inhibitor 
P60277,1DQ7 2A7T,GEDGYIADGDNCTYICTFNNYCHALCTDKKGDSGACDWWVPYGVVCWCEDLPTPVPIRGSGKCR,64,Metazoa,Hottentotta tamulus (Eastern Indian scorpion) (Mesobuthus tamulus),UniprotKB,Neurotoxin BTN,16677826,reviewed,FUNCTION: Inhibits sodium channels (Nav). {ECO:0000250}.,Nav inhibitor
Q8T0W8,2CDX 2E2F,MGAALKMTIFLLIVACAMIATTEAAVRIGPCDQVCPRIVPERHECCRAHGRSGYAYCSGGGMYCN,65,Metazoa,Gastrophysa atrocyanea (Leaf beetle),UniprotKB,Diapause-specific peptide (DSP) (Diapausin),14706547; 15936770; 17994764,reviewed,FUNCTION: Has antifungal activity against T.rubrum. Blocks voltage-dependent N-type calcium channels (Cav2.2 / CACNA1B). {ECO:0000269|PubMed:14706547}.,Cav inhibitor
S0F209,null,MNTATGFIVLLVLATILGGIEAGESHMRKDAMGRVRRQYCVPVDQPCSLNTQPCCDDATCTQERNENGHTVYYCRA,76,Metazoa,Hadronyche versuta (Blue mountains funnel-web spider) (Atrax versutus),UniprotKB,Omega/Kappa-hexatoxin-Hv1h,24593665,reviewed,FUNCTION: Toxin that may inhibit ion channels. {ECO:0000305}.,may ion channel inhibitor
P55927,2PTA,RGSVDYKDDDDKTISCTNPKQCYPHCKKETGYPNAKCMNRKCKCFGR,47,Metazoa,Pandinus imperator (Emperor scorpion),UniprotKB,Potassium channel toxin alpha-KTx 7.1 (Pandinotoxin-alpha) (Potassium channel-blocking toxin 2) (Pi-2) (Pi2) (Toxin PiTX-K-alpha),8913348; 8660410; 9062103,reviewed,FUNCTION: Potent inhibitor of the A-type voltage-gated potassium channels. Most potent inhibitor of Kv1.2/KCNA2 channels. Reversibly block the Shaker B potassium-channels (Kv1.1 sub-family). {ECO:0000269|PubMed:8660410}.,Kav inhibitor
A8N286,3HH7,MKTLLLTLVVVTIVYLDLGYTTKCYNHQSTTPETTEICPDSGYFCYKSSWIDGREGRIERGCTFTCPELTPNGKYVYCCRRDKCNQ,86,Metazoa,Ophiophagus hannah (King cobra) (Naja hannah),UniprotKB,Haditoxin (Muscarinic toxin-like protein 3 homolog) (MTLP-3 homolog),17616557; 24297900; 20071329,reviewed,"FUNCTION: Antagonist of muscle (alpha-1-beta-1-delta-epsilon/CHRNA1-CHRNB1-CHRND-CHRNE) and neuronal (alpha-7/CHRNA7, alpha-3-beta-2/CHRNA3-CHRNB2, alpha-4-beta-2/CHRNA4-CHRNB2) nicotinic acetylcholine receptors (nAChR) (PubMed:20071329). The highest affinity is for human alpha-7/CHRNA7 nAChRs (IC(50)=180 nM), compared to human alpha-1-beta-1-delta-epsilon/CHRNA1-CHRNB1-CHRND-CHRNE nAChR (IC(50)= 550 nM), alpha-3-beta-2/CHRNA3-CHRNB2 nAChR (IC(50)=500 nM), and alpha-4-beta-2/CHRNA4-CHRNB2 nAChR (IC(50)=2.6 uM). {ECO:0000269|PubMed:20071329}.",mammalian nAChR inhibitor
P29187,1BEI 1C2U 1ROO 2K9E 4LFQ 4LFS 4Z7P 5I5A 5I5B 5I5C,RSCIDTIPKSRCTAFQCKHSMKYRLSFCRKTCGTC,35,Metazoa,Stichodactyla helianthus (Sun anemone) (Stoichactis helianthus),UniprotKB,Kappa-stichotoxin-She3a (Kappa-SHTX-She3a) (Potassium channel toxin ShK),7660365; 8567178; 8645244; 10419508; 15665253; 22683676; 28796463; 21867724; 29316700; 8599755; 9830012; 10545177; 19122005; 23919482; 26288216; 28194851,reviewed,"FUNCTION: Peptide with both antimicrobial and neurotoxin activities. Inhibits voltage-dependent potassium channels. Potently blocks Kv1.1/KCNA1 (IC(50)=6.7-87 pM) and Kv1.3/KCNA3 (IC(50)=10-250 pM) (PubMed:8567178, PubMed:15665253, PubMed:9830012, PubMed:10545177, PubMed:23919482, PubMed:26288216, PubMed:28194851). Less potently blocks Kv1.4/KCNA4 (IC(50)=0.31 nM), and Kv1.6/KCNA6 (IC(50)=0.16 nM) (PubMed:9830012). Shows moderate activity on Kv1.2/KCNA2 (IC(50)=9 nM), Kv1.7/KCNA7 (IC(50)=11.5 nM), and KCa3.1/KCNN4 (Kd=0.03-30 nM) (PubMed:10419508, PubMed:9830012). Blocks Kv channels by binding to a shallow vestibule at the outer entrance to the ion conduction pathway and occluding the entrance to the pore (PubMed:10419508, PubMed:9830012). Shows antibacterial activity against all tested bacteria (the Gram-positive bacteria B.subtilis and S.aureus, and the Gram-negative bacteria S.typhimurium and P.aeruginosa) (PubMed:28796463). {ECO:0000269|PubMed:10419508, ECO:0000269|PubMed:10545177, ECO:0000269|PubMed:15665253, ECO:0000269|PubMed:23919482, ECO:0000269|PubMed:26288216, ECO:0000269|PubMed:28194851, ECO:0000269|PubMed:7660365, ECO:0000269|PubMed:8567178, ECO:0000269|PubMed:9830012}.",Kav inhibitor
P0DOC5,6V6T,ECRYLFGGCKTTADCCKHLGCRTDLYYCAWDGTF,34,Metazoa,Heteroscodra maculata (Togo starburst tarantula) (Togo starburst baboon spider),UniprotKB,Delta-theraphotoxin-Hm1b (Delta-TRTX-Hm1b),27281198; 32335140,reviewed,"FUNCTION: Gating-modifier toxin that potently and selectively acts on Nav1.1/SCN1A and Nav1.3/SCN3A (PubMed:32335140). It enhances hNav1.1/SCN1A currents and delays fast inactivation of the channel (EC(50)=11.6 nM), leading to a sustained current (PubMed:32335140). Similar effects are observed at Nav1.3/SCN3A (EC(50)=11.8 nM), but with less sustained currents (PubMed:32335140). When tested on Nav1.2/SCN2A, the native toxin decreases the peak current by 50% at saturating concentration, whereas the recombinant toxin only shows a weak decrease of peak current (PubMed:32335140). The native toxin specifically activates the voltage-gated sodium channel Nav1.1/SCN1A in somatosensory neurons to elicit acute pain and mechanical allodynia (PubMed:27281198). When tested on Nav1.1/SCN1A, the toxin induces a hyperpolarising shift of the voltage-dependence of steady-state activation, and induces a depolarizing shift in the voltage dependence of inactivation (PubMed:32335140). In addition, it does not modify the recovery from fast inactivation in Nav1.1/SCN1A (PubMed:32335140). The toxin hydrophobic face probably interacts with the domain IV voltage-sensor of Nav1.1/SCN1A and Nav1.3/SCN3A and may trap the voltage-sensing S4 helix in a partially activated state (PubMed:32335140). In vivo, intracerebroventricular injection into mice elicits convulsions, spasms, tremors and rapid death (By similarity). When injected into mouse hindpaw, the toxin elicits an immediate and robust response to pain (PubMed:27281198). However, intraplantar injection of toxin does not cause neurogenic inflammation or alter sensitivity to heat, indicative of a modality-specific effect on mechanosensitive neurons (PubMed:27281198). {ECO:0000250|UniProtKB:P60992, ECO:0000269|PubMed:27281198, ECO:0000269|PubMed:32335140}.",mammalian Nav inhibitor
P01452,1CDT,LKCNKLIPIAYKTCPEGKNLCYKMMLASKKMVPVKRGCINVCPKNSALVKYVCCSTDRCN,60,Metazoa,Naja mossambica (Mozambique spitting cobra),UniprotKB,Cytotoxin 4 (CTX M3) (Cardiotoxin VII4) (Cytotoxin V(II)4),4834686; 8182052; 2370666,reviewed,"FUNCTION: Shows cytolytic activity on many different cells by forming pore in lipid membranes. In vivo, increases heart rate or kills the animal by cardiac arrest. In addition, it binds to heparin with high affinity, interacts with Kv channel-interacting protein 1 (KCNIP1) in a calcium-independent manner, and binds to integrin alpha-V/beta-3 (ITGAV/ITGB3) with moderate affinity. {ECO:0000250|UniProtKB:P60301, ECO:0000250|UniProtKB:P60304, ECO:0000269|PubMed:8182052}.",Kav inhibitor
A0A3G5BIB1,6PX8,MRFLNIFLFFAVMIAFVSASPVLEEEEIDIEPRITCDLIGNERLCVVHCLAKGFRGGWCDSRKVCNCRR,69,Metazoa,Dolopus genitalis (Giant Australian assassin fly) (Asilus genitalis),UniprotKB,U-Asilidin(12)-Dg3b,30400621; 31870846,reviewed,"FUNCTION: The recombinant peptide moderately increases Kv11.1/KCNH2/ERG1 currents and shifts the voltage-dependence of the channel activation to hyperpolarised potentials (PubMed:31870846). In vivo, induces neurotoxic effects when injected into insects (tested on L.cuprina and A.domesticus) (PubMed:31870846). {ECO:0000269|PubMed:31870846}.",neurotoxic to insects
P56676,1QK6,MRASMFLALAGLVLLFVVCYASESEEKEFPRELLFKFFAVDDFKGEERACKGVFDACTPGKNECCPNRVCSDKHKWCKWKL,81,Metazoa,Cyriopagopus schmidti (Chinese bird spider) (Haplopelma schmidti),UniprotKB,Mu/omega-theraphotoxin-Hs1a (Mu/omega-TRTX-Hs1a) (Huwentoxin-1) (HwTx-1) (Huwentoxin-I) (HwTx-I),14757201; 8212049; 8136023; 9028007; 11051826; 10736477; 11024489; 15581678; 17451655; 21731778; 31234412; 9263120,reviewed,"FUNCTION: Lethal toxin with multiple biological activities. Inhibits voltage-gated TTX-sensitive sodium channels in DRG neurons (IC(50)=55 nM) and also shows activity when directly tested on Nav1.7/SCN9A (IC(50)=25.1-630 nM) (PubMed:17451655, PubMed:21731778, PubMed:31234412). Inhibits N-type calcium channels (Cav2.2/CACNA1B (IC(50)=100 nM)) (PubMed:11024489, PubMed:17451655). Also blocks neuromuscular transmission (PubMed:8212049, PubMed:9028007, PubMed:10736477). In vivo, intrathecal injected toxin shows analgesic activity in the rat formalin-induced pain model, without induction of motor dysfunction in rats. {ECO:0000269|PubMed:15581678}.",Nav inhibitor
P0DJ46,2M01,MKSFLLIALVLFFLFVSYASAKKKCQLPSDVGKGKASFTRYYYNEESGKCETFIYGGVGGNSNNFLTKEDCCRECAQGSC,80,Metazoa,Lychas mucronatus (Chinese swimming scorpion),UniprotKB,Kunitz-type serine protease inhibitor LmKTT-1a (Delta-KTx 2.1) (SdPII),20663230; 23573241; 22087336; 22354971,reviewed,"FUNCTION: Dual-function toxin that completely inhibits trypsin activity at a molar ratio of 1:1 (Ki=140 nM) and that inhibits mKv1.3/KCNA3 potassium channel currents (1 uM inhibits 50% of currents) (IC(50)=1.58 uM). Shows also weak inhibition on Kv1.1/KCNA1 (1 uM inhibits 25% of currents) and Kv1.2/KCNA2 (1 uM inhibits 25% of currents). {ECO:0000269|PubMed:22087336, ECO:0000269|PubMed:22354971}.",Kav inhibitor
P01495,1CN2 2YBR 2YC1 4V1D,LLIITACLALIGTVWAKEGYLVDKNTGCKYECLKLGDNDYCLRECKQQYGKGAGGYCYAFACWCTHLYEQAIVWPLPNKRCSGK,84,Metazoa,Centruroides noxius (Mexican scorpion),UniprotKB,Beta-mammal toxin Cn2 (Toxin 2) (Toxin II.9.2.2),8585086; 1371253; 8013663; 30634620; 10080898,reviewed,FUNCTION: Mammal beta-toxins bind voltage-independently at site-4 of sodium channels (Nav) and shift the activation voltage to more negative potentials. This toxin is active against mammals.,mammalian Nav inhibitor
P01398,1KBA 2NBT 7ULR,MKTLLLTLVVVTIVCLDLGYTRTCLISPSSTPQTCPNGQDICFLKAQCDKFCSIRGPVIEQGCVATCPQFRSNYRSLLCCTTDNCNH,87,Metazoa,Bungarus multicinctus (Many-banded krait),UniprotKB,Kappa-bungarotoxin (Kappa-bgt) (Kappa-1-bungarotoxin) (Long neurotoxin 2) (Neuronal bungarotoxin) (nBgt) (Toxin F),9020044; 12403176; 3986193; 3021284; 9027980; 7947721; 2036359; 1550821,reviewed,"FUNCTION: Postsynaptic neurotoxin that binds and inhibits neuronal nicotinic acetylcholine receptors (nAChR) with high affinity (IC(50)<100 nM). Is a selective, and slowly reversible antagonist of alpha-3/CHRNA3-containing and some alpha-4/CHRNA4-containing AChRs. {ECO:0000269|PubMed:3986193, ECO:0000303|PubMed:9027980}.",nAChR inhibitor 
Q9PWF3,1H5O 1Z99,MKILYLLFAFLFLAFLSEPGNAYKQCHKKGGHCFPKEKICLPPSSDFGKMDCRWRWKCCKKGSGK,65,Metazoa,Crotalus durissus terrificus (South American rattlesnake),UniprotKB,Crotamine (Crt) (Myotoxin),10484745; 14757205; 1176086; 22498659; 667499; 9839677; 15231729; 17491023; 17588630; 18662711; 19706485; 21834748; 21386851; 22142367; 23022146; 21062230; 12709056; 16185738,reviewed,"FUNCTION: Cationic peptide that possesses multiple functions. It acts as a cell-penetrating peptide (CPP), and as a potent voltage-gated potassium channel inhibitor. It exhibits antimicrobial activities, hind limb paralysis, and severe muscle necrosis by a non-enzymatic mechanism. As a cell-penetrating peptide, crotamine has high specificity for actively proliferating cells, and interacts inside the cell with subcellular and subnuclear structures, like vesicular compartments, chromosomes and centrioles. It penetrates into the cells as fast as five minutes after its addition to cell culture medium (PubMed:18662711). In vivo, after intraperitoneal administration, it is found in cells of peritoneal fluid and bone marrow, demonstrating preferential nuclear and perinuclear localization. To enter the cell, it interacts with the chains of heparan sulfate membrane proteoglycan (HSPG), and is endocytosed (in complex with HSPG) in vesicles which are transported into the cell with the help of clathrin. Inside the cell, crotamine accumulates in lysosomal vesicles. As soon as the peptide accumulates in endosomes/lysosomes vesicles, these compartments are disrupted and their contents released into the cytosol. This loss of lysosomal content induces cell death at high concentrations, or promotes the distribution of crotamine in cytoplasmic compartments, which is a step before crotamine nuclear uptake (PubMed:15231729, PubMed:17491023). As a potassium channel inhibitor, this toxin selectively inhibits Kv1.1/KCNA1, Kv1.2/KCNA2 and Kv1.3/KCNA3 channels with an IC(50) of 369, 386 and 287 nM, respectively (PubMed:22498659). The inhibition of Kv1.3/KCNA channels induced by this toxin occurs rapidly and is voltage-independent. The channel inhibition is reversible after washing, suggesting a pure and classical channel blockage effect, without effects in potassium channel kinetics (PubMed:22498659). As an antimicrobial peptide, crotamine shows antibacterial activity against E.coli and B.subtilis, and antifungal activity against Candida spp., Trichosporon spp. and C.neoformans. It kills bacteria through membrane permeabilization. {ECO:0000269|PubMed:1176086, ECO:0000269|PubMed:15231729, ECO:0000269|PubMed:17491023, ECO:0000269|PubMed:17588630, ECO:0000269|PubMed:18662711, ECO:0000269|PubMed:19706485, ECO:0000269|PubMed:21386851, ECO:0000269|PubMed:22142367, ECO:0000269|PubMed:22498659, ECO:0000269|PubMed:23022146, ECO:0000269|PubMed:667499, ECO:0000269|PubMed:9839677}.",Kav inhibitor
P80958,1ONJ 1VB0,MKTLLLTLLVVTIVCLDLGYTLECHNQQSSQTPTTKTCSGETNCYKKWWSDHRGTIIERGCGCPKVKPGVNLNCCTTDRCNN,82,Metazoa,Naja atra (Chinese cobra),UniprotKB,Cobrotoxin-b (CBT-b) (Atratoxin-b) (Cobrotoxin III) (CBT-III) (Cobrotoxin IV) (CBT IV) (NT3) (Short neurotoxin),9498573; 15252034; 12777767,reviewed,"FUNCTION: Binds to muscle nicotinic acetylcholine receptor (nAChR) and inhibit acetylcholine from binding to the receptor, thereby impairing neuromuscular transmission. Produces peripheral paralysis by blocking neuromuscular transmission at the postsynaptic site. Has a lower toxicity than cobrotoxin. {ECO:0000269|PubMed:9498573}.",nAChR inhibitor 
P49268,2M36,CNSKGTPCTNADECCGGKCAYNVWNCIGGGCSKTCGY,37,Metazoa,Apomastus schlingeri (Trap-door spider) (Aptostichus schlingeri),UniprotKB,Mu-cyrtautoxin-As1a (Mu-CUTX-As1a) (Aptotoxin III) (Aps III) (Aptotoxin-3) (Aps-3) (Paralytic peptide III) (PP III),1440641; 23473802,reviewed,"FUNCTION: The recombinant mu-cyrtautoxin-As1a potently and voltage-independently blocks voltage-gated sodium channels (Nav) of insects. It acts by pluging the outer vestibule of the channel. It acts in combination with a weak (30%) voltage-independent block of insect voltage-gated calcium (Cav) channels (low-voltage and high-voltage channels). Tested on DUM neurons, it inhibits sodium currents with an IC(50) of 540 nM (and a Hill coefficient >1, reflecting an incomplete block at higher concentrations). In vivo, it induces flaccid paralysis in adult Australian sheep blowfly Lucilia cuprina (PubMed:23473802). It is both paralytic and lethal, when injected into lepidopteran larvae. It is a slower acting toxin, being lethal at 24 hours, but not paralytic at 1 hour post-injection (PubMed:1440641). {ECO:0000269|PubMed:1440641, ECO:0000269|PubMed:23473802}.",insect VGSC inhibitor
A4FS04,2OSH,NLYQFKNMIQCTVPSRSWWDFADYGCYCGKGGSGTPVDDLDRCCQVHDNCYNEAEKISGCWPYFKTYSYECSQGTLTCKGGNNACAAAVCDCDRLAAICFAGAPYTDANYNIDLKARCQ,119,Metazoa,Naja atra (Chinese cobra),UniprotKB,Acidic phospholipase A2 natratoxin (svPLA2) (EC 3.1.1.4) (Phosphatidylcholine 2-acylhydrolase),18247353,reviewed,FUNCTION: Snake venom phospholipase A2 (PLA2) that has an effectively inhibitory effect on A-type K(+) currents (Kv/KCN) in acutely dissociated rat dorsal root ganglion (DRG) neurons. This inhibitory effect is independent of its enzymatic activity. PLA2 catalyzes the calcium-dependent hydrolysis of the 2-acyl groups in 3-sn-phosphoglycerides. {ECO:0000269|PubMed:18247353}.,Kav inhibitor
P54135,1SNB,GRDAYIADSENCTYFCGSNPYCNDVCTENGAKSGYCQWAGRYGNACYCIDLPASERIKEPGKCG,64,Metazoa,Mesobuthus martensii (Manchurian scorpion) (Buthus martensii),UniprotKB,Alpha-mammal toxin BmK-M8 (BmK8) (Bmk M8) (BmK-VIII) (BmKVIII),8780783; 10089445,reviewed,"FUNCTION: Alpha toxins bind voltage-independently at site-3 of sodium channels (Nav) and inhibit the inactivation of the activated channels, thereby blocking neuronal transmission. This acidic toxin has a weak toxicity and is active against mammals.",mammalian Nav inhibitor
P01391,1CTX 1LXG 1LXH 1YI5 4AEA 6ZFM 7PC0 7ULG,IRCFITPDITSKDCPNGHVCYTKTWCDAFCSIRGKRVDLGCAATCPTVKTGVDIQCCSTDNCNPFPTRKRP,71,Metazoa,Naja kaouthia (Monocled cobra) (Naja siamensis),UniprotKB,Alpha-cobratoxin (Alpha-CT) (Alpha-CbT) (Alpha-Cbtx) (Alpha-Ctx) (Alpha-elapitoxin-Nk2a) (Alpha-EPTX-Nk2a) (Long neurotoxin 1) (Siamensis 3),18381281; 6771288; 6553056; 2086254; 9053737; 9305882; 9840221; 10574958; 10852927; 26221036; 30025921; 11867717; 6930640; 1939183; 2279844; 1317211; 12133834; 15791209; 22223648,reviewed,"FUNCTION: Monomer: binds with high affinity to muscular (alpha-1-beta-1-gamma-delta/CHRNA1-CHRNB1-CHRNG-CHRND) nAChR (tested on Torpedo californica, Kd=0.2-4.5 nM) and neuronal alpha-7/CHRNA7 nicotinic acetylcholine receptors (Kd=13-105 nM) (PubMed:18381281, PubMed:9305882, PubMed:22223648). Also inhibits GABA(A) channels (PubMed:26221036). Heteropentamer targets studied are composed of alpha-1-beta-3-gamma-2 (GABRA1-GABRB3-GABRG2) subunits (IC(50)=236 nM), alpha-1-beta-2-gamma-2 (GABRA1-GABRB2-GABRG2) subunits (IC(50)=469 nM), alpha-2-beta-2-gamma-2 (GABRA2-GABRB2-GABRG2) subunits (IC(50)=485 nM), alpha-5-beta-3-gamma-2 (GABRA5-GABRB3-GABRG2) subunits (IC(50)=635 nM), and alpha-2-beta-3-gamma-2 (GABRA2-GABRB3-GABRG2) subunits (IC(50)=1099 nM) (activated by 10 uM GABA) (PubMed:26221036). {ECO:0000269|PubMed:18381281, ECO:0000269|PubMed:22223648, ECO:0000269|PubMed:26221036, ECO:0000269|PubMed:30025921}.; FUNCTION: Homodimer: binds with high affinity (but lower than the monomeric form) to muscular (IC(50)=9.7 nM) and with low affinity to neuronal alpha-7/CHRNA7 nAChRs (IC(50)=1370 nM) (PubMed:22223648). However, it acquires (compared to the monomeric form) the capacity to block alpha-3/beta-2 (CHRNA3/CHRNB2) nAChRs (PubMed:18381281). {ECO:0000269|PubMed:18381281, ECO:0000269|PubMed:22223648}.; FUNCTION: Heterodimer with cytotoxin 3 (AC P01446): is slightly more active than the homodimer in inhibiting alpha-7/CHRNA7 nAChR and is considerably more active in blocking the alpha-3-beta-2/CHRNA3-CHRNB2 nAChR. {ECO:0000269|PubMed:22223648}.",nAChR inhibitor 
O77091,1T0Z,MKFFLIFLVIFPIMGVLGKKNGYAVDSSGKVAECLFNNYCNNECTKVYYADKGYCCLLKCYCFGLADDKPVLDIWDSTKNYCDVQIIDLS,90,Metazoa,Mesobuthus martensii (Manchurian scorpion) (Buthus martensii),UniprotKB,Beta-insect excitatory toxin BmK IT-AP (Bm33-I) (Insect toxin-analgesic peptide) (BmKITAP),10400300; 11042276; 10944339,reviewed,"FUNCTION: Excitatory insect beta-toxins induce a spastic paralysis (PubMed:10400300). They bind voltage-independently at site-4 of sodium channels (Nav) and shift the voltage of activation toward more negative potentials thereby affecting sodium channel activation and promoting spontaneous and repetitive firing. In vivo, induces paralysis on insects (PubMed:11042276). When tested on mice, it does not show toxicity but has an analgesic effect (PubMed:10400300).",neurotoxic to insects
P01484,1AHO 1PTX 1SEG  4AEI 6NT4,MNYLVMISLALLFVTGVESVKDGYIVDDVNCTYFCGRNAYCNEECTKLKGESGYCQWASPYGNACYCYKLPDHVRTKGPGRCHGR,85,Metazoa,Androctonus australis (Sahara scorpion),UniprotKB,Alpha-mammal toxin AaH2 (AaH II) (AaHII) (Neurotoxin II) (Toxin II),2808423; 4342910; 4611766; 12911331; 15725394; 23685008; 3174645; 8145259; 15299886; 15133045,reviewed,"FUNCTION: Alpha toxins bind voltage-independently at site-3 of sodium channels (Nav) and inhibit the inactivation of the activated channels, thereby blocking neuronal transmission. The toxin principally slows the inactivation process of TTX-sensitive sodium channels (PubMed:23685008). It is active on rat brain Nav1.2/SCN2A sodium channel (EC(50)=2.6 nM) and on rat skeletal muscle Nav1.4/SCN4A sodium channel (EC(50)=2.2 nM) (PubMed:12911331), as well as on human neuronal Nav1.7/SCN9A (EC(50)=6.8 nM) (PubMed:23685008). This toxin is active against mammals. In vivo, intraplantar injection into mice induces spontaneous pain responses (PubMed:23685008). {ECO:0000269|PubMed:12911331, ECO:0000269|PubMed:23685008}.",mammalian Nav inhibitor
P01382,1NTN 1W6B,ITCYKTPIPITSETCAPGQNLCYTKTWCDAWCGSRGKVIELGCAATCPTVESYQDIKCCSTDDCNPHPKQKRP,73,Metazoa,Naja oxiana (Central Asian cobra) (Oxus cobra),UniprotKB,Alpha-elapitoxin-Nno2a (Alpha-EPTX-Nno2a) (Long neurotoxin 1) (Neurotoxin I) (NT I) (Ntx-1) (Toxin I) (NnoI),4411932; 9305882; 26221036; 2387409; 8458425; 15606783,reviewed,"FUNCTION: Binds with high affinity to muscular (tested on Torpedo marmorata AChR, Kd=0.38 nM) and neuronal (tested on chimeric alpha-7/CHRNA7, Kd=12 nM) nicotinic acetylcholine receptor (nAChR) and inhibits acetylcholine from binding to the receptor, thereby impairing neuromuscular and neuronal transmission (PubMed:9305882). The toxin also shows a very weak inhibition of GABA(A) receptors composed of alpha-1-beta-3-gamma-2 (GABRA1-GABRB3-GABRG2) subunits (PubMed:26221036). {ECO:0000269|PubMed:26221036, ECO:0000269|PubMed:9305882}.",Fish nAChR inhibitor 
P60775,1QKD 1QKE 2ERA 3ERA 5EBX,MKTLLLTLVVVTIVCLDLGYTRICFNHQSSQPQTTKTCSPGESSCYNKQWSDFRGTIIERGCGCPTVKPGIKLSCCESEVCNN,83,Metazoa,Laticauda semifasciata (Black-banded sea krait) (Pseudolaticauda semifasciata),UniprotKB,Erabutoxin a (ETXA) (Ea) (Short neurotoxin 1a),2860927; 12957382; 4941832; 588261; 5166329; 8419369; 7721859; 9305882; 9840221; 265589; 2722828; 9757111; 10691969,reviewed,"FUNCTION: Binds with high affinity to muscular nicotinic acetylcholine receptors (nAChRs) (tested on Torpedo marmorata, Kd=21 uM) and with low affinity to neuronal alpha-7/CHRNA7 nAChRs (tested on chimeric alpha-7/CHRNA7, Kd=0.07 nM) and inhibits acetylcholine from binding to the receptor, thereby impairing neuromuscular transmission (PubMed:7721859). Blocks the extracellular increase of dopamine evoked by nicotine at 4.2 uM concentrations (PubMed:9840221). In vivo, produces peripheral paralysis. {ECO:0000269|PubMed:7721859, ECO:0000269|PubMed:9305882, ECO:0000269|PubMed:9840221}.",Fish nAChR inhibitor 
P15226,1B7D 1NPI,MKGMILFISCLLLIGIVVECKEGYLMDHEGCKLSCFIRPSGYCGRECGIKKGSSGYCAWPACYCYGLPNWVKVWDRATNKCGKK,84,Metazoa,Tityus serrulatus (Brazilian scorpion),UniprotKB,Beta-mammal/insect toxin Ts1 (Beta-like toxin Ts1) (PT-Mice-Ins-beta NaTx6.1) (Tityustoxin VII) (Toxin VII) (Ts VII) (Ts7) (TsTX-VII) (Toxin II-11) (Toxin III-10) (Toxin T2-IV) (Toxin gamma) (T-gamma) (TiTx gamma) (Toxin-g) (TsTX-I),1339357; 8243666; 33181162; 6477555; 4052021; 1993690; 1926167; 25199494; 3651476; 2781589; 9048656; 9611141; 10347806; 10091586; 17698594; 17118417; 19005548; 21670206; 21549737; 24989851; 24560880; 25624450; 25862296; 28634472; 30059695; 31012002; 10388565; 12595696; 19689419; 22355312,reviewed,"FUNCTION: Voltage-gated sodium channels (Nav) gating-modifier. Acts both as alpha- and beta-toxin, since it affects not only activation but also inactivation of Nav channels (PubMed:25862296) (Probable). Binds to Nav domain DII and impairs the four Nav channel voltage sensors movements (PubMed:17698594, PubMed:19005548). Depending on Nav channel subtypes tested, can also bind Nav domains DIII (low affinity) and DIV (very low affinity) (PubMed:17698594, PubMed:19005548, PubMed:25624450). Acts on almost all the Nav channels tested (mammalian Nav1.2/SCN2A, Nav1.3/SCN3A, Nav1.4/SCN4A, Nav1.5/SCN5A, Nav1.6/SCN8A, Nav1.9/SCN11A, and insect DmNav1) (PubMed:9048656, PubMed:17698594, PubMed:21670206, PubMed:24989851, PubMed:25862296, PubMed:31012002). Is highly active against both mammals and insects (PubMed:17118417, PubMed:21549737). Irreversibly modulates DmNav channels (PubMed:25862296). Other Ts1 activities have been studied, such as immunomodulation, antimicrobial activity or exocrine secretion (Probable). This toxin exhibits an antifungal activity against filamentous fungi (PubMed:28634472). In vitro, it has an important immunomodulatory effect on macrophages by stimulating the release of pro-inflammatory cytokines (PubMed:21549737). It also shows an activity in exocrine secretion in pancreas, stomach and adrenal gland (PubMed:1993690, PubMed:9611141, PubMed:10347806). {ECO:0000269|PubMed:10347806, ECO:0000269|PubMed:17118417, ECO:0000269|PubMed:17698594, ECO:0000269|PubMed:19005548, ECO:0000269|PubMed:1993690, ECO:0000269|PubMed:21549737, ECO:0000269|PubMed:21670206, ECO:0000269|PubMed:24989851, ECO:0000269|PubMed:25624450, ECO:0000269|PubMed:25862296, ECO:0000269|PubMed:28634472, ECO:0000269|PubMed:31012002, ECO:0000269|PubMed:9048656, ECO:0000269|PubMed:9611141, ECO:0000305, ECO:0000305|PubMed:30059695}.",mammalian and insect Nav inhibitor
P01396,null,RTCNKTFSDQSKICPPGENICYTKTWCDAWCSQRGKRVELGCAATCPKVKAGVEIKCCSTDDCDKFQFGKPR,72,Metazoa,Dendroaspis polylepis polylepis (Black mamba),UniprotKB,Alpha-elapitoxin-Dpp2a (Alpha-EPTX-Dpp2a) (Long neurotoxin 1) (Neurotoxin gamma) (Toxin VN1),5033401,reviewed,"FUNCTION: Binds with high affinity to muscular (alpha-1/CHRNA1) and neuronal (alpha-7/CHRNA7) nicotinic acetylcholine receptor (nAChR) and inhibits acetylcholine from binding to the receptor, thereby impairing neuromuscular and neuronal transmission. {ECO:0000250|UniProtKB:P60615}.",nAChR inhibitor 
P84646,4HHF,GVRDAYIADDKNCVYTCASNGYCNTECTKNGAESGYCQWIGRYGNACWCIKLPDEVPIRIPGKCR,65,Metazoa,Odontobuthus doriae (Yellow Iranian scorpion),UniprotKB,Alpha-toxin OD1,16038905; 16641312; 26999206; 23527544,reviewed,"FUNCTION: Alpha toxins bind voltage-independently at site-3 of sodium channels and inhibit the inactivation of the activated channels. The toxin affect mammalian sodium channels Nav1.7/SCN9A (EC(50)=4.5 nM), Nav1.4/SCN4A (EC(50)=9.6 nM), Nav1.6/SCN8A (EC(50)=30 nM), Nav1.5/SCN5A (only at micromolar concentrations), and insect sodium channel para/tipE (EC(50)=80 nM) (PubMed:16038905, PubMed:16641312, PubMed:23527544). In vivo, intraplantar administration of this toxin elicits pain behaviors, including licking and flinching of the hind paw (PubMed:26999206). {ECO:0000269|PubMed:16038905, ECO:0000269|PubMed:16641312, ECO:0000269|PubMed:23527544}.",mammalian and insect Nav inhibitor
P60616,1HC9 2QC1 4HQP 4UY2 5HBT 5HBV 7KOO,MKTLLLTLVVVTIVCLDLGYTIVCHTTATSPISAVTCPPGENLCYRKMWCDVFCSSRGKVVELGCAATCPSKKPYEEVTCCSTDKCNPHPKQRPG,95,Metazoa,Bungarus multicinctus (Many-banded krait),UniprotKB,Alpha-bungarotoxin isoform V31 (Alpha-BTX V31) (Alpha-Bgt(V31)) (BGTX V31) (Long neurotoxin 1),10497260; 3401449; 9837992; 11683996,reviewed,"FUNCTION: Binds with high affinity to muscular (alpha-1/CHRNA1) and neuronal (alpha-7/CHRNA7) nicotinic acetylcholine receptor (nAChR) and inhibits acetylcholine from binding to the receptor, thereby impairing neuromuscular and neuronal transmission. {ECO:0000250|UniProtKB:P60615, ECO:0000269|PubMed:10497260}.",nAChR inhibitor 
P60615,1ABT 1BXP 1HAA 1HAJ 1HC9 1HOY 1IDG 1IDH 1IDI 1IDL 1IK8 1IKC 1JBD 1KC4 1KFH 1KL8 1L4W 1LJZ 1RGJ 2ABX 2BTX 6UWZ 8DA1,MKTLLLTLVVVTIVCLDLGYTIVCHTTATSPISAVTCPPGENLCYRKMWCDAFCSSRGKVVELGCAATCPSKKPYEEVTCCSTDKCNPHPKQRPG,95,Metazoa,Bungarus multicinctus (Many-banded krait),UniprotKB,"Alpha-bungarotoxin (Alpha-Bgtx) (Alpha-Btx) (Alpha-bungarotoxin, isoform A31) (Alpha-BTX A31) (Alpha-BgTx(A31)) (Alpha-bungarotoxin (A31)) (BGTX A31) (Alpha-elapitoxin-Bm2a) (Alpha-EPTX-Bm2a) (Long neurotoxin 1)",9837992; 10497260; 5027709; 3653402; 2458724; 7488184; 3401449; 2476330; 9305882; 9840221; 16549768; 26221036; 25634239; 3507686; 3401447; 3401448; 8241115; 9177168; 11312275; 11381118; 11814338; 11790782; 12160749,reviewed,"FUNCTION: Binds with high affinity to muscular (tested on Torpedo marmorata, Kd=0.4 nM) and neuronal (tested on chimeric alpha-7/CHRNA7, Kd=0.95 nM) nicotinic acetylcholine receptor (nAChR) and inhibits acetylcholine from binding to the receptor, thereby impairing neuromuscular and neuronal transmission (PubMed:9305882). It also shows an activity on GABA(A) receptors (PubMed:16549768, PubMed:25634239). It antagonises GABA-activated currents with high potency when tested on primary hippocampal neurons (PubMed:25634239). It inhibits recombinantly expressed GABA(A) receptors composed of alpha-2-beta-2-gamma-2 (GABRA2-GABRB2-GABRG2) subunits with high potency (62.3% inhibition at 20 uM of toxin) (PubMed:25634239). It also shows a weaker inhibition on GABA(A) receptors composed of alpha-1-beta-2-gamma-2 (GABRA1-GABRB2-GABRG2) subunits, alpha-4-beta-2-gamma-2 (GABRA4-GABRB2-GABRG2) subunits, and alpha-5-beta-2-gamma-2 (GABRA5-GABRB2-GABRG2) subunits (PubMed:25634239). A very weak inhibition is also observed on GABA(A) receptor composed of alpha-1-beta-3-gamma-2 (GABRA1-GABRB3-GABRG2) (PubMed:26221036). It has also been shown to bind and inhibit recombinant GABA(A) receptor beta-3/GABRB3 subunit (Kd=about 50 nM) (PubMed:16549768). In addition, it blocks the extracellular increase of dopamine evoked by nicotine only at the higher dose (4.2 uM) (PubMed:9840221). In vivo, when intraperitoneally injected into mice, induces flaccid paralysis of the limbs and respiratory distress, and causes death in a dose-dependent manner. {ECO:0000269|PubMed:16549768, ECO:0000269|PubMed:25634239, ECO:0000269|PubMed:9305882, ECO:0000269|PubMed:9840221}.",Fish nAChR inhibitor 
P59854,1KV0,VRDGYIALPHNCAYGCLNNEYCNNLCTKDGAKIGYCNIVGKYGNACWCIQLPDNVPIRVPGRCHPA,66,Metazoa,Mesobuthus martensii (Manchurian scorpion) (Buthus martensii),UniprotKB,Alpha-like toxin BmK-M7 (BmKM7) (Bmk M7),15321715; 12370033,reviewed,"FUNCTION: Alpha toxins bind voltage-independently at site-3 of sodium channels (Nav) and inhibit the inactivation of the activated channels, thereby blocking neuronal transmission. This toxin is active on both mammals and insects. It can be considered as a cardiotoxin, as it can bind to human cardiac sodium channel and modify its normal properties. {ECO:0000269|PubMed:12370033}.",mammalian and insect Nav inhibitor
Q53B58,7ULQ,MKTLLLTLVVVTIVCLDLGYTTKCYVTPDVKSETCPAGQDICYTETWCDAWCTSRGKRVNLGCAATCPIVKPGVEIKCCSTDNCNPFPTRKRP,93,Metazoa,Ophiophagus hannah (King cobra) (Naja hannah),UniprotKB,Alpha-elapitoxin-Oh3a (CM-11) (Long neurotoxin OH-55),15302536; 35341214,reviewed,"FUNCTION: Binds to muscular and neuronal nicotinic acetylcholine receptor (nAChR) and inhibits acetylcholine from binding to the receptor, thereby impairing neuromuscular and neuronal transmission (PubMed:35341214). Pseudo-irreversibly inhibits twitches in chick biventer cervicis nerve-muscle preparations in a concentration-dependent manner (PubMed:35341214). {ECO:0000269|PubMed:35341214}.",nAChR inhibitor 
