B3EWF4,3MOZ_A,0.013,35.0,22.034,ALSKKIENFESYIEDLKSEARECIPLYNDCTAFKYNNNCCKDPEKKYQYKCSCIVCKEG,ARAERPQDFEGFVWRLDNDGKEALP-----RNFRTSADALRAPEKKFHLDAAYVPSREG
B3EWF4,3MMJ_A,0.013,35.0,22.034,ALSKKIENFESYIEDLKSEARECIPLYNDCTAFKYNNNCCKDPEKKYQYKCSCIVCKEG,ARAERPQDFEGFVWRLDNDGKEALP-----RNFRTSADALRAPEKKFHLDAAYVPSREG
B3EWF4,4JBC_A,0.029,34.3,21.311,ALSKKIENFESYIEDLKSEARECIPLYNDCTAFKYNNNCCKDPEKKYQYKCSCIVCKEGKE,ARAERPQDFEGFVWRLLNDGKEALP-----RNFRTSADALRAPEKKFHLDAAYVPSREGXD
B3EWF4,2MZF_A,0.56,28.9,27.632,ARECIPLYNDCTAFKYNNNCCKDPEKKYQYKCSCIVCKEGKEQ---CTCQRKETVESMMKCVRFVKKVGEKVIEKV,AKACTPLLHDCSHDRHS--CCRG--DMFKYVCDCFY-PEGEDKTEVCSCQQPKS-----------HKIAEKIIDKA
B3EWF4,1U24_A,0.60,30.4,21.311,ALSKKIENFESYIEDLKSEARECIPLYNDCTAFKYNNNCCKDPEKKYQYKCSCIVCKEGKE,ARAERPQDFEGFVWRLDNDGKEALP-----RNFRTSADALRAPEKKFHLDAAYVPSREGXD
B3EWF4,2B4U_A,0.60,30.4,21.311,ALSKKIENFESYIEDLKSEARECIPLYNDCTAFKYNNNCCKDPEKKYQYKCSCIVCKEGKE,ARAERPQDFEGFVWRLDNDGKEALP-----RNFRTSADALRAPEKKFHLDAAYVPSREGXD
B3EWF4,2B4P_A,0.80,30.0,21.311,ALSKKIENFESYIEDLKSEARECIPLYNDCTAFKYNNNCCKDPEKKYQYKCSCIVCKEGKE,ARAERPQDFEGFVWRLDNDGKEALP-----RNFRTSADALRAPEKKFHLDAAYVPSREGMD
B3EWF4,2B4O_A,0.80,30.0,21.311,ALSKKIENFESYIEDLKSEARECIPLYNDCTAFKYNNNCCKDPEKKYQYKCSCIVCKEGKE,ARAERPQDFEGFVWRLDNDGKEALP-----RNFRTSADALRAPEKKFHLDAAYVPSREGMD
B3EWF4,1U26_A,0.80,30.0,21.311,ALSKKIENFESYIEDLKSEARECIPLYNDCTAFKYNNNCCKDPEKKYQYKCSCIVCKEGKE,ARAERPQDFEGFVWRLDNDGKEALP-----RNFRTSADALRAPEKKFHLDAAYVPSREGMD
B3EWF4,2PSZ_A,0.80,30.0,21.311,ALSKKIENFESYIEDLKSEARECIPLYNDCTAFKYNNNCCKDPEKKYQYKCSCIVCKEGKE,ARAERPQDFEGFVWRLDNDGKEALP-----RNFRTSADALRAPEKKFHLDAAYVPSREGMD
B3EWF4,2PT0_A,0.80,30.0,21.311,ALSKKIENFESYIEDLKSEARECIPLYNDCTAFKYNNNCCKDPEKKYQYKCSCIVCKEGKE,ARAERPQDFEGFVWRLDNDGKEALP-----RNFRTSADALRAPEKKFHLDAAYVPSREGMD
B3EWF4,3O3L_A,0.80,30.0,21.311,ALSKKIENFESYIEDLKSEARECIPLYNDCTAFKYNNNCCKDPEKKYQYKCSCIVCKEGKE,ARAERPQDFEGFVWRLDNDGKEALP-----RNFRTSADALRAPEKKFHLDAAYVPSREGMD
B3EWF4,4WTY_A,0.80,30.0,21.311,ALSKKIENFESYIEDLKSEARECIPLYNDCTAFKYNNNCCKDPEKKYQYKCSCIVCKEGKE,ARAERPQDFEGFVWRLDNDGKEALP-----RNFRTSADALRAPEKKFHLDAAYVPSREGMD
B3EWF4,5XSY_A,3.3,28.5,35.714,IEDLKSEARECIPLYNDCTAFKYNNNCC,LEDLEAARRPCPPVWYKFAGFVFKWNCC
B3EWF4,6G03_A,4.7,27.3,37.500,QSALSKKIENFESYIEDLKSE--ARECIPLYNDCTAFKYN,ETLLYAMIDEFETNVEDDSALPIAVEVINIYNDCFNLNYN
B3EWF4,7SGL_A,7.1,27.3,30.000,KDPEKKYQYKCSCIVCKEGKEQCTCQRKETVESMMKCVRFVKKVGEKVIE,EDPEK---YSCFALFVKFGKEVAVKMKQYKDELLASCLTFLLSLPHNIIE
B3EWF4,5W1R_A,7.1,27.3,30.000,KDPEKKYQYKCSCIVCKEGKEQCTCQRKETVESMMKCVRFVKKVGEKVIE,EDPEK---YSCFALFVKFGKEVAVKMKQYKDELLASCLTFLLSLPHNIIE
B3EWF4,7NFC_A,7.1,27.3,30.000,KDPEKKYQYKCSCIVCKEGKEQCTCQRKETVESMMKCVRFVKKVGEKVIE,EDPEK---YSCFALFVKFGKEVAVKMKQYKDELLASCLTFLLSLPHNIIE
B3EWF4,6ZFP_A,7.1,27.3,30.000,KDPEKKYQYKCSCIVCKEGKEQCTCQRKETVESMMKCVRFVKKVGEKVIE,EDPEK---YSCFALFVKFGKEVAVKMKQYKDELLASCLTFLLSLPHNIIE
B3EWF4,5Y3R_C,7.2,27.3,30.000,KDPEKKYQYKCSCIVCKEGKEQCTCQRKETVESMMKCVRFVKKVGEKVIE,EDPEK---YSCFALFVKFGKEVAVKMKQYKDELLASCLTFLLSLPHNIIE
B3EWF4,6TME_A,7.2,27.3,25.397,KIENFESYIEDLKSEARECIPLYNDCTAFKYNNNCCKD-PEKKYQYKCSCIVCKE---GKEQC,KLSNFTFSYNFFNGEAQSCVPGSSQEKQFDDTSNCLQNRPNQKSAKECLPVVSRPVDCSKDKC
B3EWF4,6QWN_A,7.2,27.3,25.397,KIENFESYIEDLKSEARECIPLYNDCTAFKYNNNCCKD-PEKKYQYKCSCIVCKE---GKEQC,KLSNFTFSYNFFNGEAQSCVPGSSQEKQFDDTSNCLQNRPNQKSAKECLPVVSRPVDCSKDKC
B3EWF4,7K17_A,7.6,27.3,30.000,KDPEKKYQYKCSCIVCKEGKEQCTCQRKETVESMMKCVRFVKKVGEKVIE,EDPEK---YSCFALFVKFGKEVAVKMKQYKDELLASCLTFLLSLPHNIIE
B3EWF4,5LUQ_A,8.4,27.3,30.000,KDPEKKYQYKCSCIVCKEGKEQCTCQRKETVESMMKCVRFVKKVGEKVIE,EDPEK---YSCFALFVKFGKEVAVKXKQYKDELLASCLTFLLSLPHNIIE
B3EWF5,2MZF_A,0.79,28.5,32.075,ARECIPLYNDCKEFKYNNNCCKDPEKKYQYKCSCIMCEGGE--EQCTCQRKET,AKACTPLLHDCSHDRHS--CCRG--DMFKYVCDCFYPEGEDKTEVCSCQQPKS
B3EWF5,6K0A_C,3.6,28.1,24.324,ALCFFILQTALSEDKYESFESYVEDLKSGNMKGEARECIPLYNDCKEFKYNNNCCKDPEKKYQYKCSCIMCEGG,GFVFYQYDDEFSKDRYEEVKAIAESYK-----------LKVYSGVKIKTESSKQLRDKVKKFRNKCHIILIEGG
B3EWF5,6TME_A,4.6,27.7,34.286,GEARECIPLYNDCKEFKYNNNCCKD-PEKKYQYKC,GEAQSCVPGSSQEKQFDDTSNCLQNRPNQKSAKEC
B3EWF5,6QWN_A,4.7,27.7,34.286,GEARECIPLYNDCKEFKYNNNCCKD-PEKKYQYKC,GEAQSCVPGSSQEKQFDDTSNCLQNRPNQKSAKEC
B3EWF6,2MZF_A,0.013,33.1,35.849,ARECVPLENDCTKLKYSNPCCKDEKKKYQYKCSCIV----DKTEQCTCQRKET,AKACTPLLHDCSHDRHS--CCRGDM--FKYVCDCFYPEGEDKTEVCSCQQPKS
B3EWF6,4GN1_A,1.1,29.6,27.174,EDTYEDLQNYIENLINENQDEARECVPLENDCTKLKYSNPCCKDEKKKYQYKCSCIVDKT-----EQCTCQRKETVEKMMKGMKYIKNLGKK,ERIFEDHENLVENLLNWTRDSQNKLIFMERIEKYALFKNPQNYLLGKK---ETAEMADRNKEVLLEECFCGSSVTVPE-IEGVLWLKDDGKK
B3EWF6,4GMV_A,1.4,29.3,27.174,EDTYEDLQNYIENLINENQDEARECVPLENDCTKLKYSNPCCKDEKKKYQYKCSCIVDKT-----EQCTCQRKETVEKMMKGMKYIKNLGKK,ERIFEDHENLVENLLNWTRDSQNKLIFMERIEKYALFKNPQNYLLGKK---ETAEMADRNKEVLLEECFCGSSVTVPE-IEGVLWLKDDGKK
B3EWF6,5VTS_A,2.1,28.5,37.500,YEDLQNYIENLINENQDEARECVPLENDCTKL,FGDHTEKVFNLMMEVADRATDCVPLASDASTL
B3EWF6,5VTT_A,2.1,28.5,37.500,YEDLQNYIENLINENQDEARECVPLENDCTKL,FGDHTEKVFNLMMEVADRATDCVPLASDASTL
B3EWF6,7ACP_A,2.1,28.5,37.500,YEDLQNYIENLINENQDEARECVPLENDCTKL,FGDHTEKVFNLMMEVADRATDCVPLASDASTL
B3EWF6,3IXF_A,2.2,28.1,37.500,YEDLQNYIENLINENQDEARECVPLENDCTKL,FGDHTEKVFNLMMEVADRATDCVPLASDASTL
B3EWF6,5V5Q_A,2.2,28.1,37.500,YEDLQNYIENLINENQDEARECVPLENDCTKL,FGDHTEKVFNLMMEVADRATDCVPLASDASTL
B3EWF6,5VLX_A,2.4,28.1,37.500,YEDLQNYIENLINENQDEARECVPLENDCTKL,FGDHTEKVFNLMMEVADRATDCVPLASDASTL
B3EWF6,4RKF_A,2.5,28.5,27.273,ALCFILLQNVLGEDTYEDLQNYIENLINENQDEARECVPLENDC,AMGFILMYDVTNEDSFNSVQDWVTQIKTYSWDNA-QVILVGNKC
B3EWF6,4JAC_A,3.7,27.7,37.500,YEDLQNYIENLINENQDEARECVPLENDCTKL,FGDHSEKVFNLMMEVADRATDCVPLASDANTL
B3EWF6,3OJ1_A,4.0,27.7,37.838,LGEDTYEDLQNYIENLINENQDEARECVPLENDCTKL,FGDDTEK-----VFNLMMEVADRATDCVPLASDANTL
B3EWF6,4HSW_A,5.5,27.3,37.500,YEDLQNYIENLINENQDEARECVPLENDCTKL,FGDHTEKVFNLMMEVADRATDCVPLASDANTL
B3EWF6,1EW6_A,5.6,26.9,37.500,YEDLQNYIENLINENQDEARECVPLENDCTKL,FGDHTEKVFNLMMEVADRATDCVPLASDANTL
B3EWF6,5V5R_A,5.7,26.9,37.500,YEDLQNYIENLINENQDEARECVPLENDCTKL,FGDHTEKVFNLMMEVADRATDCVPLASDANTL
B3EWF6,4KN3_A,5.8,26.9,37.500,YEDLQNYIENLINENQDEARECVPLENDCTKL,FGDHTEKVFNLMMEVADRATDCVPLASDANTL
B3EWF6,4KMW_A,6.1,26.9,37.500,YEDLQNYIENLINENQDEARECVPLENDCTKL,FGDHTEKVFNLMMEVADRATDCVPLASDANTL
B3EWF6,3MYN_A,6.4,26.9,37.500,YEDLQNYIENLINENQDEARECVPLENDCTKL,FGDHTEKVFNLMMEVADRATDCVPLASDANTL
B3EWF6,7MNH_A,6.7,26.9,47.826,NLINENQDEARECVPLENDCTKL,NLMMEVADRATDCVPLASDANTL
B3EWF6,3MYM_A,6.7,26.9,37.500,YEDLQNYIENLINENQDEARECVPLENDCTKL,FGDHTEKVFNLMMEVADRATDCVPLASDANTL
B3EWF6,3K3U_A,7.1,26.9,47.826,NLINENQDEARECVPLENDCTKL,NLMMEVADRATDCVPLASDANTL
B3EWF6,3MWG_A,8.4,26.9,29.545,NVLGEDTYEDLQNYIENLINENQDEARECVPLEN-DCTKLKYSNPCCKDEKKKYQYKCSCIVDKTEQCTCQRKETVEKMMKGMKYIKN,NDLGFKRNKDLQKQVDNGKDIIQLTSKESIPLXNADHIFVVKSDPNAKD---------AALVKKTESEWTSSKE-----WKNLDAVKN
1CN2,2YBR_C,3.43e-44,137,100.000,KEGYLVDKNTGCKYECLKLGDNDYCLRECKQQYGKGAGGYCYAFACWCTHLYEQAIVWPLPNKRCS,KEGYLVDKNTGCKYECLKLGDNDYCLRECKQQYGKGAGGYCYAFACWCTHLYEQAIVWPLPNKRCS
1CN2,1CN2_A,3.52e-44,137,100.000,KEGYLVDKNTGCKYECLKLGDNDYCLRECKQQYGKGAGGYCYAFACWCTHLYEQAIVWPLPNKRCS,KEGYLVDKNTGCKYECLKLGDNDYCLRECKQQYGKGAGGYCYAFACWCTHLYEQAIVWPLPNKRCS
1CN2,2LJM_A,1.87e-40,128,89.394,KEGYLVDKNTGCKYECLKLGDNDYCLRECKQQYGKGAGGYCYAFACWCTHLYEQAIVWPLPNKRCS,KEGYLVSKSTGCKYECLKLGDNDYCLRECKQQYGKSSGGYCYAFACWCTHLYEQAVVWPLPNKTCN
1CN2,2LI7_A,2.81e-40,127,89.394,KEGYLVDKNTGCKYECLKLGDNDYCLRECKQQYGKGAGGYCYAFACWCTHLYEQAIVWPLPNKRCS,KEGYLVSKSTGCKYECLKLGDNDYCLRECKQQYGKSSGGYCYAFACWCTHLYEQAVVWPLPNKTCN
1CN2,6VXW_A,5.49e-35,114,80.000,KEGYLVDKNTGCKYECLKLGDNDYCLRECKQQYGKGAGGYCYAFACWCTHLYEQAIVWPLPNKRC,KEGYLVDYHTGCKYTCAKLGDNDYCVRECRLRYYQSAHGYCYAFACWCTHLYEQAVVWPLPNKRC
1CN2,1JZA_A,8.85e-24,85.9,63.636,KEGYLVDKNTGCKYECLKLGDNDYCLRECKQQYGKGAGGYCYAFACWCTHLYEQAIVWPLPNKRCS,KEGYLVNKSTGCKYGCLKLGENEGCDKECKAKNQGGSYGYCYAFACWCEGLPESTPTYPLPNKSCS
1CN2,2KJA_A,7.21e-22,80.9,60.606,KEGYLVDKNTGCKYECLKLGDNDYCLRECKQQYGKGAGGYCYAFACWCTHLYEQAIVWPLPNKRCS,KEGYLVNKSTGCKYGCLLLGKNEGCDKECKAKNQGGSYGYCYAFGCWCEGLPESTPTYPLPNKSCS
1CN2,2SN3_A,1.65e-21,80.1,61.538,KEGYLVDKNTGCKYECLKLGDNDYCLRECKQQYGKGAGGYCYAFACWCTHLYEQAIVWPLPNKRC,KEGYLVKKSDGCKYGCLKLGENEGCDTECKAKNQGGSYGYCYAFACWCEGLPESTPTYPLPNKSC
1CN2,1VNA_A,1.30e-20,77.8,58.462,KEGYLVDKNTGCKYECLKLGDNDYCLRECKQQYGKGAGGYCYAFACWCTHLYEQAIVWPLPNKRC,KEGYLVKKSDGCKYDCFWLGKNEHCNTECKAKNQGGSYGYCYAFACWCEGLPESTPTYPLPNKSC
1CN2,1B3C_A,6.10e-19,73.6,56.923,KEGYLVDKNTGCKYECLKLGDNDYCLRECKQQYGKGAGGYCYAFACWCTHLYEQAIVWPLPNKRC,KDGYLVEK-TGCKKTCYKLGENDFCNRECKWKHIGGSYGYCYGFGCYCEGLPDSTQTWPLPNKTC
1CN2,1I6F_A,2.52e-07,43.9,41.538,KEGYLVDKNTGCKYECLKLGDNDYCLRECKQQYGKGAGGYCYAFACWCTHLYEQAIVWPLPNKRC,KDGYPVD-SKGCKLSCVA---NNYCDNQCKMK--KASGGHCYAMSCYCEGLPENAKVSDSATNIC
1CN2,1PE4_A,1.84e-06,42.0,38.983,KEGYLVDKNTGCKYECLKLGDND-YCLRECKQQYGKGAGGYCYAFACWCTHLYEQAIVW,RDGYPLASN-GCKFGCSGLGENNPTCNHVCEKKAGSDYG-YCYAWTCYCEHVAEGTVLW
1CN2,1B7D_A,2.44e-05,38.9,41.538,KEGYLVDKNTGCKYECLKLGDNDYCLRECKQQYGKGAGGYCYAFACWCTHLYEQAIVWPLPNKRC,KEGYLMD-HEGCKLSCF-IRPSGYCGRECGIK--KGSSGYCAWPACYCYGLPNWVKVWDRATNKC
1CN2,1NRA_A,0.035,30.8,40.678,KEGYLVDKNTGCKYECLKLGDNDYCLRECKQQYGKGAGGYCY--AFACWCTHLYEQAIV,KDGYPVDSGN-CKYECLK---DDYCNDLCLER--KADKGYCYWGKVSCYCYGLPDNSPT
1CN2,6THI_A,0.11,29.6,39.683,KEGYLVDKNTGCKYECLKLGDNDYCLRECKQQYGKGA-GGYC-----YAFACWCTHLYEQAIV,RDGYIAD-DKNCAYFC---GRNAYCDEECKK---KGAESGYCQWAGQYGNACWCYKLPDKVPI
1CN2,2I61_A,0.83,27.3,37.313,EGYLVDKNTGCKYECLKLGDNDYCLRECKQQYGKGAGGYCYAF--ACWCTHLYEQAIVWPLPNKRCS,DGY-IKRRDGCKVACLI--GNEGCDKECKA-YG-GSYGYCWTWGLACWCEGLPDDK-TWKSETNTCG
1CN2,1WWN_A,0.88,27.3,33.871,KEGYLVDKNTGCKYECLKLGDNDYCLRECKQQYGKGAGGYCYAFACWCTHLYEQAIVWPLPN,KNGYAVD-SSGKVSECLL---NNYCNNICTKVY-YATSGYCCLLSCYCFGLDDDKAVLKIKD
1CN2,1MTX_A,1.7,26.2,37.500,LKLGDNDYCLRECKQQYGKGAGGYCYAFACWC,VKCTSPKQCLPPCKAQFGQSAGAKCMNGKCKC
1CN2,1T0Z_A,2.0,26.6,36.667,KEGYLVDKNTGCKYECLKLGDNDYCLRECKQQYGKGAGGYCYAFACWCTHLYEQAIVWPL,KNGYAVD-SSGKVAECLF---NNYCNNECTKVY-YADKGYCCLLKCYCFGLADDKPVLDI
1CN2,1IYK_A,3.6,26.6,44.000,YECLKLGDNDYCLRECKQQYGKGAG,FNCLTCQDNTYFLKDCK--FGSGDG
1CN2,1BCG_A,6.0,25.4,33.871,KEGYLVDKNTGCKYECLKLGD--NDYCLRECKQQYGKGAGGYCYAFACWCTHLYEQAIVWPL,KNGYPLDRN-GKTTECSGVNAIAPHYCNSECTKVY-YAESGYCCWGACYCFGLEDDKPIGPM
1CN2,4KYP_A,6.1,25.4,33.871,KEGYLVDKNTGCKYECLKLGD--NDYCLRECKQQYGKGAGGYCYAFACWCTHLYEQAIVWPL,KNGYPLDRN-GKTTECSGVNAIAPHYCNSECTKVY-YAESGYCCWGACYCFGLEDDKPIGPM
