Entry,Sequence,Lenth,Kingdom,Organism,DBsource,Definition,PMD_ID,Title,Function
P01448,LECNKLVPIAHKTCPAGKNLCYQMYMVSKSTIPVKRGCIDVCPKSSLLVKYVCCNTDRCN,60,Metazoa,Naja melanoleuca (Forest cobra) (Black-lipped cobra),,Cytotoxin 1 (Cytotoxin V(II)1),96866,,"FUNCTION: Shows cytolytic activity on many different cells by forming pore in lipid membranes. In vivo, increases heart rate or kills the animal by cardiac arrest. In addition, it binds to heparin with high affinity, interacts with Kv channel-interacting protein 1 (KCNIP1) in a calcium-independent manner, and binds to integrin alpha-V/beta-3 (ITGAV/ITGB3) with moderate affinity. {ECO:0000250|UniProtKB:P60301, ECO:0000250|UniProtKB:P60304}."
P00599,NLYQFKNMIHCTVPNRPWWHFANYGCYCGRGGKGTPVDDLDRCCQIHDKCYDEAEKISGCWPYIKTYTYESCQGTLTCKDGGKCAASVCDCDRVAANCFARATYNDKNYNIDFNARCQ,118,Metazoa,Naja melanoleuca (Forest cobra) (Black-lipped cobra),,Basic phospholipase A2 1 (svPLA2) (EC 3.1.1.4) (DE-I) (Phosphatidylcholine 2-acylhydrolase),1122292; 1122290,,FUNCTION: PLA2 catalyzes the calcium-dependent hydrolysis of the 2-acyl groups in 3-sn-phosphoglycerides.
P00600,NLYQFKNMIQCTVPNRSWWHFANYGCYCGRGGSGTPVDDLDRCCQIHDNCYGEAEKISGCWPYIKTYTYESCQGTLTSCGANNKCAASVCDCDRVAANCFARATYNDKNYNIDFNARCQ,119,Metazoa,Naja melanoleuca (Forest cobra) (Black-lipped cobra),,Acidic phospholipase A2 DE-II (svPLA2) (EC 3.1.1.4) (Phosphatidylcholine 2-acylhydrolase),1122292,,FUNCTION: PLA2 catalyzes the calcium-dependent hydrolysis of the 2-acyl groups in 3-sn-phosphoglycerides.
P00601,NLYQFKNMIHCTVPNRSWWHFANYGCYCGRGGSGTPVDDLDRCCQIHDNCYGEAEKISGCWPYIKTYTYDSCQGTLTSCGAANNCAASVCDCDRVAANCFARAPYIDKNYNIDFNARCQ,119,Metazoa,Naja melanoleuca (Forest cobra) (Black-lipped cobra),,Acidic phospholipase A2 DE-III (svPLA2) (EC 3.1.1.4) (Phosphatidylcholine 2-acylhydrolase),1122291,,FUNCTION: PLA2 catalyzes the calcium-dependent hydrolysis of the 2-acyl groups in 3-sn-phosphoglycerides.
P01383,KRCYRTPDLKSQTCPPGEDLCYTKKWCADWCTSRGKVIELGCVATCPKVKPYEQITCCSTDNCNPHPKMKP,71,Metazoa,Naja melanoleuca (Forest cobra) (Black-lipped cobra),,Long neurotoxin 1 (Neurotoxin 3.9.4),4830190,,"FUNCTION: Binds with high affinity to muscular (alpha-1/CHRNA1) and neuronal (alpha-7/CHRNA7) nicotinic acetylcholine receptor (nAChR) and inhibits acetylcholine from binding to the receptor, thereby impairing neuromuscular and neuronal transmission. {ECO:0000250|UniProtKB:P60615}."
P01388,IRCFITPDVTSQICADGHVCYTKTWCDNFCASRGKRVDLGCAATCPTVKPGVNIKCCSTDNCNPFPTRNRP,71,Metazoa,Naja melanoleuca (Forest cobra) (Black-lipped cobra),,Long neurotoxin 2 (Neurotoxin B) (Tx-NM4),4112538; 33672715,,"FUNCTION: Binds with high affinity to muscular (alpha-1-beta-1-gamma-delta/CHRNA1-CHRNB1-CHRNG-CHRND) and neuronal (alpha-7/CHRNA7) nicotinic acetylcholine receptor (nAChR) and inhibits acetylcholine from binding to the receptor, thereby impairing neuromuscular and neuronal transmission (PubMed:33672715). Ranges of nAChR inhibition are in nanomolar (competitive binding with alpha-bungarotoxin gives Ki=2.17 nM on muscle nAChR and Ki=26.9 nM on alpha-7) (PubMed:33672715). Also shows low inhibition on GABA(A) receptors (IC(50)~10 uM on all receptors tested: alpha-1-beta-3-gamma-2 (GABRA1-GABRB3-GABRG2), alpha-1-beta-2-gamma-2 (GABRA1-GABRB2-GABRG2), and alpha-3-beta-2-gamma-2 (GABRA3-GABRB2-GABRG2)) (PubMed:33672715). {ECO:0000269|PubMed:33672715}."
P01473,IKCHNTPLPFIYKTCPEGNNLCFKGTLKFPKKITYKRGCADACPKTSALVKYVCCNTDKCN,61,Metazoa,Naja melanoleuca (Forest cobra) (Black-lipped cobra),,Cytotoxin homolog 3 (Venom component 3.20),1175634,,FUNCTION: Has low cytotoxic activity. {ECO:0000250|UniProtKB:P14541}.
P01474,IKCHNTLLPFIYKTCPEGQNLCFKGTLKFPKKTTYNRGCAATCPKSSLLVKYVCCNTNKCN,61,Metazoa,Naja melanoleuca (Forest cobra) (Black-lipped cobra),,Cytotoxin homolog 2 (Cytotoxin homolog V-II-2/V-II-3),4842298,,FUNCTION: Has low cytotoxic activity. {ECO:0000250|UniProtKB:P14541}.
P01424,MECHNQQSSQPPTTKTCPGETNCYKKQWSDHRGTIIERGCGCPSVKKGVKINCCTTDRCNN,61,Metazoa,Naja melanoleuca (Forest cobra) (Black-lipped cobra),,Short neurotoxin 1 (Neurotoxin D),4112538,,"FUNCTION: Binds to muscle nicotinic acetylcholine receptor (nAChR) and inhibit acetylcholine from binding to the receptor, thereby impairing neuromuscular transmission. {ECO:0000250|UniProtKB:P60775}."
C0HLR6,KGGYPVDSKGCKISCVINNEYCSRDCTSGYCYFLRWGLACWCDGVPPQR,49,Metazoa,Rhopalurus crassicauda (Scorpion),,Beta-toxin Rc1,32973807,,"FUNCTION: Beta toxins bind voltage-independently at site-4 of sodium channels (Nav) and shift the voltage of activation toward more negative potentials thereby affecting sodium channel activation and promoting spontaneous and repetitive firing (PubMed:32973807). This toxin acts on X.laevis Nav1.6/SCN8A and insect BgNav1 channels, and also displays a small but significant effect on X.laevis Nav1.4/SCN4A channels (PubMed:32973807). In mice induces nociception (licking and lifting behaviors) during the first 15 minutes after injection, and increases the release of TNF-alpha in J774.1 cells (PubMed:32973807). {ECO:0000269|PubMed:32973807}."
H1ZZI3,MNCLMLIFVVFLLAFGVECKKDDYPVDTAKRNCMLDCNVWDDEGYCDKFCKGRKADSGYCYKLKAACYCYGLPDDSPTKTSGRCNPNVR,89,Metazoa,Tityus obscurus (Amazonian scorpion) (Tityus cambridgei),,Toxin To14 (T-alpha* NaTx3.10) (Toxin Tc41) (Toxin To41),22355312; 15025998,,FUNCTION: Inhibits voltage-gated sodium channels (Nav). {ECO:0000305}.
P84685,MSIFPIILALLLIGLDEGEALDGYPLSKNNYCKIYCPDEKVCKWSCKHRAGATNGKGDCINKGCYCYDVAPGTEMYPGRLPCNPY,85,Metazoa,Tityus obscurus (Amazonian scorpion) (Tityus cambridgei),,Toxin To6 (PT-alpha* NaTx7.5) (Toxin Tc43) (Toxin To43),22355312; 15025998,,FUNCTION: Beta toxins bind voltage-independently at site-4 of sodium channels (Nav) and shift the voltage of activation toward more negative potentials thereby affecting sodium channel activation and promoting spontaneous and repetitive firing. {ECO:0000250}.
P60212,MIRFVLFISCFFLIGTVVECNKDGYLMEGDGCKMGCLTRKASYCVDQCKEVGGKDGYCYAWLSCYCYNMPDSVEIWDSKNNKCGKGK,87,Metazoa,Tityus obscurus (Amazonian scorpion) (Tityus cambridgei),,Alpha-toxin To2 (Alpha-toxin Tc48a) (Alpha-toxin To48a) (PT-alpha' NaTx11.1),22355312; 15025998; 11821128,,"FUNCTION: Alpha toxins bind voltage-independently at site-3 of sodium channels (Nav) and inhibit the inactivation of the activated channels, thereby blocking neuronal transmission. Affects the tetrodotoxin-sensitive sodium current permeability of F-11 rat neuroblastoma cells. Produces a dose dependent increase in amplitude and duration of the current. {ECO:0000269|PubMed:15025998}."
P60213,MTRFVLFISCFFVIGMVVECKDGYLVGNDGCKYNCLTRPGHYCANECSRVKGKDGYCYAWMACYCYSMPDWVKTWSRSTNRCGRGK,86,Metazoa,Tityus obscurus (Amazonian scorpion) (Tityus cambridgei),,Toxin To3 (PT-alpha' NaTx14.2) (Toxin Tc48b/Tc49a) (Toxin To48b/To49a),22355312; 29561852; 15109895; 11821128; 15025998,,"FUNCTION: Affects sodium-permeability in pituitary GH3 cells in culture. Inhibits the inactivation of sodium activated channels (Nav). Slightly delays the activation time course, and consequently the time to peak. Shifts the voltage dependence of the activation to more negative potentials. Does not reduce the peak sodium-current amplitude. {ECO:0000269|PubMed:15109895}."
P84688,MSIFPIVLALLLIGLEETEALDGYPLSKINNCKIYCPDDDVCKWTCKHRAGATNGKGDCIWYGCYCYDVAPGTKMYPGSSPCYA,84,Metazoa,Tityus obscurus (Amazonian scorpion) (Tityus cambridgei),,Toxin To7 (PT-alpha* NaTx7.6) (Toxin Tc50) (Toxin To50),22355312; 15025998,,FUNCTION: Inhibits voltage-gated sodium channels (Nav). {ECO:0000250}.
P84693,MKAIIFFIGCLMLIDLVAGSRSGYPVTQKGCVYSCFWGSNWWCNAECTALGGSSGYCAWPSCWCYSLPDNRNIWGSYPNNCGKK,84,Metazoa,Tityus obscurus (Amazonian scorpion) (Tityus cambridgei),,Toxin To5 (PT-Arthr*-beta* NaTx2.7) (Toxin Tc66) (Toxin To66),22355312; 29561852; 15025998,,FUNCTION: Beta toxins bind voltage-independently at site-4 of sodium channels (Nav) and shift the voltage of activation toward more negative potentials thereby affecting sodium channel activation and promoting spontaneous and repetitive firing. {ECO:0000250}.
P60214,MTRFVLFISCFFLIDMIVECKKEGYLVGNDGCKYGCITRPHQYCVHECELKKGTDGYCAYWLACYCYNMPDWVKTWSSATNKCKGK,86,Metazoa,Tityus obscurus (Amazonian scorpion) (Tityus cambridgei),,Beta-mammal/insect toxin To1 (NaTx12.1) (Toxin Tc49b),22355312; 29561852; 11821128; 15025998; 30463697,,"FUNCTION: Beta toxin that show multiple effects. It enhances the open probability at more negative potentials of human Nav1.3/SCN3A and Nav1.6/SCN8A, of the insect channel BgNaV1 and of arachnid VdNaV1 channel (PubMed:30463697). It promotes an important shift in slow inactivation processes as a function of the prepulse voltage in human Nav1.3/SCN3A and Nav1.6/SCN8A and a small shift in Nav1.1/SCN1A, Nav1.2/SCN2A and Nav1.4/SCN4A (PubMed:30463697). Finally, it reduces the peak of sodium currents in Nav1.3/SCN3A (80% inhibition at 70 nM of toxin), Nav1.6/SCN8A (55.3%), Nav1.1/SCN1A (53.3%), Nav1.5/SCN5A (46.7%), Nav1.2/SCN2A (42.7%) and Nav1.4/SCN4A (20%) voltage-gated sodium channels (PubMed:30463697). It has also been shown to affect the sodium current permeability of rat cerebellum granular cells in a partially reversible manner (PubMed:11821128). In vivo, an intraperitoneal injection (20 ug) into mice produces excitability, respiratory problems, convulsions and death, within the first 30 minutes after injection (PubMed:11821128). {ECO:0000269|PubMed:11821128, ECO:0000269|PubMed:30463697}."
P84676,DEGPKSDCKP,10,Metazoa,Tityus obscurus (Amazonian scorpion) (Tityus cambridgei),,Toxin To27 (Toxin Tc27),15025998,,
P84677,FNGAVXIW,8,Metazoa,Tityus obscurus (Amazonian scorpion) (Tityus cambridgei),,Toxin To29 (Toxin Tc29),15025998,,
P84678,CSTCLDKP,8,Metazoa,Tityus obscurus (Amazonian scorpion) (Tityus cambridgei),,Toxin To31 (Toxin Tc31),15025998,,
P84679,ILNRCCNDDN,10,Metazoa,Tityus obscurus (Amazonian scorpion) (Tityus cambridgei),,Toxin To33 (Toxin Tc33),15025998,,
P84680,TGPQTXXQAA,10,Metazoa,Tityus obscurus (Amazonian scorpion) (Tityus cambridgei),,Toxin To35 (Toxin Tc35),15025998,,
P84681,TAIRKCNPRT,10,Metazoa,Tityus obscurus (Amazonian scorpion) (Tityus cambridgei),,Toxin To37 (Toxin Tc37),15025998,,
P84682,DDDDLEGFSE,10,Metazoa,Tityus obscurus (Amazonian scorpion) (Tityus cambridgei),,Toxin To39 (Toxin Tc39),15025998,,
P84686,KEGYLFGSRG,10,Metazoa,Tityus obscurus (Amazonian scorpion) (Tityus cambridgei),,Toxin To46 (Toxin Tc46),15025998; 23731212,,
P84689,EKGKEILGKI,10,Metazoa,Tityus obscurus (Amazonian scorpion) (Tityus cambridgei),,Toxin To56 (Toxin Tc56),15025998,,
P84690,KKFGGFLXXI,10,Metazoa,Tityus obscurus (Amazonian scorpion) (Tityus cambridgei),,Toxin To58 (Toxin Tc58),15025998,,
P84694,NDQCLVIEIL,10,Metazoa,Tityus obscurus (Amazonian scorpion) (Tityus cambridgei),,Toxin To83 (Toxin Tc83),15025998,,
H1ZZH9,MNYSTLIAVASLLTAGTESKKDGYPVEGSCAFPCGYDNAYCDKLCKERKADSGYCYWVNILCYCYGLPDNAAIKGYGRCKPGKK,84,Metazoa,Tityus obscurus (Amazonian scorpion) (Tityus cambridgei),,Toxin To10 (T-alpha* NaTx3.9),22355312,,"FUNCTION: Alpha toxins bind voltage-independently at site-3 of sodium channels (Nav) and inhibit the inactivation of the activated channels, thereby blocking neuronal transmission. {ECO:0000250}."
H1ZZI0,MTRFVLFISCFFLIGMIVECKDGYLVGNDGCKYNCLTRPGHYCANECSRVKGKDGYCYAWMACYCYNMPNWVKTWSRATNKCGKRK,86,Metazoa,Tityus obscurus (Amazonian scorpion) (Tityus cambridgei),,Toxin To11 (T NaTx14.9),22355312,,FUNCTION: Beta toxins bind voltage-independently at site-4 of sodium channels (Nav) and shift the voltage of activation toward more negative potentials thereby affecting sodium channel activation and promoting spontaneous and repetitive firing. {ECO:0000250}.
H1ZZI1,MKGLILFICGFMMIGVILAKEGYPMDHEGCKFSCFIRPSGFCERYCKTHLSASTGYCAWPACYCYGVPANQKVWDYYNNKCGK,83,Metazoa,Tityus obscurus (Amazonian scorpion) (Tityus cambridgei),,Toxin To12 (T-beta* NaTx5.5),22355312,,FUNCTION: Beta toxins bind voltage-independently at site-4 of sodium channels (Nav) and shift the voltage of activation toward more negative potentials thereby affecting sodium channel activation and promoting spontaneous and repetitive firing. {ECO:0000250}.
H1ZZI4,MKGIILLISCLMLIEVVVGGKEGYPLDSSGCKAGCFFGTNSWCNTECKRKSAAKGYCAWPSCYCYEFTDDSKIWNAKTNKCYK,83,Metazoa,Tityus obscurus (Amazonian scorpion) (Tityus cambridgei),,Toxin To15 (T-beta* NaTx1.4),22355312,,FUNCTION: Beta toxins bind voltage-independently at site-4 of sodium channels (Nav) and shift the voltage of activation toward more negative potentials thereby affecting sodium channel activation and promoting spontaneous and repetitive firing. {ECO:0000250}.
H1ZZH8,MNYSTLIAVASLLTAGTESKKDGYPVKEGDCAFPCGYDNEYCDKLCKERKADSGYCYWGNILCYCYGLPDKAAIKGYGRCRPGKK,85,Metazoa,Tityus obscurus (Amazonian scorpion) (Tityus cambridgei),,Toxin To9 (T-alpha* NaTx3.8),22355312,,"FUNCTION: Alpha toxins bind voltage-independently at site-3 of sodium channels (Nav) and inhibit the inactivation of the activated channels, thereby blocking neuronal transmission. {ECO:0000250}."
P60276,KEGYAMDHEGCKFSCFIRPSGFCDGYCKTHLKASSGYCAWPACYCYGVPSNIKVWDYATNKC,62,Metazoa,Tityus bahiensis (Brazilian scorpion),,Toxin Tb2-II (P-Mice-Ins-beta* NaTx5.4),11223090; 22355312,,FUNCTION: Beta toxins bind voltage-independently at site-4 of sodium channels (Nav) and shift the voltage of activation toward more negative potentials thereby affecting sodium channel activation and promoting spontaneous and repetitive firing (By similarity). This toxin is active against both mammals and insects. {ECO:0000250}.
Q5G8A8,MKRMILFTSCLLLIDIVVGGKEGYPADSKGCKVTCFLTAAGYCNTECKLQKASSGYCAWPACYCYGLPDSASVWDSATNKCGKK,84,Metazoa,Tityus costatus (Brazilian scorpion),,Toxin-like TcoNTxP1 (Insect-like toxic peptide Tco 38.32-2) (PT-alpha* NaTx4.5),15683865; 22355312,,"FUNCTION: This protein is not toxic. It induces an immune response similar to that induced by whole venom. Thus, polyclonal antibodies raised against this protein can neutralize the effects of the venom (By similarity). {ECO:0000250}."
C0HJM9,MKRFLLFISILMMIGTIVVGKEGYAMDHEGCKFSCFIRPSGFCDGYCKTHLKASSGYCAWPACYCYGVPSNIKVWDYATNKCGK,84,Metazoa,Tityus fasciolatus (Central Brazilian scorpion),,Toxin Tf2,26083731,,FUNCTION: Beta toxins bind voltage-independently at site-4 of sodium channels (Nav) and shift the voltage of activation toward more negative potentials thereby affecting sodium channel activation and promoting spontaneous and repetitive firing. This toxin is active against hNav1.3/SCN3A. {ECO:0000269|PubMed:26083731}.
H1ZZI8,MKGMILLISCLMLIEVVVECKEGYPLDTLNGCKVGCFFGTNSWCNDKCKSKTAAKGYCAWPSCYCYGFTDDSKIWDLKKNKC,82,Metazoa,Tityus pachyurus (Colombian scorpion),,Toxin Tpa7 (T-beta* NaTx1.3),22355312,,FUNCTION: Beta toxins bind voltage-independently at site-4 of sodium channels (Nav) and shift the voltage of activation toward more negative potentials thereby affecting sodium channel activation and promoting spontaneous and repetitive firing. {ECO:0000250}.
H1ZZI9,MVKSEMKLVIFSLFLLLIGVESLKNGYPVIEGGGSPDYGESAECGSEDSNSADNFCNDICTNVGGKSGDCCLGSCFCFDLPDEQKTVEVMDRTKEYCEFVE,101,Metazoa,Tityus pachyurus (Colombian scorpion),,Toxin Tpa8 (T NaTx9.1),22355312,,FUNCTION: Excitatory insect beta-toxins induce a spastic paralysis. They bind voltage-independently at site-4 of sodium channels (Nav) and shift the voltage of activation toward more negative potentials thereby affecting sodium channel activation and promoting spontaneous and repetitive firing (By similarity). {ECO:0000250}.
P15226,MKGMILFISCLLLIGIVVECKEGYLMDHEGCKLSCFIRPSGYCGRECGIKKGSSGYCAWPACYCYGLPNWVKVWDRATNKCGKK,84,Metazoa,Tityus serrulatus (Brazilian scorpion),,Beta-mammal/insect toxin Ts1 (Beta-like toxin Ts1) (PT-Mice-Ins-beta NaTx6.1) (Tityustoxin VII) (Toxin VII) (Ts VII) (Ts7) (TsTX-VII) (Toxin II-11) (Toxin III-10) (Toxin T2-IV) (Toxin gamma) (T-gamma) (TiTx gamma) (Toxin-g) (TsTX-I),1339357; 8243666; 33181162; 6477555; 4052021; 1993690; 1926167; 25199494; 3651476; 2781589; 9048656; 9611141; 10347806; 10091586; 17698594; 17118417; 19005548; 21670206; 21549737; 24989851; 24560880; 25624450; 25862296; 28634472; 30059695; 31012002; 10388565; 12595696; 19689419; 22355312,,"FUNCTION: Voltage-gated sodium channels (Nav) gating-modifier. Acts both as alpha- and beta-toxin, since it affects not only activation but also inactivation of Nav channels (PubMed:25862296) (Probable). Binds to Nav domain DII and impairs the four Nav channel voltage sensors movements (PubMed:17698594, PubMed:19005548). Depending on Nav channel subtypes tested, can also bind Nav domains DIII (low affinity) and DIV (very low affinity) (PubMed:17698594, PubMed:19005548, PubMed:25624450). Acts on almost all the Nav channels tested (mammalian Nav1.2/SCN2A, Nav1.3/SCN3A, Nav1.4/SCN4A, Nav1.5/SCN5A, Nav1.6/SCN8A, Nav1.9/SCN11A, and insect DmNav1) (PubMed:9048656, PubMed:17698594, PubMed:21670206, PubMed:24989851, PubMed:25862296, PubMed:31012002). Is highly active against both mammals and insects (PubMed:17118417, PubMed:21549737). Irreversibly modulates DmNav channels (PubMed:25862296). Other Ts1 activities have been studied, such as immunomodulation, antimicrobial activity or exocrine secretion (Probable). This toxin exhibits an antifungal activity against filamentous fungi (PubMed:28634472). In vitro, it has an important immunomodulatory effect on macrophages by stimulating the release of pro-inflammatory cytokines (PubMed:21549737). It also shows an activity in exocrine secretion in pancreas, stomach and adrenal gland (PubMed:1993690, PubMed:9611141, PubMed:10347806). {ECO:0000269|PubMed:10347806, ECO:0000269|PubMed:17118417, ECO:0000269|PubMed:17698594, ECO:0000269|PubMed:19005548, ECO:0000269|PubMed:1993690, ECO:0000269|PubMed:21549737, ECO:0000269|PubMed:21670206, ECO:0000269|PubMed:24989851, ECO:0000269|PubMed:25624450, ECO:0000269|PubMed:25862296, ECO:0000269|PubMed:28634472, ECO:0000269|PubMed:31012002, ECO:0000269|PubMed:9048656, ECO:0000269|PubMed:9611141, ECO:0000305, ECO:0000305|PubMed:30059695}."
O77463,MKRMILFISCLLLIDIVVGGREGYPADSKGCKITCFLTAAGYCNTECTLKKGSSGYCAWPACYCYGLPDSVKIWTSETNKCGKK,84,Metazoa,Tityus serrulatus (Brazilian scorpion),,Toxin Ts4 (Non-toxic protein TsNTxP) (NTxP) (P-Allerg-alpha* NaTx4.1) (PT-Immun-alpha* NaTx4.2) (Tityustoxin VI) (Ts VI) (TsTX-VI) (TsTXVI) (TsVI) (Tityustoxin-6) (Ts-6),10080354; 33181162; 2085384; 25199494; 8843341; 9080578; 19689419; 22355312,,"FUNCTION: Not toxic. Induces an immune response similar to that induced by whole venom. Induces a dose dependent release of the neurotransmitters glutamic acid and gamma aminobutyric acid from rat brain synaptosomes. Thus, polyclonal antibodies raised against this protein can neutralize the effects of the venom. {ECO:0000269|PubMed:8843341, ECO:0000269|PubMed:9080578}."
P46115,KKDGYPVEGDNCAFACFGYDNAYCDKLCKDKKADDGYCVWSPDCYCYGLPEHILKEPTKTSGRC,64,Metazoa,Tityus serrulatus (Brazilian scorpion),,Alpha-toxin Ts5 (P-alpha* NaTx3.2) (Tityustoxin V) (Toxin V) (Ts V) (TsTX-V) (TsV) (Tityustoxin-5),7727504; 25199494; 8280757; 12875879; 19689419; 22355312,,"FUNCTION: Alpha toxins bind voltage-independently at site-3 of sodium channels (Nav) and inhibit the inactivation of the activated channels, thereby blocking neuronal transmission. By extending the depolarized period it indirectly affects beta-cell voltage-dependent potassium channels, thus increasing potassium permeability. {ECO:0000269|PubMed:12875879, ECO:0000269|PubMed:8280757}."
P68410,MKGFLLFISILMMIGTIVVGKEGYAMDHEGCKFSCFIRPAGFCDGYCKTHLKASSGYCAWPACYCYGVPDHIKVWDYATNKCGK,84,Metazoa,Tityus serrulatus (Brazilian scorpion),,Alpha-mammal toxin Ts2 (P-Mice-beta* NaTx5.1) (Tityustoxin II) (Toxin II) (TsTX-II) (Tst2) (Toxin T1-IV) (TsTX III-8) (TsTX-III),29561852; 33181162; 1993690; 1344906; 22356164; 25199494; 1926167; 21549737; 23085190; 19689419; 22355312,,"FUNCTION: Alpha toxins bind voltage-independently at site-3 of sodium channels (Nav) and inhibit the inactivation of the activated channels, thereby blocking neuronal transmission. This toxin acts on Nav1.2/SCN2A, Nav1.3/SCN3A, Nav1.5/SCN5A, Nav1.6/SCN8A and Nav1.7/SCN9A voltage-gated sodium channels, with the highest affinity for Nav1.3/SCN3A, followed by Nav1.6/SCN8A and Nav1.7/SCN9A which are affected almost equally. Interestingly, shows a significant shift of the voltage dependence of activation for Nav1.3/SCN3A that is characteristic of beta-toxins (PubMed:21549737). In addition, in presence of LPS, this toxin inhibits the release of NO, IL-6 and TNF-alpha in J774.1 cells (PubMed:21549737). Further, in the absence of LPS, it stimulates the production of the anti-inflammatory cytokine IL-10 (PubMed:21549737, PubMed:23085190). This toxin is active on mammals. {ECO:0000269|PubMed:1344906, ECO:0000269|PubMed:1926167, ECO:0000269|PubMed:21549737, ECO:0000269|PubMed:22356164, ECO:0000269|PubMed:23085190}."
P59936,MQVFYGLLLMFILCSTIHLSEQWCSTCLDLACGASRECYDPCFKAFGRAHGKCMNNKCRCYT,62,Metazoa,Tityus serrulatus (Brazilian scorpion),,Potassium channel toxin alpha-KTx 12.1 (Butantoxin) (BuTX) (Tityustoxin-6) (Ts6) (TsTX-IV),29561852; 33181162; 10082164; 10864437; 12630699; 25199494; 24590385; 21549737; 23085190; 15772309; 15971207,,"FUNCTION: Potently blocks Kv1.3/KCNA3, Kv1.2/KCNA2, and Shaker potassium channels (PubMed:24590385) and inhibits high conductance calcium-activated potassium channels (PubMed:10082164). Is potent against Kv1.3/KCNN3 (IC(50)=0.55 nM) and Kv1.2/KCNN2 (IC(50)=6.19 nM) (PubMed:24590385). It also stimulates the release of NO, IL-6 and TNF-alpha in J774.1 cells and presents a pro-inflammatory activity in mice (PubMed:21549737, PubMed:23085190). {ECO:0000269|PubMed:10082164, ECO:0000269|PubMed:21549737, ECO:0000269|PubMed:23085190, ECO:0000269|PubMed:24590385}."
A0A7S8MU55,MNYFIFLVVACLLTAGTEGKKDGYPVEGDNCAFACFGYDNAYCDKLCKDKKADSGYCYWVHILCYCYGLPDKEPTKTSGRCKPGKK,86,Metazoa,Tityus serrulatus (Brazilian scorpion),,Putative sodium channel toxin Ts17 (Putative alpha-NaTx) (Putative alpha-toxin) (Tityustoxin-17),33181162,,"FUNCTION: Alpha toxins bind voltage-independently at site-3 of sodium channels (Nav) and inhibit the inactivation of the activated channels, thereby blocking neuronal transmission. {ECO:0000250|UniProtKB:P01496}."
P0DM29,MNPKLLIVIGLLLATGVCSFAKALDEESLRKECNHLNEPCDSDGDCCTSSEQCISTGSKYFCKGKQGP,68,Metazoa,Tityus serrulatus (Brazilian scorpion),,Intracellular calcium channel modulator CCP-Ts (CaTx) (Calcium channel toxin Ts32) (Cell penetrating peptides-Ts) (CPP) (CPP-Ts) (Tityustoxin-32),30282983; 33181162,,"FUNCTION: Cell penetrating peptide (CPP) that increases intracellular calcium release through the activation of nuclear inositol 1,4,5-trisphosphate receptors (ITPR) of cardiomyocytes, thereby causing an increase in the contraction frequency of these cells (PubMed:30282983). In vivo, this toxin is not lethal to mice, hovewer anti-CPP serum reduces venom lethality, suggesting that this toxin is lethal when it acts in synergy with other venom components (PubMed:30282983). {ECO:0000269|PubMed:30282983}."
P0C350,RHGCCKGPKGCSSRECRPQHCC,22,Metazoa,Conus tulipa (Fish-hunting cone snail) (Tulip cone),,Mu-conotoxin TIIIA,17142296; 21652775; 22229737; 22733528; 23146020,,"FUNCTION: Mu-conotoxins block voltage-gated sodium channels (Nav). This synthetic toxin reversibly and potently blocks rNav1.4/SCN4A (IC(50) is 9 nM) and rNav1.2/SCN2A (IC(50) is 40 nM). It also moderately blocks rNav1.1/SCN1A, rNav1.3/SCN3A, and rNav1.6/SCN8A. The block of SCN1A and SCN2A is modified when beta-subunits are coexpressed with alpha subunits. Hence, blocks of channels containing beta-1 and beta-3 subunits are more potent (compared to channels without beta subunits), whereas blocks of channels containing beta-2 and beta-4 subunits are less potent (compared to channels without beta subunits). {ECO:0000269|PubMed:21652775, ECO:0000269|PubMed:22229737, ECO:0000269|PubMed:23146020}."
S0F1N7,MNTATGVIALLVLATVIGCIEAEETRADLQGAFESYEGEAADKIFRRSPTCIPSGQPCPYNENCCSKSCTYKENENGNTVQRCD,84,Metazoa,Hadronyche venenata (Tasmanian funnel-web spider) (Atrax venenatus),,Omega-hexatoxin-Hvn1b,24593665,,"FUNCTION: Inhibits insect, but not mammalian, voltage-gated calcium channels (Cav). {ECO:0000250|UniProtKB:P56207}."
P0DPG7,CGDINAPCQSDCDCCGYSVTCDCYWGNECKCRESNFAIGM,40,Metazoa,Phoneutria reidyi (Brazilian Amazonian armed spider) (Ctenus reidyi),,Beta/delta-ctenitoxin-Pr1a (Beta/delta-CNTX-Pr1a) (Beta/delta-PrIT1),26220799,,"FUNCTION: Potent insecticidal toxin that binds to two distinct sites in insect sodium channels, with close affinity (Kd1=34.7 pM and Kd2=35.1 pM) (PubMed:26220799). Its association is rather fast (1.4 and 8.5 minutes, respectively for sites 1 and 2) and its dissociation is a slower process (5.4 and 32.8 minutes, respectively) (PubMed:26220799). On rat brain synaptosomes the toxin partially competes (~30%) with the beta-toxin CssIV, but does not compete with the alpha-toxin AaII, nor with the beta-toxin Ts VII (PubMed:26220799). On cockroach nerve cord synaptosomes, the toxin does not compete with the anti-insect toxin LqqIT1, but it competes with the 'alpha-like' toxin BomIV (IC(50)=80 pM) (PubMed:26220799). In cockroach neurons, the toxin inhibits the inactivation of sodium channels and it shifts the sodium channel activation to hyperpolarizing potentials (PubMed:26220799). Hence, it behaves like an 'alpha-like' toxin and binds preferentially to site 3 on the insect Nav channel, located on the domain IV (PubMed:26220799). The toxin may also inhibit the N-methyl-D-aspartate (NMDA)-subtype of ionotropic glutamate receptor (GRIN) (By similarity). In vivo, the toxin causes excitatory effects on insects (PubMed:26220799). {ECO:0000250|UniProtKB:P59367, ECO:0000269|PubMed:26220799}."
C0HKG9,MKFSLFFSVFFLAVLHACLSESEIDLEDEEHFMSSDSFLSEIQDESRGKTCIERNKECTNDRHGCCRGKIFKDKCTCVKSGKTEKCVCTQKKWAKIIESYIGDIPALPKPVDDKCVPKHADCSKRKDDCCKGGIFKYQCKCYDMYDDDGEKTDLCGCVSPVEHQAIEGALRIAKKLIGDRWGR,183,Metazoa,Cheiracanthium punctorium (Yellow sac spider) (Aranea punctoria),,DELTA-miturgitoxin-Cp1c (DELTA-MGTX-Cp1c) (Toxin CpTx1) (Toxin CpTx1c),20657014; 22613721; 24717175,,"FUNCTION: Spider venom toxin that exhibits cytolytic activity by forming an alpha-helix across the membrane (PubMed:20657014). Lethal to insect larvae (PubMed:20657014, PubMed:24717175). Causes instant paralysis and death in the larvae of the flesh fly (S.carnaria) at doses of 20 ug/g, at doses of less than 10 ug/g causes reversible paralysis (PubMed:20657014). Has cytolytic activity against insect Sf9 cells (PubMed:20657014). Causes stable and irreversible depolarization of fly muscle fibers, leading to contracture at higher toxin concentrations (PubMed:20657014). Destabilizes membranes (PubMed:20657014). {ECO:0000269|PubMed:20657014, ECO:0000269|PubMed:24717175}."
A0A0G3F8Z3,MKKTFCFILILVCIVLKSVNAEEEDNFEESSLEMETARCASKNERCGNALYGTKGPGCCNGKCICRTVPRKGVNSCRCM,79,Metazoa,Tibellus oblongus (Oblong running crab spider),,Omega-phylotoxin-To1a (Omega-PHTX-To1a) (Omega-Tbo-IT1),26611444; 33406803,,"FUNCTION: Insect-specific toxin that probably acts as an inhibitor of presynaptic insect calcium channels, presumably Cav2 subtype. In vivo, induces immediate paralysis on insects, followed by death when high doses are injected. {ECO:0000269|PubMed:26611444}."
P0DPG5,GVDKEGCRYLLGACTIDDDCCLHLGCNKKYGHCGWDGTF,39,Metazoa,Augacephalus ezendami (Mozambique baboon spider) (Ceratogyrus ezendami),,Mu-theraphotoxin-Ae1a (Mu-TRTX-Ae1a),27383378,,"FUNCTION: Insecticidal toxin that acts, at least partially, by inhibiting insect voltage-gated sodium (NaV) channels of several insect species. The toxin binds to the voltage sensor in NaV channel domain II and inhibits channel opening by shifting the threshold for channel activation to more positive voltages. The toxin binding is sensitive to residues in the S1-S2 loop of the domain II voltage sensor. In vivo, the recombinant toxin causes paralysis and/or death to two dipteran species (Lucilia cuprina and Drosophila melanogaster). In contrast, the toxin does not show paralytic or lethal effect on the cotton bollworm Helicoverpa armigera and the triatomine bug Rhodinius prolixus. {ECO:0000269|PubMed:27383378}."
P0DL84,DCLGWFKSCDPKNDKCCKNYSCSRRDRWCKYDL,33,Metazoa,Ceratogyrus darlingi (Rear horned baboon tarantula),,Beta-theraphotoxin-Cd1a (Beta-TRTX-Cd1a),28880874,,"FUNCTION: Potent inhibitor of hNav1.7/SCN9A (IC(50)=16 nM, tested in patch-clamp), and modest inhibitor of Cav2.2/CACNA1B (IC(50)~3 uM on rat and human channel) (PubMed:28880874). It seems also to be potent on hNav1.1/SCN1A (IC(50)=2.18 uM), hNav1.2/SCN2A (IC(50)=0.13 uM), hNav1.7/SCN9A (IC(50)=3.34 uM) and hNav1.8/SCN10A (IC(50)=6.92 uM) (tested in fluorimetric assays, which shows results with lower activity than results obtained by patch-clamp) (PubMed:28880874). This toxin inhibits Cav2.2/CACNA1B by acting near the pore region, but without overlapping the omega-conotoxin binding site (PubMed:28880874). It also seems to interfere with inactivation of Cav2.2/CACNA1B with no apparent effects on the activation gating of the channel (PubMed:28880874). Conversely, at Nav1.7/SCN9A it acts as a typical gating modifier toxin, interacting with one or more of the voltage sensor domains and changing the gating properties of this channel (PubMed:28880874). In vivo, it reversibly paralyzes sheep blowflies (PubMed:28880874). In addition, low doses of this toxin (400 pmol) fully reverse Nav1.7/SCN9A-evoked pain behaviors in mice (without side effects), demonstrating its analgesic potential (PubMed:28880874). {ECO:0000269|PubMed:28880874}."
P0DUC1,GVDKPGCRYMFGGCVQDDDCCPHLGCKRKGLYCAWDGT,38,Metazoa,Monocentropus balfouri (Socotra Island blue baboon tarantula),,Mu/omega-theraphotoxin-Mb1a (Mu/omega-TRTX-Mb1a),28475112,,"FUNCTION: Paralytic toxin that inhibits insect voltage-gated sodium (Nav) and calcium (Cav) channels in P.americana (American cockroach) dorsal unpaired median (DUM) neurons, and inhibits the B.germanica (German cockroach) Nav channel (BgNaV1) (PubMed:28475112). Also shows a delay in fast inactivation when tested on BgNaV1 (PubMed:28475112). May act as a gating-modifier toxin on Nav and as a pore blocker on Cav (PubMed:28475112). In vivo, reversibly paralyzes both L.cuprina (Australian sheep blowfly) and M.domestica (housefly), but does not affect larvae of H.armigera (cotton bollworms) (PubMed:28475112). {ECO:0000269|PubMed:28475112}."
P0DUC2,GVDKPGCRYMFGGCVQDDDCCPHLGCKRKGLYCAWDAS,38,Metazoa,Monocentropus balfouri (Socotra Island blue baboon tarantula),,Mu/omega-theraphotoxin-Mb1b (Mu/omega-TRTX-Mb1b),28475112,,"FUNCTION: Paralytic toxin on insects that inhibits voltage-gated sodium (Nav) and calcium (Cav) channels in P.americana (American cockroach) dorsal unpaired median (DUM) neurons, and also inhibits the B.germanica (German cockroach) Nav channel (BgNaV1) (PubMed:28475112). May act as a gating-modifier toxin on Nav and as a pore blocker on Cav (PubMed:28475112). In vivo, reversibly paralyzes both L.cuprina (Australian sheep blowfly) and M.domestica (housefly), but does not affect larvae of H.armigera (cotton bollworms) (PubMed:28475112). {ECO:0000269|PubMed:28475112}."
