entry,pdb_code,resolution
B3EWF4,null,null
B3EWF5,null,null
B3EWF6,null,null
B3H7I1,null,null
C0HJY4,2NBC,"""-"""
D1MEI7,null,null
D2Y1X6,1NIX,"""-"""
D2Y1X6,2MQF,"""-"""
D2Y1X6,2MXO,"""-"""
D2Y1X7,null,null
D2Y1X8,null,null
E7CLP2,null,null
O46166,2KSL,"""-"""
O46166,6URP,"""-"""
P01492,1VNA,"""-"""
P01492,1VNB,"""-"""
P01535,1ANS,"""-"""
P09040,null,null
P09971,null,null
P0C023,null,null
P0DL49,null,null
P0DV18,null,null
P13487,1BAH,"""-"""
P13487,1CMR,"""-"""
P13487,2A9H,"""-"""
P13487,2CRD,"""-"""
P13487,4JTA,2.50 A
P13487,4JTC,2.56 A
P13487,4JTD,2.54 A
P30832,null,null
P45697,1DJT,1.20 A
P45697,1SN1,1.70 A
P45697,1T7A,1.50 A
P45697,1T7B,1.85 A
P45697,1T7E,1.40 A
P45697,1ZU3,1.33 A
P45697,1ZUT,1.70 A
P45697,1ZVE,1.70 A
P45697,1ZVG,1.20 A
P45697,1ZYV,1.50 A
P45697,1ZYW,1.30 A
P49126,2MI5,"""-"""
P49126,6A90,2.80 A
P49126,6A91,3.20 A
P49126,6A95,2.60 A
P49126,8F0S,3.10 A
P56207,1AXH,"""-"""
P56207,1HVW,"""-"""
P56587,1TER,"""-"""
P61095,2MF3,"""-"""
P61103,null,null
P61104,null,null
P61507,null,null
P61849,null,null
P69391,null,null
P81694,null,null
P82228,1DL0,"""-"""
P83256,1V90,"""-"""
P83257,1V91,"""-"""
P83288,null,null
P83561,2GX1,"""-"""
P83644,null,null
P83919,null,null
P85253,null,null
P85797,null,null
P86147,null,null
P86716,2N85,"""-"""
P86716,2N86,"""-"""
P86899,2LAM,"""-"""
P93193,3R50,2.27 A
P93193,3R51,2.10 A
P93193,3R52,2.10 A
P93193,4DDN,1.90 A
Q10726,1WZ5,"""-"""
Q1ELU4,null,null
Q26464,null,null
Q53I06,1ZFU,"""-"""
Q53I06,3E7R,1.00 A
Q53I06,3E7U,1.35 A
Q53I06,6K50,"""-"""
Q53I06,6K51,"""-"""
Q53I06,7O76,1.13 A
Q53I06,7OAE,2.00 A
Q53I06,7OAG,3.40 A
Q9UAC8,null,null
A0A3G5BIB1,6PX8,"""-"""
A0A3G5BIC2,6PX7,"""-"""
A0A6G9KHD3,null,null
A0A6G9KHD6,null,null
A0A6G9KIR5,null,null
A0A6G9KIT6,null,null
A0A6G9KJK9,null,null
A0A6G9KJV6,null,null
A0A6M6RE84,null,null
B3EWF2,null,null
B3EWF3,null,null
B3EWS5,null,null
B3EWS6,null,null
B3EWY4,null,null
C0HLS2,null,null
C0HLS3,null,null
D2Y204,null,null
D2Y205,null,null
D2Y207,null,null
D2Y208,null,null
D2Y209,null,null
D2Y210,null,null
D2Y211,null,null
D2Y212,null,null
D2Y228,null,null
D2Y230,null,null
D2Y2D5,null,null
D2Y2I9,null,null
D2Y2K5,null,null
D2Y2K7,null,null
D2Y2K8,null,null
D2Y2K9,null,null
D2Y2L2,null,null
D2Y2L3,null,null
E3P6S4,null,null
E7BLC7,null,null
K7N5K9,2LL1,"""-"""
O46167,null,null
O46168,null,null
O76199,null,null
O77091,1T0Z,2.60 A
P01493,1JZA,2.20 A
P01493,1JZB,2.81 A
P01494,2SN3,1.20 A
P09229,1EQK,"""-"""
P0C1F4,null,null
P0C5F2,2LDS,"""-"""
P0CF38,null,null
P0DJ08,2KYJ,"""-"""
P0DL77,null,null
P0DM24,6ENA,"""-"""
P0DQN8,6OHX,"""-"""
P0DQN9,null,null
P0DQO6,null,null
P0DQO7,null,null
P0DSM4,null,null
P0DUS6,null,null
P0DUT1,null,null
P11057,1EIT,"""-"""
P11060,null,null
P11061,null,null
P29425,null,null
P31328,2E2S,"""-"""
P36983,null,null
P37045,1AGG,"""-"""
P37045,1OMA,"""-"""
P37045,1OMB,"""-"""
P59367,null,null
P59368,null,null
P60976,null,null
P61541,1WQK,"""-"""
P61541,7BWI,"""-"""
P82959,1I25,"""-"""
P83259,null,null
P83301,null,null
P83400,null,null
P83407,1Q2K,"""-"""
P83407,1R1G,1.72 A
P83407,3E8Y,1.10 A
P83558,null,null
P83560,2ROO,"""-"""
P83562,null,null
P83580,null,null
P83619,2K38,"""-"""
P83974,null,null
P84843,null,null
P85258,null,null
P85259,null,null
P85504,2KGH,"""-"""
P86718,null,null
P86862,null,null
P86942,2LER,"""-"""
Q1ELT9,2PCO,"""-"""
Q1ELU1,2G9P,"""-"""
Q1ELU2,null,null
Q1ELU7,null,null
Q1ELU8,null,null
Q1ELU9,null,null
Q4LCS8,null,null
Q8GTM0,4AAZ,1.40 A
Q8GTM0,4AB0,1.64 A
Q8GTM0,4CQK,1.60 A
Q8GTM0,6B55,2.50 A
Q8T0W8,2CDX,"""-"""
Q8T0W8,2E2F,"""-"""
Q9NBW2,null,null
Q9U3Z3,null,null
Q9UAC9,null,null
A0A0A0V633,5FZX,"""-"""
A0A0A0V662,5FZV,"""-"""
A0A0A0VBR5,5FZW,"""-"""
A0A1W6EVM7,null,null
A0A1W6EVN2,null,null
A0A2R4SV19,null,null
A0A6B9L6D3,null,null
A5A3H1,null,null
A5A3H2,null,null
A5A3H3,null,null
A5A3H4,null,null
A5A3H5,null,null
B1P1I0,null,null
B3EWF1,null,null
B3EWF9,null,null
B3EWT0,null,null
B3EWT1,null,null
C0HJK5,2MQU,"""-"""
C0HJV3,null,null
C0HJV4,null,null
C0HJV5,null,null
C0HJV7,null,null
C0HJV8,null,null
C0HJY5,null,null
C0HJY6,null,null
C0HJY7,null,null
C0HJY8,null,null
C0HJY9,null,null
C0HJZ0,null,null
C0HL27,null,null
C0HLF5,null,null
C0HLF6,null,null
C0HLM0,null,null
C0HLM1,null,null
C0HLR8,null,null
C3TS04,null,null
C3TS06,null,null
C3TS08,null,null
C3TS10,null,null
C7G3K3,7WKF,"""-"""
D1MEI8,null,null
D1MEJ3,null,null
P01075,1H20,"""-"""
P01075,4CPA,2.50 A
P01075,7EQZ,2.20 A
P01076,null,null
P01499,null,null
P01528,null,null
P0C1F5,null,null
P0C2A0,null,null
P0C2L5,null,null
P0C2L6,null,null
P0C2L7,null,null
P0C2L8,null,null
P0C5F3,null,null
P0C908,6ATM,2.09 A
P0CF02,null,null
P0CH70,null,null
P0DL52,null,null
P0DL78,null,null
P0DL79,null,null
P0DL80,null,null
P0DM25,null,null
P0DM66,null,null
P0DM67,null,null
P0DM68,null,null
P0DM72,null,null
P0DM73,null,null
P0DM74,null,null
P0DMQ4,null,null
P0DQO5,null,null
P0DQS6,null,null
P0DQS7,null,null
P0DQS8,null,null
P0DSL0,null,null
P0DUS5,null,null
P0DV15,null,null
P0DV16,null,null
P0DV17,null,null
P0DX47,null,null
P0DX48,null,null
P0DX49,null,null
P11058,null,null
P11062,null,null
P15967,null,null
P15968,null,null
P29423,null,null
P30288,1IVA,"""-"""
P30288,1OAV,"""-"""
P30288,1OAW,"""-"""
P30288,2NDB,"""-"""
P36984,null,null
P36985,null,null
P36986,null,null
P36988,null,null
P41736,1G92,"""-"""
P49267,null,null
P49269,null,null
P49270,null,null
P49271,1WQB,"""-"""
P49272,null,null
P55816,null,null
P55817,null,null
P58606,1I26,"""-"""
P58608,1LMR,"""-"""
P59854,1KV0,1.40 A
P60177,null,null
P60272,1KQH,"""-"""
P60272,1KQI,"""-"""
P60977,null,null
P60978,null,null
P61232,null,null
P68421,null,null
P69392,null,null
P69769,null,null
P69770,null,null
P81504,null,null
P81595,null,null
P81599,null,null
P82226,null,null
P82227,null,null
P82414,null,null
P82415,null,null
P82416,null,null
P82423,null,null
P82424,null,null
P82425,null,null
P82426,null,null
P82427,null,null
P82428,null,null
P82601,null,null
P82852,1G9P,"""-"""
P82852,1HP3,"""-"""
P83247,null,null
P83248,null,null
P83249,null,null
P83250,null,null
P83251,null,null
P83258,null,null
P83435,null,null
P83557,null,null
P83559,6AX2,"""-"""
P83588,null,null
P83620,null,null
P83622,null,null
P85247,null,null
P85254,null,null
P85255,null,null
P85256,null,null
P85257,null,null
P85497,null,null
P86116,null,null
P86717,null,null
P86719,null,null
Q1ELV0,null,null
Q589G4,null,null
Q8I0K7,null,null
Q8T3S7,null,null
Q9BKJ1,null,null
Q9NJC6,null,null
S0F1M9,null,null
S0F1P1,null,null
S4UJV1,null,null
A0A6B9KZ52,null,null
A0A6B9L8T7,null,null
A0A6B9L8Y4,null,null
A0A8K1YTT4,null,null
A0A8K1YTT5,null,null
A0A8K1YTT9,null,null
A0A8K1YTU0,null,null
A0A8U0LTM5,null,null
A0A8U0LTN3,null,null
A0A8U0LTT7,null,null
A0A8U0LTT9,null,null
A0A8U0LU66,null,null
B1NWT7,null,null
B6DD29,null,null
B6DD30,null,null
B6DD31,null,null
B6DD32,null,null
B6DD33,null,null
C5J894,null,null
D1MEI9,null,null
D1MEJ0,null,null
D1MEJ1,null,null
D1MEJ2,null,null
H9KQJ7,null,null
M1INJ1,null,null
P0C2L4,null,null
P0CAZ2,null,null
P0CAZ3,null,null
P0CAZ4,null,null
P0CAZ5,null,null
P0CAZ6,null,null
P0CAZ7,null,null
P0CAZ8,null,null
P0CAZ9,null,null
P0DL69,null,null
P0DM76,null,null
P0DMD9,null,null
P0DQI8,null,null
P0DQI9,null,null
P0DQJ0,null,null
P0DQJ1,null,null
P0DQS4,null,null
P0DQS9,null,null
P0DQT0,null,null
P0DQX9,null,null
P0DSI4,null,null
P0DSI5,null,null
P0DSI6,null,null
P0DSI8,null,null
P0DSI9,null,null
P0DSJ0,null,null
P0DSJ1,null,null
P0DSJ7,null,null
P0DSJ8,null,null
P0DSJ9,null,null
P0DSK1,null,null
P0DSK2,null,null
P0DSK4,null,null
P0DSK5,null,null
P0DSK6,null,null
P0DSK8,null,null
P0DSK9,null,null
P0DSL1,null,null
P0DSL2,null,null
P0DSL6,null,null
P0DSM2,null,null
P0DSM3,null,null
P0DSM5,null,null
P0DUU6,null,null
P0DUU7,null,null
P0DUU8,null,null
P0DUU9,null,null
P0DUV0,null,null
P0DV13,null,null
P0DX30,null,null
P30251,null,null
P30252,null,null
P30253,1HRL,"""-"""
P30254,1V28,"""-"""
P30255,null,null
P30256,null,null
P30257,null,null
P36987,null,null
P36989,null,null
P36990,null,null
P41965,null,null
P42718,null,null
P58609,null,null
P61229,null,null
P68422,null,null
P81596,null,null
P81597,null,null
P81598,null,null
P83282,null,null
P83661,null,null
P85875,null,null
P85879,null,null
P85880,null,null
Q5Y4Y5,null,null
Q6H2Z4,null,null
Q75WH1,null,null
Q86QT2,null,null
Q8T3S6,null,null
A0A6B9L1A2,null,null
P0DSL5,null,null
A0A384E129,6CEG,"""-"""
B1P1F5,null,null
B3EWH2,null,null
B7S4N9,null,null
C0HJD9,null,null
C0HJQ2,null,null
D2Y232,1NIY,"""-"""
D2Y232,1RYG,"""-"""
D2Y232,1RYV,"""-"""
D2Y233,null,null
D2Y2D7,null,null
O61705,2KBK,"""-"""
P01485,null,null
P01521,null,null
P01522,1OMC,"""-"""
P01522,1TR6,"""-"""
P01522,1TTL,"""-"""
P01522,2CCO,"""-"""
P01523,1TCG,"""-"""
P01523,1TCH,"""-"""
P01523,1TCJ,"""-"""
P01523,1TCK,"""-"""
P05484,1DW4,"""-"""
P05484,1DW5,"""-"""
P05484,1FEO,"""-"""
P05484,1MVI,"""-"""
P05484,1OMG,"""-"""
P05484,1TT3,"""-"""
P05484,1TTK,"""-"""
P05484,7MIX,3.00 A
P05484,7VFU,3.00 A
P0C195,2LXG,"""-"""
P0C195,6J8E,3.00 A
P0C195,7SAV,"""-"""
P0C195,7SAW,"""-"""
P0C1D0,2JUQ,"""-"""
P0C1D0,2JUR,"""-"""
P0C1D0,2JUS,"""-"""
P0C1D0,2JUT,"""-"""
P0C1D0,2MTO,"""-"""
P0C1D0,2MTT,"""-"""
P0C1D0,6HY7,2.26 A
P0C1D0,7EGR,2.50 A
P0C1R7,2GCZ,"""-"""
P0C1R7,7N43,2.47 A
P0C1V7,7N20,"""-"""
P0C1V7,7N21,"""-"""
P0C1V7,7N22,"""-"""
P0C1V7,7N23,"""-"""
P0C349,null,null
P0CY66,5ZNU,"""-"""
P0DJ31,2K9O,"""-"""
P0DJ41,2NDD,"""-"""
P0DL37,6MZT,"""-"""
P0DL72,6MK5,"""-"""
P0DQN3,null,null
P16341,1SCY,"""-"""
P17727,null,null
P24335,null,null
P28880,null,null
P29186,1BGK,"""-"""
P29187,1BEI,"""-"""
P29187,1C2U,"""-"""
P29187,1ROO,"""-"""
P29187,2K9E,"""-"""
P29187,4LFQ,1.06 A
P29187,4LFS,0.97 A
P29187,4Z7P,1.20 A
P29187,5I5A,1.20 A
P29187,5I5B,0.90 A
P29187,5I5C,1.30 A
P50982,1K64,"""-"""
P50983,1CNL,"""-"""
P50983,1E+074,"""-"""
P50983,1E+075,"""-"""
P50983,1E+076,"""-"""
P50983,1G2G,"""-"""
P50983,1IM1,"""-"""
P50983,1IMI,"""-"""
P50983,2BC7,"""-"""
P50983,2BC8,"""-"""
P50983,2BYP,2.07 A
P50983,2C9T,2.25 A
P50983,2IGU,"""-"""
P50983,2MOA,"""-"""
P50984,1PEN,1.10 A
P50984,2BR8,2.40 A
P50984,7N1Z,"""-"""
P55896,1SCO,"""-"""
P55896,2CK4,"""-"""
P55896,2CK5,"""-"""
P56633,1AV3,"""-"""
P56633,1KCP,"""-"""
P56633,2N8E,"""-"""
P56636,1M2C,"""-"""
P56636,1MII,"""-"""
P56636,2AJW,"""-"""
P56636,2AK0,"""-"""
P56638,1A0M,1.10 A
P56638,7N0T,"""-"""
P56638,7N24,"""-"""
P56638,7N25,"""-"""
P56638,7N26,"""-"""
P56676,1QK6,"""-"""
P58920,null,null
P59867,1QUZ,"""-"""
P59867,1WPD,"""-"""
P59867,1Y2P,"""-"""
P60274,1MTQ,"""-"""
P60274,5UG3,"""-"""
P60274,5UG5,"""-"""
P60590,1KOZ,"""-"""
P60615,1ABT,"""-"""
P60615,1BXP,"""-"""
P60615,1HAA,"""-"""
P60615,1HAJ,"""-"""
P60615,1HC9,1.80 A
P60615,1HOY,"""-"""
P60615,1IDG,"""-"""
P60615,1IDH,"""-"""
P60615,1IDI,"""-"""
P60615,1IDL,"""-"""
P60615,1IK8,"""-"""
P60615,1IKC,"""-"""
P60615,1JBD,"""-"""
P60615,1KC4,"""-"""
P60615,1KFH,"""-"""
P60615,1KL8,"""-"""
P60615,1L4W,"""-"""
P60615,1LJZ,"""-"""
P60615,1RGJ,"""-"""
P60615,2ABX,2.50 A
P60615,2BTX,"""-"""
P60615,6UWZ,2.69 A
P60615,8DA1,2.67 A
P62166,1G8I,1.90 A
P62166,2LCP,"""-"""
P62166,4GUK,1.75 A
P62166,5O9S,2.70 A
P62166,6QI4,1.78 A
P62903,null,null
P69657,2I28,"""-"""
P69657,2NS3,"""-"""
P69657,4EZ1,2.49 A
P69747,2H8S,"""-"""
P69747,2MFX,"""-"""
P69747,2MFY,"""-"""
P69747,2MG6,"""-"""
P69747,2N07,"""-"""
P69747,4TTL,1.70 A
P69747,6CGX,"""-"""
P69747,7KNN,"""-"""
P80719,1TXM,"""-"""
P80719,1WPD,"""-"""
P80719,1WT7,"""-"""
P81755,1WCT,"""-"""
P82851,1HP9,"""-"""
P82851,6ATS,1.90 A
P83476,2N9T,"""-"""
P83476,5O0U,0.99 A
P83476,5TCZ,"""-"""
P83476,6MK4,"""-"""
P83476,6N4I,3.54 A
P83476,6N4Q,3.60 A
P83476,6N4R,4.20 A
P83655,null,null
P84507,5EPM,1.75 A
P84507,6BR0,"""-"""
P84508,6BTV,"""-"""
P84777,2AXK,"""-"""
P84809,null,null
P84810,null,null
P84845,null,null
P85013,null,null
P85886,null,null
P86822,null,null
Q0GY40,5IPO,"""-"""
Q0GY40,5JYH,"""-"""
Q1L777,5JME,2.34 A
Q2PAY4,6CGW,"""-"""
Q2PAY4,6CHC,"""-"""
Q2PAY4,6CNU,1.05 A
Q7YT39,1LU8,"""-"""
Q7YT39,1TYK,"""-"""
Q86DU6,null,null
Q86QT3,1NE5,"""-"""
Q86QT3,1PX9,"""-"""
Q8I0L5,null,null
Q9BKB7,1J5J,"""-"""
Q9BKB7,1LGL,"""-"""
Q9BPG6,null,null
Q9NBG9,1M2S,"""-"""
Q9NII7,1BKT,"""-"""
Q9NII7,2K4U,"""-"""
Q9NII7,2MLA,"""-"""
Q9NII7,2MLD,"""-"""
Q9NJC7,2KBH,"""-"""
Q9NJC7,2KBJ,"""-"""
Q9PWF3,1H5O,"""-"""
Q9PWF3,1Z99,"""-"""
Q9TVX3,null,null
A0A1L2FZD4,null,null
A0A2L2P6T9,null,null
A0A3G3C7U9,null,null
A0A7M4DUE8,6X8R,"""-"""
A1X8D8,null,null
A6YR20,null,null
A6YR21,null,null
B1P1F7,8CIQ,"""-"""
B1P1F7,8CJP,"""-"""
B1P1F7,8CJQ,"""-"""
B1P1F7,8CJR,"""-"""
B1P1F7,8CJS,"""-"""
B1P1F7,8CJT,"""-"""
B3EWN3,null,null
B3EWY1,null,null
B8XH01,null,null
C0HJQ6,null,null
C0HJU6,null,null
C0HJU7,null,null
C0HKB2,null,null
C0HKB3,7ZRU,"""-"""
C0HM65,null,null
C1J5M6,2LO9,"""-"""
C1J5M6,2LOC,"""-"""
D5J6X1,null,null
E7CAU3,null,null
I1SB07,2YEN,"""-"""
J7GY56,null,null
M1JBC0,null,null
P01496,5CY0,1.93 A
P08815,1SXM,"""-"""
P0C162,null,null
P0C164,null,null
P0C165,null,null
P0C174,2MSF,"""-"""
P0C175,null,null
P0C1W3,null,null
P0C1W8,null,null
P0C1X2,1Y62,2.45 A
P0C1X2,2CA7,"""-"""
P0C1X2,6Q61,1.30 A
P0C1X2,6Q6C,1.30 A
P0C1X2,6YHY,1.55 A
P0C8M0,null,null
P0CE73,null,null
P0CE77,null,null
P0CG45,null,null
P0DJA9,null,null
P0DKQ3,null,null
P0DM14,null,null
P0DQT9,null,null
P28881,1MVJ,"""-"""
P31719,1PNH,"""-"""
P37300,1CNN,"""-"""
P37300,1OMN,"""-"""
P37300,1V4Q,"""-"""
P46114,1HP2,"""-"""
P50985,1AKG,1.10 A
P55927,2PTA,"""-"""
P56219,1TSK,"""-"""
P56219,6ATL,1.80 A
P56639,null,null
P56640,1DG2,"""-"""
P56640,1MXN,"""-"""
P56640,1MXP,"""-"""
P56641,null,null
P56708,null,null
P56712,null,null
P56713,null,null
P56714,1F3K,"""-"""
P56973,1B45,"""-"""
P58328,1SN4,1.30 A
P58425,null,null
P58426,1EMX,"""-"""
P58427,null,null
P58498,1N8M,"""-"""
P58916,null,null
P58917,null,null
P58925,1R9I,"""-"""
P59847,1HLY,"""-"""
P59869,2KY3,"""-"""
P59869,2LU9,"""-"""
P59869,2ME7,"""-"""
P59869,2MEL,"""-"""
P59869,2MEN,"""-"""
P59869,2MEO,"""-"""
P59869,6D3T,"""-"""
P59869,6D8H,"""-"""
P59869,6D8Q,"""-"""
P59869,6D8R,"""-"""
P59869,6D8S,"""-"""
P59869,6D8T,"""-"""
P59869,6D8U,"""-"""
P59869,6D8Y,"""-"""
P59869,6D93,"""-"""
P59869,6D9O,"""-"""
P59869,6D9P,"""-"""
P59869,6VNZ,"""-"""
P59938,6AU7,1.90 A
P59938,6AUP,1.95 A
P60208,6GGZ,"""-"""
P60210,null,null
P60211,2JP6,"""-"""
P60992,2N6O,"""-"""
P61230,1V7F,"""-"""
P61409,null,null
P68411,null,null
P68424,1Y29,"""-"""
P69658,1ZLC,"""-"""
P69746,null,null
P69939,null,null
P69940,null,null
P81792,8BWB,"""-"""
P83243,1JLZ,"""-"""
P84509,null,null
P84510,5WE3,"""-"""
P84744,null,null
P85117,null,null
P85505,null,null
P85528,null,null
P86110,null,null
P86193,null,null
P86194,null,null
P86396,null,null
Q0EAE5,7OD2,"""-"""
Q1A3R1,null,null
Q26443,1RMK,"""-"""
Q2I2R8,null,null
Q5K0E0,null,null
Q6WJF5,null,null
Q75WH2,null,null
Q867F4,null,null
Q95NJ8,1S8K,"""-"""
Q95NK7,1PVZ,"""-"""
Q9NII6,1BIG,"""-"""
Q9NII6,6AVC,1.88 A
Q9NJP7,1DU9,"""-"""
Q9U8D1,1WM8,"""-"""
Q9U8D2,1WM7,"""-"""
Q9XZK2,1FYG,"""-"""
R4GUQ3,2LIX,"""-"""
X5IWT5,null,null
A0A330KW27,6CKD,"""-"""
A0A330KW27,6CKF,"""-"""
A0A384E0Y8,5XA6,"""-"""
A0A3G3C7T5,null,null
A0A3G3C7U2,null,null
A0A3G3C7U7,null,null
A0A3G3C7V7,null,null
A7KJJ7,null,null
B2ZBB6,null,null
B2ZBB9,null,null
B2ZBC0,null,null
B3A0L5,2LI3,"""-"""
B3EWN0,null,null
B3EWN1,null,null
B3EWN2,null,null
B3EWX9,null,null
B8XGZ8,null,null
C0HJA8,null,null
C0HJQ5,null,null
C0HJS9,null,null
C0HJW1,null,null
C0HJW2,null,null
C0HJW3,null,null
C0HJW5,null,null
C0HJW6,null,null
C0HL52,null,null
C1J5M5,null,null
C1J5M7,2LU6,"""-"""
C6ZH27,null,null
C6ZJQ2,null,null
C9X4K6,null,null
D2Y1Y4,null,null
D2Y1Y5,null,null
D2Y1Y6,null,null
D2Y1Y7,null,null
D2Y1Y8,null,null
D2Y1Y9,null,null
D2Y1Z0,null,null
D2Y1Z1,null,null
D2Y1Z2,null,null
D2Y1Z3,null,null
D2Y1Z5,null,null
D2Y1Z6,null,null
D2Y1Z9,null,null
D2Y200,null,null
D2Y201,null,null
D2Y202,null,null
D2Y203,null,null
D2Y234,null,null
D2Y235,null,null
D2Y2C2,null,null
D2Y2F3,null,null
D2Y2F4,null,null
D2Y2F5,null,null
D2Y2F6,null,null
D2Y2F7,null,null
D2Y2F8,null,null
D2Y2F9,null,null
D2Y2G0,null,null
D2Y2G1,null,null
D2Y2G2,null,null
D2Y2I5,null,null
D2Y2I6,null,null
D2Y2Q1,null,null
D2Y2Q2,null,null
D2Y2Q5,null,null
D2Y2Q6,null,null
D2Y2Q7,null,null
D2Y2Q8,null,null
D2Y2Q9,null,null
D4HPD6,null,null
D9U2A2,null,null
D9U2A4,null,null
G4V3T9,null,null
H2BKS9,null,null
L8BU87,2MDQ,"""-"""
L8BU87,5XGL,3.44 A
L8BU87,6M4X,3.00 A
L8BU87,6M4Z,2.80 A
P01437,null,null
P01488,null,null
P01524,1GIB,"""-"""
P05482,6MJD,"""-"""
P05483,null,null
P05485,null,null
P0C161,null,null
P0C163,null,null
P0C168,null,null
P0C176,null,null
P0C182,null,null
P0C1U0,null,null
P0C1W9,null,null
P0C1X0,null,null
P0C1X5,null,null
P0C1X6,null,null
P0C1Z3,1WQC,"""-"""
P0C1Z3,1WQD,"""-"""
P0C1Z4,1WQE,"""-"""
P0C2F3,null,null
P0C2P5,null,null
P0C351,null,null
P0C615,null,null
P0C7I1,null,null
P0C831,null,null
P0C893,null,null
P0C8V2,null,null
P0C8V8,null,null
P0C8V9,null,null
P0C8X5,null,null
P0C8X6,null,null
P0C8X9,null,null
P0C909,null,null
P0CB56,null,null
P0CH12,null,null
P0CH16,null,null
P0CH42,null,null
P0CI43,null,null
P0CI44,null,null
P0CI45,null,null
P0CJ35,null,null
P0CY60,null,null
P0DJ32,null,null
P0DJL0,null,null
P0DJO5,null,null
P0DKQ4,null,null
P0DKQ5,null,null
P0DKQ6,null,null
P0DKQ9,null,null
P0DL33,null,null
P0DL43,null,null
P0DL47,null,null
P0DL48,null,null
P0DL65,2RTZ,"""-"""
P0DL81,null,null
P0DMR8,null,null
P0DMR9,null,null
P0DMX7,null,null
P0DMX8,null,null
P0DMY0,null,null
P0DMY1,null,null
P0DMY2,null,null
P0DMY4,null,null
P0DMY5,null,null
P0DMY6,null,null
P0DMY7,null,null
P0DMY8,null,null
P0DP36,null,null
P0DPM4,null,null
P0DPT2,null,null
P0DPT4,null,null
P0DQD4,null,null
P0DQR1,null,null
P0DQU0,null,null
P0DTB8,null,null
P0DUK7,null,null
P0DUK8,null,null
P0DW83,null,null
P0DW84,null,null
P11494,1BDS,"""-"""
P11494,2BDS,"""-"""
P15472,1AG7,"""-"""
P22947,null,null
P24541,null,null
P24662,1KTX,"""-"""
P24662,1XSW,"""-"""
P24662,2KTX,"""-"""
P24662,2UVS,"""-"""
P24662,3ODV,0.95 A
P24663,null,null
P28878,null,null
P29426,null,null
P45629,null,null
P45660,null,null
P46110,null,null
P46111,1AGT,"""-"""
P55928,1C49,"""-"""
P56215,1ACW,"""-"""
P56608,null,null
P56854,null,null
P58504,null,null
P58914,null,null
P58915,null,null
P58918,null,null
P58919,null,null
P58926,null,null
P58927,null,null
P58930,null,null
P59084,null,null
P59870,null,null
P59925,null,null
P59939,null,null
P59940,null,null
P60207,1Q2J,"""-"""
P60209,2KTC,"""-"""
P60233,null,null
P60273,1LUP,"""-"""
P60979,null,null
P61789,null,null
P61790,null,null
P61791,null,null
P61792,null,null
P63019,1PE4,"""-"""
P81658,1BF0,"""-"""
P81658,5YV7,2.40 A
P81658,6KZF,2.52 A
P83112,null,null
P83244,null,null
P83745,null,null
P83746,null,null
P83747,null,null
P83892,null,null
P83909,null,null
P83910,null,null
P83996,null,null
P84630,null,null
P84756,null,null
P84835,2WH9,"""-"""
P84836,null,null
P84837,null,null
P84864,null,null
P85506,null,null
P85529,null,null
P86105,null,null
P86115,null,null
P86270,null,null
P86271,2LO7,"""-"""
P86398,null,null
P86399,8F2F,"""-"""
P86418,null,null
P86465,null,null
P86467,null,null
Q0GY41,null,null
Q0GY42,7LGL,"""-"""
Q0GY43,null,null
Q0GY44,null,null
Q26350,null,null
Q5G8A6,null,null
Q5K0C4,null,null
Q86BX0,6AY8,1.78 A
Q86RB2,1UL2,"""-"""
Q86RB2,5CO5,2.10 A
Q8I6R5,null,null
Q8MUB1,null,null
Q95P69,null,null
Q95WD3,null,null
Q967F9,null,null
Q9BJX2,null,null
Q9BN12,null,null
Q9BP55,null,null
Q9BP56,null,null
Q9GNG8,null,null
Q9N633,null,null
Q9N682,null,null
Q9TWG1,null,null
Q9TXD1,null,null
Q9XZK8,null,null
Q9XZK9,null,null
Q9XZL1,null,null
Q9XZL3,null,null
Q9XZL4,null,null
Q9XZL5,null,null
A0A059UI30,null,null
A6YR23,null,null
A6YR24,null,null
A6YR26,null,null
A6YR28,null,null
A6YR29,null,null
A6YR30,null,null
A6YR31,null,null
A6YR33,null,null
A6YR34,null,null
A6YR36,null,null
A6YR37,null,null
A6YR40,null,null
A6YR41,null,null
A6YR42,null,null
A7LI90,null,null
A7LI91,null,null
A7LI92,null,null
A9UH01,null,null
B2KTG2,null,null
B2KTG3,null,null
B3EWY0,null,null
B5KF99,null,null
B8XH30,null,null
B8XH45,null,null
B8XH47,null,null
D2Y2C4,null,null
D2Y2F2,null,null
D2Y2R1,null,null
D2Y2R3,null,null
D2Y2R4,null,null
D9U2A8,null,null
E4VP04,null,null
E4VP41,null,null
F1CIY9,null,null
F1CJ67,null,null
F1CJ80,null,null
H2ER22,null,null
H2ER23,null,null
H2ETQ6,null,null
K7XFK5,null,null
M1J7U4,null,null
M1JB54,null,null
M1JMR8,null,null
O76198,null,null
P0C167,null,null
P0C1T9,null,null
P0C1U1,null,null
P0C1U2,null,null
P0C832,null,null
P0C8V3,null,null
P0C8X7,null,null
P0C8X8,null,null
P0CB10,null,null
P0CB11,null,null
P0CH75,null,null
P0CI04,null,null
P0CI41,null,null
P0CY69,null,null
P0DL31,null,null
P0DQT7,null,null
P0DQT8,null,null
P0DQU1,null,null
P15230,null,null
P45661,null,null
P58490,1QKY,"""-"""
P58570,null,null
P69761,null,null
P81789,null,null
P86106,null,null
P86466,null,null
Q0GY45,null,null
Q0GY46,null,null
Q3YED6,null,null
Q3YEF3,null,null
Q5K0B9,null,null
Q5K0C0,null,null
Q5K0D2,null,null
Q5K0D3,null,null
Q5K0D5,null,null
Q5K0D6,null,null
Q5K0D8,null,null
Q86QT8,null,null
Q86QT9,null,null
Q86QU0,null,null
Q86QU1,null,null
Q86QU2,null,null
Q86QU3,null,null
Q86QU4,null,null
Q86QU5,null,null
Q86QU6,null,null
Q86QU7,null,null
Q86QU8,null,null
Q86QU9,null,null
Q86QV0,null,null
Q86QV1,null,null
Q86QV2,null,null
Q86QV3,null,null
Q86QV4,null,null
Q86QV5,null,null
Q86QV6,null,null
Q86QV7,null,null
Q86QV8,null,null
Q86QV9,null,null
Q95P89,null,null
Q9BH84,null,null
Q9BN11,null,null
Q9BP99,null,null
Q9BPA5,null,null
Q9N661,null,null
Q9U644,null,null
Q9U645,null,null
Q9U647,null,null
Q9U648,null,null
Q9U650,null,null
Q9U651,null,null
Q9U654,null,null
Q9U657,null,null
Q9XYZ0,null,null
Q9XYZ1,null,null
Q9XZK3,null,null
Q9XZK4,null,null
Q9XZL0,null,null
Q9XZL2,null,null
A0A068B6Q6,2NAY,"""-"""
A0S864,2H7Z,1.50 A
A0S865,2H7Z,1.50 A
B1NWR6,null,null
B1P1D9,null,null
B1P1E0,null,null
B1P1E1,null,null
B1P1E2,null,null
B1P1E3,null,null
B2KPN7,2JQB,"""-"""
B2KPN7,2JQC,"""-"""
B2KPN7,2YYF,"""-"""
C0HK69,6VXW,"""-"""
D2Y1X9,2JTB,"""-"""
D2Y1Y0,null,null
D2Y1Y1,null,null
D2Y1Y2,null,null
D2Y1Y3,null,null
D2Y1Z4,null,null
D2Y1Z7,null,null
D2Y1Z8,null,null
D2Y2D1,null,null
D2Y2D2,null,null
D2Y2D3,null,null
D2Y2I3,null,null
P01531,1APF,"""-"""
P08900,2LI7,"""-"""
P08900,2LJM,"""-"""
P0C247,2A2V,"""-"""
P0C247,3J5Q,3.80 A
P0C248,null,null
P0C250,2M6G,"""-"""
P0C250,2M6H,"""-"""
P0C828,null,null
P0C829,null,null
P0CH90,null,null
P0DL39,7N0W,2.46 A
P0DL39,7N0Y,2.58 A
P28879,6OTB,"""-"""
P28879,6OVJ,"""-"""
P58786,1DG0,"""-"""
P58786,1QFB,"""-"""
P58913,null,null
P59868,1IE6,"""-"""
P59868,8DTB,3.14 A
P59868,8DUJ,3.70 A
P60254,1C6W,"""-"""
P60513,1G1P,"""-"""
P60513,1G1Z,"""-"""
P68425,2JOT,"""-"""
P83303,1MB6,"""-"""
P83303,2M4X,"""-"""
P83303,2M4Z,"""-"""
P83303,2M50,"""-"""
P83303,5T3M,"""-"""
P83303,5TLR,"""-"""
P83303,6W6O,3.20 A
P83303,7K48,3.60 A
Q0N4U8,2FQC,"""-"""
Q0N4U8,2NAV,"""-"""
Q0N4U8,2NAW,"""-"""
Q5EHP3,2EFZ,"""-"""
Q9BH73,null,null
Q9NP86,null,null
Q9U655,null,null
X5I9Y2,1NOT,1.20 A
X5I9Y2,1QS3,"""-"""
X5I9Y2,1XGA,"""-"""
X5I9Y2,1XGB,"""-"""
X5I9Y2,1XGC,"""-"""
X5I9Y2,2FR9,"""-"""
X5I9Y2,2FRB,"""-"""
A0A068B0Z6,null,null
A0A1P8NVR5,null,null
A0A1P8NVT3,null,null
A0A1P8NVU0,null,null
A0A2I6EDN5,null,null
A0A2L2P6T1,null,null
A0A3G6IHA6,null,null
A7SCE5,null,null
B1B5I8,null,null
B1B5I9,null,null
B1NWS1,null,null
B1NWS8,null,null
B1P1A4,null,null
B1P1A6,null,null
B1P1B8,null,null
B1P1B9,null,null
B1P1D7,null,null
B1P1E5,null,null
B1P1E6,null,null
B1P1E7,null,null
B1P1F3,null,null
B1P1F4,null,null
B1P1G0,null,null
B1P1G1,null,null
B1P1G2,null,null
B1P1G3,null,null
B1P1G8,null,null
B8QG00,null,null
C0HJN0,null,null
C0HLM2,null,null
C0HLN4,null,null
C0HLS4,null,null
C0HM68,null,null
D3JXM1,null,null
O16846,null,null
P01476,null,null
P01491,1B3C,"""-"""
P01491,2B3C,"""-"""
P01534,null,null
P0C1N1,null,null
P0C1N6,null,null
P0C1N7,null,null
P0C1N8,null,null
P0C1X1,null,null
P0C280,2H9X,"""-"""
P0C2C5,null,null
P0C2X7,1ZJQ,"""-"""
P0C2X7,2AAP,"""-"""
P0C5G6,null,null
P0C5X7,null,null
P0C7W7,null,null
P0C837,null,null
P0C8R1,null,null
P0C8R2,null,null
P0C8S5,null,null
P0CC12,null,null
P0CC13,null,null
P0CC15,null,null
P0CH56,null,null
P0DJ45,null,null
P0DJ46,2M01,"""-"""
P0DKP9,null,null
P0DKQ2,null,null
P0DL36,2MUN,"""-"""
P0DL36,2MZ4,"""-"""
P0DL57,null,null
P0DL58,null,null
P0DL62,null,null
P0DM12,5T4R,"""-"""
P0DMM8,null,null
P0DQH7,null,null
P0DQH8,null,null
P0DQO1,null,null
P0DQV4,null,null
P0DQY7,null,null
P0DUR0,null,null
P0DV31,null,null
P0DV32,null,null
P0DV95,null,null
P0DV96,null,null
P0DW95,null,null
P10454,null,null
P15471,1HJE,0.75 A
P15471,1QMW,"""-"""
P18511,1FU3,"""-"""
P19651,1SH1,"""-"""
P19651,1SHI,"""-"""
P19651,2SH1,"""-"""
P24160,null,null
P25660,1JC6,"""-"""
P55963,1P1P,"""-"""
P56529,1AS5,"""-"""
P56529,1JLO,"""-"""
P56612,null,null
P56711,null,null
P56852,1D1H,"""-"""
P58782,1PQR,"""-"""
P58787,1DFY,"""-"""
P58787,1DFZ,"""-"""
P58846,null,null
P58923,1EYO,"""-"""
P59290,null,null
P60179,1YZ2,"""-"""
P60215,null,null
P60245,1JLP,"""-"""
P60616,1HC9,1.80 A
P60616,2QC1,1.94 A
P60616,4HQP,3.51 A
P60616,4UY2,2.70 A
P60616,5HBT,2.61 A
P60616,5HBV,2.70 A
P60616,7KOO,3.00 A
P60980,1S6X,"""-"""
P60980,2N1N,"""-"""
P60993,null,null
P61408,null,null
P62520,2I1T,"""-"""
P69928,null,null
P69930,null,null
P80670,null,null
P83405,null,null
P83406,null,null
P84713,null,null
P86261,null,null
P86459,null,null
Q2I2Q5,null,null
Q2I2R5,null,null
Q3C258,6UX5,"""-"""
Q4LCS9,null,null
Q4LCT0,null,null
Q5G8B6,6ATN,1.76 A
Q5K0C7,null,null
Q7M425,null,null
Q9XZK5,null,null
W4VSA0,5L34,"""-"""
X1WB75,2MD6,"""-"""
A0A1L1QJU3,2N8F,"""-"""
A0A218QX08,null,null
A0A2D1P890,null,null
A0A2I6EDM8,null,null
A0A3G3C7R5,null,null
A0A3G3C7S2,null,null
A0A3G3C7S6,null,null
A0A3G3C7T9,null,null
A0A3G3C7V6,null,null
A0A7S8MVN3,null,null
A0SE59,null,null
A0SE60,null,null
A1X8B6,null,null
A1X8B8,null,null
A1X8C2,null,null
A1X8C3,null,null
A6M934,null,null
B1P1A0,null,null
B1P1A2,null,null
B1P1A5,null,null
B1P1A7,null,null
B1P1A8,null,null
B1P1B0,null,null
B1P1B1,null,null
B1P1B2,null,null
B1P1B3,null,null
B1P1B4,null,null
B1P1B6,null,null
B1P1C0,null,null
B1P1C1,null,null
B1P1C2,null,null
B1P1C4,null,null
B1P1C6,null,null
B1P1C7,null,null
B1P1C8,null,null
B1P1C9,null,null
B1P1D0,null,null
B1P1D2,null,null
B1P1D3,null,null
B1P1D4,null,null
B1P1D8,null,null
B1P1E4,null,null
B1P1E8,null,null
B1P1E9,null,null
B1P1F0,null,null
B1P1F1,null,null
B1P1F2,null,null
B1P1F6,null,null
B1P1F8,null,null
B1P1F9,null,null
B1P1G4,null,null
B1P1G5,null,null
B1P1G6,null,null
B1P1G7,null,null
B1P1G9,null,null
B1P1H0,null,null
B1P1H1,null,null
B1P1H2,null,null
B1P1H3,null,null
B1P1H4,null,null
B1P1H5,null,null
B1P1H6,null,null
B1P1H7,null,null
B1P1H8,null,null
B1P1I1,null,null
B1P1I2,null,null
B1P1I3,null,null
B1P1I4,null,null
B1P1I5,null,null
B1P1I6,null,null
B2ZBB8,null,null
B3EWQ0,null,null
B3EWT2,null,null
B3EWT3,null,null
B3FIS6,6AV8,1.89 A
B3FIU2,null,null
B3SVF0,null,null
B3SVF1,null,null
B8XH33,null,null
B8XH38,null,null
C0HJB1,null,null
C0HJT0,null,null
C0HK75,null,null
C0HKD0,null,null
C0HL53,null,null
C0HL54,null,null
C0HLK1,null,null
C0HLL9,null,null
D2DGD3,null,null
D2KX90,null,null
D2KX91,null,null
D2KX92,null,null
D2Y236,null,null
D2Y239,null,null
D2Y241,null,null
D2Y242,null,null
D2Y243,null,null
D2Y245,null,null
D2Y248,null,null
D2Y249,null,null
D2Y250,null,null
D2Y251,null,null
D2Y253,null,null
D2Y254,null,null
D2Y255,null,null
D2Y256,null,null
D2Y257,null,null
D2Y258,null,null
D2Y259,null,null
D2Y260,null,null
D2Y261,null,null
D2Y262,null,null
D2Y263,null,null
D2Y264,null,null
D2Y265,null,null
D2Y266,null,null
D2Y267,null,null
D2Y268,null,null
D2Y269,null,null
D2Y270,null,null
D2Y274,null,null
D2Y278,null,null
D2Y284,null,null
D2Y285,null,null
D2Y292,null,null
D2Y293,null,null
D2Y294,null,null
D2Y295,null,null
D2Y296,null,null
D2Y297,null,null
D2Y298,null,null
D2Y299,null,null
D2Y2B6,null,null
D2Y2B7,null,null
D2Y2B8,null,null
D2Y2B9,null,null
D2Y2C3,null,null
D2Y2C5,null,null
D2Y2C6,null,null
D2Y2C7,null,null
D2Y2C8,null,null
D2Y2C9,null,null
D2Y2D0,null,null
D2Y2D8,null,null
D2Y2D9,null,null
D2Y2E8,null,null
D2Y2E9,null,null
D2Y2F0,null,null
D2Y2G3,null,null
D2Y2G4,null,null
D2Y2G5,null,null
D2Y2G6,null,null
D2Y2G7,null,null
D2Y2H0,null,null
D2Y2H9,null,null
D2Y2I0,null,null
D2Y2I1,null,null
D2Y2I2,null,null
D2Y2L7,null,null
D2Y2M1,null,null
D2Y2M4,null,null
D2Y2M5,null,null
D2Y2M6,null,null
D2Y2M8,null,null
D2Y2N0,null,null
D2Y2N1,null,null
D2Y2N4,null,null
D2Y2P2,null,null
D2Y2P3,null,null
D2Y2P6,null,null
D2Y492,null,null
D4HRK7,null,null
D9IWN6,null,null
D9IWN7,null,null
E2S061,null,null
E2S062,null,null
E2S063,null,null
E2S064,null,null
E2S065,null,null
E2S066,null,null
F2XFS9,null,null
G0W2H8,null,null
G0W2I0,null,null
H1ZZH7,null,null
H2BK78,null,null
H2BKJ0,null,null
M4GX67,null,null
P01477,null,null
P01520,null,null
P01529,null,null
P01530,1AHL,"""-"""
P01532,null,null
P01533,1ATX,"""-"""
P08380,null,null
P09949,null,null
P0C183,null,null
P0C185,null,null
P0C1B5,null,null
P0C1B6,null,null
P0C1B7,null,null
P0C1F0,null,null
P0C1V8,null,null
P0C1W0,null,null
P0C1W1,null,null
P0C1W2,null,null
P0C1Y2,null,null
P0C292,null,null
P0C293,null,null
P0C294,null,null
P0C2C6,null,null
P0C2P6,null,null
P0C2U8,null,null
P0C5F4,null,null
P0C5G5,null,null
P0C7P9,null,null
P0C7Q0,null,null
P0C8U4,null,null
P0C8V1,null,null
P0C8V4,null,null
P0C8V5,null,null
P0C8V6,null,null
P0CAQ5,null,null
P0CAQ6,null,null
P0CAQ8,null,null
P0CB07,null,null
P0CB08,null,null
P0CC14,null,null
P0CF37,null,null
P0CF39,null,null
P0CH13,null,null
P0CH14,null,null
P0CH50,null,null
P0CH52,null,null
P0CH54,null,null
P0CH57,2KFE,"""-"""
P0CI05,null,null
P0CJ21,null,null
P0CY86,null,null
P0CY88,null,null
P0DJ34,null,null
P0DJ35,null,null
P0DJ47,null,null
P0DJ48,null,null
P0DJ49,null,null
P0DJ50,null,null
P0DJ76,null,null
P0DJ79,null,null
P0DJ80,null,null
P0DJ85,null,null
P0DKQ0,null,null
P0DKQ1,null,null
P0DKT1,null,null
P0DKT2,null,null
P0DKT3,null,null
P0DKT4,null,null
P0DKT5,null,null
P0DL59,null,null
P0DM13,null,null
P0DM23,null,null
P0DM28,null,null
P0DMJ1,null,null
P0DMX6,null,null
P0DMZ2,null,null
P0DN00,null,null
P0DN01,null,null
P0DN02,null,null
P0DN03,null,null
P0DN04,null,null
P0DN05,null,null
P0DN06,null,null
P0DN07,null,null
P0DN09,null,null
P0DN10,null,null
P0DN11,null,null
P0DN12,null,null
P0DN13,null,null
P0DN14,null,null
P0DN16,null,null
P0DN17,null,null
P0DN18,null,null
P0DN19,null,null
P0DN20,null,null
P0DPT1,null,null
P0DPW9,null,null
P0DQJ4,null,null
P0DQN2,null,null
P0DQO0,null,null
P0DQO2,null,null
P0DQO3,null,null
P0DQO4,null,null
P0DQP3,6VH8,"""-"""
P0DQR7,null,null
P0DQZ2,8FEY,"""-"""
P0DUG3,null,null
P0DUQ5,null,null
P0DUR1,null,null
P0DUR2,null,null
P0DUU1,null,null
P0DUU2,null,null
P0DUU4,null,null
P11495,null,null
P12029,null,null
P14531,null,null
P18512,null,null
P18513,null,null
P24330,null,null
P40755,1MTX,"""-"""
P45696,6AY7,1.77 A
P46112,null,null
P49266,null,null
P56609,null,null
P56611,null,null
P56710,null,null
P56853,null,null
P58752,null,null
P58783,null,null
P58784,null,null
P58922,null,null
P59886,null,null
P59899,null,null
P60164,null,null
P60165,null,null
P60252,null,null
P60253,null,null
P60975,null,null
P60991,null,null
P63175,null,null
P63176,null,null
P63327,4GV5,1.70 A
P69749,null,null
P69758,null,null
P69759,null,null
P69762,null,null
P69943,null,null
P80669,null,null
P80671,null,null
P81727,null,null
P81897,null,null
P83390,null,null
P84919,null,null
P85009,null,null
P85010,null,null
P85011,null,null
P85012,null,null
P86362,null,null
P86401,null,null
P86402,null,null
P86461,null,null
P86828,null,null
Q2I2P8,null,null
Q2I2R6,null,null
Q2I2R7,null,null
Q5G8B8,null,null
Q5K0C5,null,null
Q6PPB3,null,null
Q6PTD4,null,null
Q6PTD6,null,null
Q6WGI9,null,null
Q6XLL5,null,null
Q6XLL6,6AVD,1.80 A
Q75WG5,null,null
Q75WH3,null,null
Q76CA0,null,null
Q76CA3,null,null
Q86RA3,null,null
Q8I6R2,null,null
Q8IS41,null,null
Q8WRY4,null,null
Q95WC9,null,null
Q95WD1,null,null
Q95WD2,null,null
Q9BKJ0,null,null
Q9BPB1,null,null
Q9BPB2,null,null
Q9BPB4,null,null
Q9NDA6,null,null
Q9NDA7,null,null
Q9NJQ2,null,null
Q9TWF8,null,null
Q9TWF9,null,null
Q9TWG0,null,null
Q9XZK6,null,null
S4UJW3,null,null
A0A059U906,null,null
A0A059UEE4,null,null
A0A059UI21,null,null
A0A068B409,7EDK,"""-"""
A0A0K8TU78,null,null
A0A125S9E6,null,null
A0A125S9F6,null,null
A0A1P8NVR4,null,null
A0A1P8NVS2,null,null
A0A1P8NVS8,null,null
A0A1P8NVS9,null,null
A0A2I6EDL6,null,null
A0A2I6EDL7,null,null
A0A2I6EDM2,null,null
A0A2I6EDM5,null,null
A0A2I6EDN1,null,null
A0A2I6EDN2,null,null
A0A3G3C7T2,null,null
A0A3G3C7W0,null,null
A0F0C2,null,null
A1X8B9,null,null
A1X8C6,null,null
A1X8D0,null,null
A1X8D1,null,null
A1X8D6,null,null
A1X8D9,null,null
A3DT44,null,null
A6M938,null,null
A9QLM3,null,null
B0KZ78,null,null
B0KZ79,null,null
B1NWT5,null,null
B1NWU2,null,null
B1NWU3,null,null
B1NWU4,null,null
B1NWU5,null,null
B1NWU6,null,null
B1P1A9,null,null
B1P1D5,null,null
B1P1D6,null,null
B1P1H9,null,null
B2KJ30,null,null
B6V6L0,null,null
B8XH44,null,null
B8XH46,null,null
C0HJT2,null,null
C0HLZ5,null,null
C5J893,null,null
C5J896,null,null
C7DQB7,null,null
C7DQY0,null,null
C7T183,null,null
C7T184,null,null
C7T186,null,null
C7T187,null,null
C7T188,null,null
C7T1P5,null,null
C8CK74,null,null
C8CK75,null,null
C8CK76,null,null
C8CK77,null,null
C8CK78,null,null
C8CK79,null,null
D2DGD5,null,null
D2DGD7,null,null
D2Y238,null,null
D2Y244,null,null
D2Y246,null,null
D2Y247,null,null
D2Y252,null,null
D2Y271,null,null
D2Y272,null,null
D2Y273,null,null
D2Y275,null,null
D2Y276,null,null
D2Y277,null,null
D2Y279,null,null
D2Y280,null,null
D2Y281,null,null
D2Y282,null,null
D2Y283,null,null
D2Y286,null,null
D2Y287,null,null
D2Y288,null,null
D2Y289,null,null
D2Y290,null,null
D2Y291,null,null
D2Y2A0,null,null
D2Y2A1,null,null
D2Y2A2,null,null
D2Y2A3,null,null
D2Y2A4,null,null
D2Y2A5,null,null
D2Y2A6,null,null
D2Y2A7,null,null
D2Y2A8,null,null
D2Y2A9,null,null
D2Y2B0,null,null
D2Y2B1,null,null
D2Y2B2,null,null
D2Y2B3,null,null
D2Y2B4,null,null
D2Y2B5,null,null
D2Y2C1,null,null
D2Y2F1,null,null
D2Y2G8,null,null
D2Y2G9,null,null
D2Y2H1,null,null
D2Y2H2,null,null
D2Y2H3,null,null
D2Y2H4,null,null
D2Y2H5,null,null
D2Y2H6,null,null
D2Y2H7,null,null
D2Y2H8,null,null
D2Y2L5,null,null
D2Y2L8,null,null
D2Y2M0,null,null
D2Y2M2,null,null
D2Y2M3,null,null
D2Y2M9,null,null
D2Y2N2,null,null
D2Y2N3,null,null
D2Y2N5,null,null
D2Y2N6,null,null
D2Y2N7,null,null
D2Y2N9,null,null
D2Y2P0,null,null
D2Y2P1,null,null
D2Y2P5,null,null
D2Y2P8,null,null
D2Y495,null,null
D2Y496,null,null
D2Y499,null,null
D5KR59,null,null
D6C4H9,null,null
D6C4I3,null,null
D6C4K0,null,null
D6C4K2,null,null
D6C4K9,null,null
D6C4L1,null,null
D6C4L2,null,null
D6C4L3,null,null
D6C4L4,null,null
D6C4L7,null,null
D6C4L8,null,null
E4VP43,null,null
F5C3T9,null,null
G0W2H7,null,null
G0W2H9,null,null
G0W2I1,null,null
G1AS73,null,null
G1AS74,null,null
G1AS75,null,null
G1AS76,null,null
G1AS77,null,null
G1AS78,null,null
G1AS79,null,null
G1AS80,null,null
G1AS81,null,null
G1AS82,null,null
G1AS83,null,null
H1ZZI2,null,null
M9PQ91,null,null
O57540,null,null
O73799,null,null
P0C1F1,null,null
P0C1F3,null,null
P0C1N2,null,null
P0C1N3,null,null
P0C1N4,null,null
P0C1V9,null,null
P0C1W4,null,null
P0C295,null,null
P0C296,null,null
P0C297,null,null
P0C298,null,null
P0C299,null,null
P0C2A1,null,null
P0C5F5,null,null
P0C5F6,null,null
P0C5F7,null,null
P0C5F8,null,null
P0C5F9,null,null
P0C5G0,null,null
P0C5G1,null,null
P0C5G2,null,null
P0C5G3,null,null
P0C830,null,null
P0C833,null,null
P0C834,null,null
P0C8U3,null,null
P0C8U5,null,null
P0C8U6,null,null
P0C8U7,null,null
P0C8U8,null,null
P0C8U9,null,null
P0C8V0,null,null
P0C8V7,null,null
P0C901,null,null
P0C902,null,null
P0C903,null,null
P0C904,null,null
P0C905,null,null
P0CAQ2,null,null
P0CAQ3,null,null
P0CAQ4,null,null
P0CAQ7,null,null
P0CAQ9,null,null
P0CB09,null,null
P0CE74,null,null
P0CE75,null,null
P0CE76,null,null
P0CH21,null,null
P0CH22,null,null
P0CH23,null,null
P0CH51,null,null
P0CH55,null,null
P0CH59,null,null
P0CH72,null,null
P0CH73,null,null
P0CI58,null,null
P0CY61,null,null
P0CY62,null,null
P0CY63,null,null
P0CY64,null,null
P0CY65,null,null
P0CY73,null,null
P0CY75,null,null
P0CY77,null,null
P0CY78,null,null
P0CY79,null,null
P0CY80,null,null
P0CY81,null,null
P0CY82,null,null
P0CY83,null,null
P0CY84,null,null
P0DJ36,null,null
P0DJ37,null,null
P0DJ38,null,null
P0DJ39,null,null
P0DJ40,null,null
P0DJC6,null,null
P0DJC7,null,null
P0DKM2,null,null
P0DKN6,null,null
P0DKN7,null,null
P0DKP4,null,null
P0DL66,null,null
P0DMA2,null,null
P0DMW6,null,null
P0DMW7,null,null
P0DMW9,null,null
P0DMX5,null,null
P0DMZ1,null,null
P0DMZ8,null,null
P0DMZ9,null,null
P0DQN1,null,null
P0DQP4,null,null
P0DTJ4,null,null
P0DUU3,null,null
P0DW73,null,null
P0DW74,null,null
P0DW75,null,null
P0DW76,null,null
P0DW77,null,null
P0DW78,null,null
P10453,null,null
P12028,null,null
P24159,null,null
P24331,null,null
P24332,null,null
P24333,null,null
P24334,null,null
P30783,null,null
P30784,null,null
P30785,null,null
P30831,null,null
P49127,null,null
P56610,null,null
P59848,null,null
P59849,null,null
P59850,null,null
P59851,null,null
P59865,null,null
P60163,null,null
P68413,null,null
P69748,null,null
P69750,null,null
P69751,null,null
P69752,null,null
P69753,null,null
P69754,null,null
P69755,null,null
P69756,null,null
P69757,null,null
P69760,null,null
P69763,null,null
P82803,null,null
P84464,null,null
P84465,null,null
P86462,null,null
P86463,null,null
P86464,null,null
Q0N4U3,null,null
Q0N4U4,null,null
Q0N4U5,null,null
Q0N4U6,null,null
Q0N4U7,null,null
Q2I2P3,null,null
Q2I2P4,null,null
Q2I2Q1,null,null
Q2I2Q2,null,null
Q2I2Q3,null,null
Q2I2Q4,null,null
Q2I2Q6,null,null
Q2I2Q9,null,null
Q2I2R0,null,null
Q2I2R1,null,null
Q2I2R2,null,null
Q2I2R3,null,null
Q2I2R4,null,null
Q3YED1,null,null
Q3YED3,null,null
Q3YED5,null,null
Q3YED8,null,null
Q3YEE1,null,null
Q3YEE2,null,null
Q3YEE3,null,null
Q3YEE4,null,null
Q3YEE5,null,null
Q3YEE6,null,null
Q3YEF0,null,null
Q3YEF1,null,null
Q3YEF4,null,null
Q3YEF7,null,null
Q3YEF8,null,null
Q3YEF9,null,null
Q3YEG0,null,null
Q3YEG3,null,null
Q3YEG4,null,null
Q3YEG6,null,null
Q3YEG7,null,null
Q4LCS7,null,null
Q4LCT1,null,null
Q4LCT2,null,null
Q4LCT3,null,null
Q5EHP1,null,null
Q5EHP4,null,null
Q5F1N4,null,null
Q5I2P0,null,null
Q5K0B8,null,null
Q5K0C1,null,null
Q5K0C2,null,null
Q5K0C8,null,null
Q5K0D0,null,null
Q5K0D1,null,null
Q5K0D7,null,null
Q6PTD7,null,null
Q7YT61,null,null
Q7Z027,null,null
Q7Z028,null,null
Q7Z1K4,null,null
Q7Z1K5,null,null
Q7Z1K6,null,null
Q7Z1K7,null,null
Q7Z1K8,null,null
Q7Z1K9,null,null
Q8I6V7,null,null
Q9BH51,null,null
Q9BHA0,null,null
Q9BHA6,null,null
Q9BHB7,null,null
Q9BP51,null,null
Q9BP58,null,null
Q9BP59,null,null
Q9BP60,null,null
Q9BP61,null,null
Q9BP62,null,null
Q9BP63,null,null
Q9BP64,null,null
Q9BP65,null,null
Q9BP66,null,null
Q9BP67,null,null
Q9BP68,null,null
Q9BP69,null,null
Q9BP70,null,null
Q9BP71,null,null
Q9BP72,null,null
Q9BP73,null,null
Q9BP74,null,null
Q9BP75,null,null
Q9BP76,null,null
Q9BP77,null,null
Q9BP78,null,null
Q9BP79,null,null
Q9BP80,null,null
Q9BP81,null,null
Q9BP82,null,null
Q9BP83,null,null
Q9BP84,null,null
Q9BP85,null,null
Q9BP86,null,null
Q9BP87,null,null
Q9BP88,null,null
Q9BP89,null,null
Q9BP90,null,null
Q9BP91,null,null
Q9BP92,null,null
Q9BP93,null,null
Q9BP94,null,null
Q9BP95,null,null
Q9BP96,null,null
Q9BP97,null,null
Q9BP98,null,null
Q9BPA0,null,null
Q9BPA1,null,null
Q9BPA2,null,null
Q9BPA3,null,null
Q9BPA4,null,null
Q9BPA6,null,null
Q9BPA7,null,null
Q9BPB0,null,null
Q9BPB9,null,null
Q9BPC0,null,null
Q9BPC1,null,null
Q9BPC2,null,null
Q9BPC3,null,null
Q9BPC4,null,null
Q9BPC5,null,null
Q9BPC6,null,null
Q9BPC7,null,null
Q9BPC8,null,null
Q9BPC9,null,null
Q9BPD0,null,null
Q9BPD9,null,null
Q9BPE0,null,null
Q9BPE1,null,null
Q9BPE3,null,null
Q9BPH3,null,null
Q9BPH4,null,null
Q9BPH5,null,null
Q9BPH6,null,null
Q9BPH7,null,null
Q9BPH8,null,null
Q9BPH9,null,null
Q9BPI1,null,null
Q9BPI3,null,null
Q9BPI4,null,null
Q9BPI5,null,null
Q9BPI6,null,null
Q9BPI7,null,null
Q9BPI8,null,null
Q9BPI9,null,null
Q9BPJ0,null,null
Q9BPJ1,null,null
Q9BPJ2,null,null
Q9BPJ3,null,null
Q9BPJ4,null,null
Q9BPJ5,null,null
Q9BPJ6,null,null
Q9BPJ8,null,null
Q9BPJ9,null,null
Q9BPK0,null,null
Q9N669,null,null
Q9N6A4,null,null
Q9NDA5,null,null
Q9TVF6,null,null
Q9TVF7,null,null
Q9TVK3,null,null
Q9TVN1,null,null
Q9TVQ6,null,null
Q9TVQ7,null,null
Q9TVR4,null,null
Q9TVU1,null,null
Q9TVX4,null,null
Q9TVY1,null,null
Q9TW08,null,null
Q9U656,null,null
Q9U659,null,null
Q9U660,null,null
Q9U662,null,null
Q9UA71,null,null
Q9UA72,null,null
Q9UA83,null,null
Q9UA85,null,null
Q9UA86,null,null
Q9UA91,null,null
Q9UA93,null,null
Q9UA95,null,null
Q9UAB2,null,null
Q9XZK7,null,null
X5IFY8,null,null
K8DWB5,2M3I,"""-"""
O43653,null,null
P0DL68,null,null
P0DM21,2UZ6,2.40 A
P0DM21,6OTA,"""-"""
P0DQM9,6KN2,"""-"""
P58811,1IEN,"""-"""
P58811,2LR9,"""-"""
P82935,2MJ0,"""-"""
Q86Y78,6GBI,1.25 A
Q86Y78,6IB6,"""-"""
C0HKF6,null,null
C0HM42,null,null
F5C0A0,null,null
F5C3U4,null,null
K4RNX9,2LZ5,"""-"""
P0C249,2M6C,"""-"""
P0C249,2M6D,"""-"""
P0C249,2M6E,"""-"""
P0C249,2M6F,"""-"""
P0DM45,null,null
P0DP10,null,null
P0DP16,null,null
P0DPL9,null,null
P0DQQ6,null,null
P0DQY0,null,null
P18998,null,null
P58809,null,null
P58810,1IEO,"""-"""
P58928,4B1Q,"""-"""
P82960,null,null
P83047,1NXN,"""-"""
P84700,null,null
P84701,null,null
P85021,6BX9,"""-"""
P85871,null,null
Q7Z091,null,null
Q7Z092,null,null
Q7Z094,2JRY,"""-"""
Q7Z094,2JTU,"""-"""
Q7Z094,2P4L,"""-"""
Q7Z096,null,null
Q9GU58,null,null
A0A3G3C7S0,null,null
A0A3G3C7S9,null,null
A0A3G3C7U1,null,null
A0A3G3C7U4,null,null
A0A3G3C7V0,null,null
A0A4P8XV20,null,null
B0L0Y5,null,null
B3EWS7,null,null
B3EWS8,null,null
B3EWT4,null,null
C3TS07,null,null
D2Y168,null,null
D2Y171,null,null
D2Y3T1,null,null
D4HRK4,null,null
D5KR58,null,null
E2DIH5,null,null
F6JWU7,null,null
P0C1C8,null,null
P0C1C9,null,null
P0C1M9,null,null
P0C1N0,null,null
P0C260,null,null
P0C2V1,null,null
P0C2V2,null,null
P0C352,null,null
P0C607,null,null
P0C6S2,null,null
P0C6S3,null,null
P0CH15,null,null
P0CH17,null,null
P0CH18,null,null
P0CJ22,null,null
P0CJ23,null,null
P0DL67,null,null
P0DL85,null,null
P0DM27,null,null
P0DOW6,null,null
P0DOZ7,null,null
P0DOZ9,null,null
P0DP11,null,null
P0DP13,null,null
P0DP14,null,null
P0DP17,null,null
P0DP18,null,null
P0DPE6,null,null
P0DPL8,null,null
P0DPM0,null,null
P0DPM1,null,null
P0DPQ0,null,null
P0DPQ1,null,null
P0DPQ2,null,null
P0DQM8,null,null
P0DQQ5,null,null
P0DQQ9,null,null
P0DQV5,null,null
P0DQY1,null,null
P0DTJ2,null,null
P0DTJ3,null,null
P0DUQ7,null,null
P0DUQ9,null,null
P0DUR4,null,null
P0DX20,null,null
P58305,null,null
P58623,null,null
P58624,null,null
P58785,null,null
P58804,null,null
P58841,null,null
P58843,null,null
P58844,null,null
P58845,null,null
P61233,null,null
P69764,null,null
P69765,null,null
P69768,null,null
P83896,null,null
P83915,null,null
P83998,null,null
P84704,6EFE,"""-"""
P85014,null,null
P85015,null,null
P85017,null,null
P85032,null,null
P86026,null,null
P86264,null,null
P86306,null,null
P86307,null,null
P86308,null,null
P86310,null,null
Q75WH4,null,null
Q75WH6,null,null
Q7M4K5,null,null
Q7Z0H4,1RJI,"""-"""
Q7Z0H4,1WT8,"""-"""
Q9GU57,1IXT,"""-"""
Q9GU57,2MSO,"""-"""
W4VS16,6Q5Z,"""-"""
X5I9Z2,null,null
X5IGW1,null,null
A0A0F6QDA5,null,null
A0A125S9E1,null,null
A0A125S9F9,null,null
A0A125S9G2,null,null
A0A141TBR6,null,null
A0A1P8NVU1,null,null
A0A3G1VU77,null,null
A0A3G1VU78,null,null
A0A3G1VU81,null,null
A0A3G1VU84,null,null
B1NWT3,null,null
B1NWT4,null,null
B1P1I7,null,null
B1P1I8,null,null
B1P1J0,2N8K,"""-"""
B1P1J2,null,null
B1PZN6,null,null
B2CI27,null,null
B2CI28,null,null
B2CJ87,null,null
B3EWT5,null,null
C0HJM7,null,null
C7DQX6,null,null
D2Y100,null,null
D2Y101,null,null
D2Y102,null,null
D2Y169,null,null
D2Y170,null,null
D2Y172,null,null
D2Y173,null,null
D2Y174,null,null
D2Y206,null,null
D2Y213,null,null
D2Y214,null,null
D2Y215,null,null
D2Y216,null,null
D2Y217,null,null
D2Y218,null,null
D2Y219,null,null
D2Y220,null,null
D2Y221,null,null
D2Y222,null,null
D2Y223,null,null
D2Y224,null,null
D2Y225,null,null
D2Y226,null,null
D2Y227,null,null
D2Y229,null,null
D2Y231,null,null
D2Y2D4,null,null
D2Y2D6,null,null
D2Y2J1,null,null
D2Y2J2,null,null
D2Y2J3,null,null
D2Y2J4,null,null
D2Y2J5,null,null
D2Y2J6,null,null
D2Y2J8,null,null
D2Y2J9,null,null
D2Y2K0,null,null
D2Y2K1,null,null
D2Y2K2,null,null
D2Y2K3,null,null
D2Y2K4,null,null
D2Y2K6,null,null
D2Y2L0,null,null
D2Y3T3,null,null
D2Y3T4,null,null
D2Y3T5,null,null
D2Y3T6,null,null
D2Y3T7,null,null
D2Y3T8,null,null
D2Y493,null,null
D2Y494,null,null
D2Y497,null,null
D2Y498,null,null
D2Y4A0,null,null
D2Y4A1,null,null
D2Y4A2,null,null
D3JWK2,null,null
D3JWK3,null,null
D3JWK4,null,null
D3JWK5,null,null
D3JWK6,null,null
D3JWK7,null,null
D3JYA5,null,null
D3JYA6,null,null
D5KXG5,null,null
D5KXG6,null,null
D5KXG7,null,null
D5KXG8,null,null
D5KXG9,null,null
D5KXH0,null,null
D5KXH1,null,null
D5KXH2,null,null
D5KXH3,null,null
D5KXH4,null,null
D5KXH6,null,null
D6C4H5,null,null
D6C4H8,null,null
D6C4I0,null,null
D6C4I4,null,null
D6C4I5,null,null
D6C4I6,null,null
D6C4I7,null,null
D6C4I8,null,null
D6C4I9,null,null
D6C4J2,null,null
D6C4J3,null,null
D6C4J4,null,null
D6C4J6,null,null
D6C4J7,null,null
D6C4J8,null,null
D6C4J9,null,null
D6C4K3,null,null
D6C4K4,null,null
D6C4K5,null,null
D6C4L5,null,null
D6C4L6,null,null
D6C4L9,null,null
D6C4M0,null,null
D6C4M1,null,null
D6C4M2,null,null
D6C4M3,null,null
F5CEP0,null,null
F6JWU8,null,null
F6JWU9,null,null
F6JWV0,null,null
F6JWV1,null,null
F6JWV2,null,null
F6JWV3,null,null
G1C1T0,null,null
G1C1T1,null,null
G1C1T2,null,null
G1C1T3,null,null
H8Y1U0,null,null
H9N3R7,null,null
I6R1S1,null,null
I6RU51,null,null
O77256,null,null
P0C251,null,null
P0C253,null,null
P0C2A2,null,null
P0C2A3,null,null
P0C2P4,null,null
P0C612,null,null
P0C613,null,null
P0CH77,null,null
P0CI08,null,null
P0CI83,null,null
P0CI84,null,null
P0CY67,null,null
P0CY68,null,null
P0CY70,null,null
P0CY71,null,null
P0CY72,null,null
P0CY74,null,null
P0CY76,null,null
P0CY87,null,null
P0DJB2,null,null
P0DJB3,null,null
P0DJB4,null,null
P0DJB5,null,null
P0DJB6,null,null
P0DJB7,null,null
P0DJB8,null,null
P0DJB9,null,null
P0DJC0,null,null
P0DJC4,null,null
P0DJC5,null,null
P0DMD8,null,null
P0DOZ3,null,null
P0DP12,null,null
P0DPM2,null,null
P0DQY8,null,null
P0DQY9,null,null
P0DTY0,null,null
P0DTY7,null,null
P0DTY9,null,null
P0DTZ3,null,null
P0DTZ4,null,null
P0DTZ5,null,null
P0DTZ8,null,null
P0DUA6,null,null
P0DUA7,null,null
P0DUA8,null,null
P0DUQ4,null,null
P0DUQ8,null,null
P0DUR3,null,null
P58625,null,null
P58842,null,null
P68420,null,null
P68423,null,null
P69767,null,null
P83108,null,null
P83894,null,null
P84001,null,null
P84016,null,null
P84017,null,null
P84018,null,null
P85016,null,null
P85018,null,null
P85019,null,null
P85020,null,null
P85022,null,null
P85023,null,null
P85235,null,null
P85236,null,null
Q1A3Q1,null,null
Q3YEH2,null,null
Q7Z090,null,null
Q7Z093,null,null
Q7Z095,null,null
Q7Z097,null,null
Q7Z098,null,null
Q7Z099,null,null
Q7Z0A0,null,null
Q7Z0A1,null,null
Q7Z0A2,null,null
Q7Z0A3,null,null
Q7Z0A4,null,null
Q7Z0A5,null,null
Q7Z0A6,null,null
Q86C49,null,null
Q8MTX1,null,null
Q95KE5,null,null
Q9BH79,null,null
Q9BH81,null,null
Q9BP43,null,null
Q9BP44,null,null
Q9BP45,null,null
Q9BP46,null,null
Q9BP47,null,null
Q9BP50,null,null
Q9BP53,null,null
Q9BPB3,null,null
Q9BPD1,null,null
Q9BPD2,null,null
Q9BPD3,null,null
Q9BPD4,null,null
Q9BPD5,null,null
Q9BPD6,null,null
Q9BPD7,null,null
Q9BPE2,null,null
Q9BPE4,null,null
Q9BPE5,null,null
Q9BPE6,null,null
Q9BPE9,7TVQ,"""-"""
Q9BPE9,7TVR,"""-"""
Q9BPF4,null,null
Q9BPF5,null,null
Q9BPF7,null,null
Q9BPF8,null,null
Q9BPF9,null,null
Q9BPG1,null,null
Q9BPG2,null,null
Q9BPG3,null,null
Q9BPH0,null,null
Q9BPH2,null,null
W4VSB6,null,null
W4VSG7,null,null
D6C4H6,null,null
D6C4K6,null,null
Q7M463,null,null
Q9BP49,null,null
P0DUS0,null,null
AAB33956,null,null
AAB33955,null,null
AAB33954,null,null
AAB50716,null,null
AAB36105,null,null
AAB37463,null,null
A0A088BP94,null,null
AAC47207,null,null
AAC47205,null,null
AAC47204,null,null
AAC47206,null,null
AAC47203,null,null
P0DUC0,null,null
P0DUH9,null,null
P0DUI1,null,null
QIQ51457,null,null
QIQ51452,null,null
QIQ51449,null,null
QIQ51448,null,null
B53613,null,null
AAB28031,null,null
A0A2L0ART2,5X0S,"""-"""
BAL72765,null,null
BAL72764,null,null
BAL72763,null,null
BAL72762,null,null
BAL72761,null,null
AAB36098,null,null
ADF28495,null,null
B3FIQ7,null,null
W4VRV3,null,null
W4VS08,null,null
W4VSA2,null,null
W4VSI1,null,null
W4VRW1,null,null
W4VRU5,null,null
W4VS12,null,null
W4VSA5,null,null
W4VSI3,null,null
W4VRW4,null,null
W4VRU6,null,null
W4VS15,null,null
W4VSA7,null,null
W4VSI4,null,null
W4VRW6,null,null
W4VRU8,null,null
W4VS20,null,null
W4VRY9,null,null
W4VRY7,null,null
AAB34917,null,null
X5IWS1,2N8H,"""-"""
ABL62808,null,null
A0A2L1DGG0,6WQR,"""-"""
P0DL82,null,null
P0DUI3,null,null
AAB25735,null,null
CAA06888,null,null
CAA72941,null,null
AAB19291,null,null
AAB19290,null,null
AAB19289,null,null
AAB23587,null,null
AAB25388,null,null
AAB23586,null,null
AAB23446,null,null
AAB23445,null,null
AAB23444,null,null
AAB19288,null,null
AAB25389,null,null
AAB25387,null,null
AAB33650,null,null
AAB33649,null,null
AAB46904,null,null
AAB36097,null,null
AAB36096,null,null
P01427,1NOR,"""-"""
P01427,2MJ4,"""-"""
P01379,1LSI,"""-"""
P01382,1NTN,1.90 A
P01382,1W6B,"""-"""
P01426,1IQ9,1.80 A
P01426,1NEA,"""-"""
P01426,3NDS,1.20 A
P01386,1TXA,"""-"""
P01386,1TXB,"""-"""
P0C8R6,null,null
Q9W7K2,null,null
Q9W7K1,null,null
Q9W7K0,null,null
Q9W7J7,null,null
Q9W7J6,null,null
P15818,null,null
P0DQQ2,null,null
P0DQQ1,null,null
A8HDK1,null,null
Q802B3,null,null
O42256,null,null
O42255,null,null
P59276,1JE9,"""-"""
P59275,null,null
P10808,null,null
P0CAR4,null,null
P86099,null,null
P86098,null,null
Q2VBN2,null,null
Q2VBP1,null,null
Q2VBP0,null,null
Q2VBN9,null,null
Q2VBP2,null,null
Q53B61,null,null
Q53B49,null,null
Q53B52,null,null
Q53B50,null,null
Q53B48,null,null
Q53B47,null,null
Q9W7I3,null,null
Q802B2,null,null
Q9YGJ0,1MR6,"""-"""
Q9YGH9,null,null
Q9YGI4,null,null
Q9YGI2,null,null
Q9YGI1,null,null
O93422,null,null
P0CAR3,null,null
P86094,null,null
P86096,null,null
N2LT1E,null,null
Q9YGI0,null,null
A8HDK2,null,null
Q9YGI8,null,null
AAF13252,null,null
AAF13250,null,null
AAD40971,null,null
AAT97262,null,null
AAT97257,3PLC,2.41 A
AFU76493,null,null
AEH05954,null,null
AEH05953,null,null
AAB25575,null,null
AAB25574,null,null
AAB25573,null,null
AAB25571,null,null
AAB25570,null,null
AAB31994,null,null
AAB30452,null,null
AAB30450,null,null
AAB30449,null,null
AAB28452,null,null
AAB36087,null,null
AAB36283,null,null
AAB36281,null,null
AAB25587,null,null
C0HJW9,null,null
A2CKF7,null,null
P0C552,null,null
A2CKF6,null,null
C0HLK3,null,null
B3EWF8,null,null
C0HJI9,null,null
P0DKW9,null,null
C1IC48,null,null
C1IC47,null,null
P0DQQ3,null,null
A0A2P1BSS8,null,null
A0A2P1BSU3,null,null
A0A2P1BSS9,null,null
A0A2P1BST7,null,null
P85520,null,null
C0HJT5,4ZQY,2.95 A
C0HJD3,null,null
F5CPE4,null,null
F5CPE0,null,null
F5CPD9,null,null
P86425,null,null
A8N286,3HH7,1.55 A
A7X3V0,null,null
A7X3S2,null,null
A7X3S0,null,null
Q2VBN0,null,null
Q2VBN1,null,null
Q06ZW0,2H5F,1.90 A
Q69CJ8,5XWE,1.80 A
P81783,1JGK,"""-"""
A0A125S9E2,null,null
P0DUB0,null,null
P0DSM9,null,null
Q9BJW0,null,null
Q9BJV9,null,null
Q9BJV8,null,null
Q9BJV7,null,null
A0A125S9E4,null,null
A0A125S9E5,null,null
C0HJR2,null,null
C0HJR1,null,null
C6JUP2,null,null
C1IC49,null,null
D0PX85,null,null
Q9PRQ3,null,null
P86424,null,null
P86423,null,null
Q8JFX7,null,null
P60237,null,null
P60236,null,null
P60235,null,null
P60234,null,null
Q9PW19,null,null
P82464,null,null
P82463,null,null
P18328,1FF4,1.50 A
P25682,null,null
P25518,null,null
A0A125S9G0,null,null
A0A125S9F0,null,null
A0A125S9E9,null,null
A0A125S9F3,null,null
A0A125S9F2,null,null
A0A125S9E0,null,null
A0A125S9D9,null,null
C0HL40,null,null
Q5D233,null,null
Q5D232,null,null
Q5D231,null,null
Q5D230,null,null
Q5D229,null,null
Q5D228,null,null
AAP41418,null,null
P85092,4IYE,1.95 A
P85092,5MG9,1.80 A
UVC57623,7S7P,"""-"""
UVC57622,null,null
UVC57621,null,null
UVC57620,null,null
UVC57619,null,null
UVC57618,null,null
CAA04578,null,null
P60301,1H0J,1.90 A
P60301,1I02,"""-"""
P60301,1XT3,2.40 A
P60301,2BHI,2.31 A
P60301,2CRS,"""-"""
P60301,2CRT,"""-"""
C0HJT4,null,null
C6JUP3,null,null
P86419,null,null
Q2VBN5,null,null
Q2VBN8,null,null
Q2VBN7,null,null
Q2VBN4,null,null
P01404,null,null
P01400,null,null
CAA35830,null,null
AKO63253,null,null
AKO63252,null,null
AKO63251,null,null
AKO63250,null,null
AKO63249,null,null
AKO63246,null,null
AKO63245,null,null
AKO63244,null,null
AKN63206,null,null
AKN63204,null,null
AKN63203,null,null
AKN63202,null,null
AKN63201,null,null
AKN63196,null,null
AKN63195,null,null
AKN63194,null,null
AKN63193,null,null
AKN63192,null,null
AKM28629,null,null
ACS74998,null,null
ACS74994,null,null
CAA06886,null,null
P0DW96,7LVN,"""-"""
B3EWH9,3VTS,2.43 A
P86539,null,null
P62377,null,null
P60305,null,null
Q9PST4,null,null
Q98965,null,null
O73859,null,null
Q02454,null,null
P01452,1CDT,2.50 A
P01445,7O2K,"""-"""
P0DQP2,7C28,2.40 A
C0HLK5,null,null
P0DSN0,null,null
F5CPE6,null,null
F5CPE3,null,null
F5CPD3,null,null
P79688,null,null
P25679,null,null
P01399,null,null
P01401,null,null
P25680,null,null
P01406,null,null
P01405,null,null
P01409,null,null
P01408,null,null
P01411,null,null
P01410,null,null
P01407,null,null
P24742,null,null
P19004,null,null
QNO39341,null,null
CAA35775,null,null
CAA35774,null,null
CAA31747,null,null
CAA31748,null,null
AAS98799,null,null
AAS98798,null,null
AAS98797,null,null
AAS98795,null,null
AAS98793,null,null
AAS98792,null,null
ABF69299,null,null
AAB26337,null,null
AAB26336,null,null
BAB69463,1IRR,"""-"""
AAD42058,null,null
AQM58377,null,null
AQM58376,null,null
AQM58375,null,null
AQM58374,null,null
AQM58373,null,null
AQM58372,null,null
AQM58314,null,null
AQM58313,null,null
AQM58312,null,null
AQM58311,null,null
AQM58310,null,null
AQM58309,null,null
AQM58308,null,null
AQM58307,null,null
AQM58306,null,null
AQM58305,null,null
P86799,null,null
P86800,null,null
P82230,1DF6,"""-"""
P82230,1NBJ,"""-"""
P58435,null,null
P58436,null,null
P58437,null,null
P58438,null,null
P58439,null,null
P58440,null,null
P58441,null,null
P58442,null,null
P58443,null,null
Q5USN8,null,null
P85178,null,null
P85179,null,null
P85180,null,null
P85181,null,null
P85182,null,null
P85183,null,null
P85184,null,null
P85185,null,null
P85186,null,null
Q5Y4V8,null,null
Q5Y4V6,null,null
Q5Y4V3,null,null
Q5Y4V2,null,null
Q5Y4U8,null,null
Q5Y4U7,null,null
Q5Y4U6,null,null
P61096,null,null
P61094,null,null
P0DM69,null,null
P84637,null,null
P84028,null,null
P61097,null,null
P61098,null,null
P61099,null,null
P61100,null,null
P61101,null,null
P61102,null,null
P83608,null,null
P81885,null,null
P15969,null,null
P15970,null,null
P15971,null,null
P33034,null,null
P81744,null,null
P81745,null,null
P81746,null,null
P83895,null,null
P84062,null,null
P84063,null,null
Q6B4T5,null,null
Q6B4T4,null,null
O76200,null,null
O76201,null,null
P83904,null,null
P81790,null,null
P81791,null,null
P84012,null,null
P83911,null,null
P84034,null,null
Q27Q53,null,null
P01478,1QDP,"""-"""
P0C1R3,null,null
P13494,1VTX,"""-"""
B3FIQ8,null,null
B3FIQ9,null,null
B3FIR1,null,null
B3FIR4,null,null
B3FIR5,null,null
B3FIR6,null,null
B3FIS9,null,null
B3FIT2,null,null
B3FIT3,null,null
P34079,null,null
B3FIS8,null,null
B3FIT5,null,null
A9XDG1,null,null
A9XDG2,null,null
A9XDG4,null,null
B3FIR7,null,null
A9XDG3,null,null
A9XDG5,null,null
B3FIT0,null,null
B3FIR0,null,null
B3FIT4,null,null
B3FIT1,null,null
A9XDG0,null,null
B3FIR3,null,null
W0LPG3,null,null
W0LP39,null,null
W0LP36,null,null
H7CEK3,null,null
H7CEK2,null,null
W0LQ77,null,null
W0LKM3,null,null
W0LQ73,null,null
W0LKC6,null,null
A0A346FPX6,null,null
