Entry,Sequence,Lenth,Organism
P84028 ,ATCAGQDKPCKVNCDCCGERGECVCGGPCICRQGNVFIAWSKLMTCK,47, Ancylometes spec. with unknown molecular target
P83580 ,SSVCIPSGQPCPYNEHCCSGSCTYKENENGNTVQRCD,37, Atrax robustus
ABP63654 ,MNTATGFIVLLVLATVLGCIEAGESHVREDAMGRARRGACTPTGQPCPYNESCCSGSCQEQLNENGHTVKRCV,73, Atrax robustus
ABP63655 ,MNTATGVIALLVLATVIGCIEAEDTRADLQGGEAAEKVFRRSPTCIPSGQPCPYNENYCSQSCTFKENENANTVKRCD,78, Atrax robustus
ABP63656 ,MNTATGVIALLVLATVIGCIEAEDTRADLQGGEAAEKVFRRSPTCIPSGQPCPYNENCCSQSCTFKENENGNTVKRCD,78, Atrax robustus
ABP63657 ,MNTATGVIALLVLATVIGCIEAEDTRADLQGGEAAEKVFRRSPTCIPSGQPCPYNENCCSKSCTYKENENGNTVQRCD,78, Atrax robustus
ABP63658 ,MNTATGVIALLVLATVIGCIEAEDTRADLQGGEAAEKVFRRSPTCIPSGQPCPYNENCCSQSCTFKENETGNTVKRCD,78, Atrax robustus
P60976 ,MKYFVVFCVLIIAVAAFTSAAEDGEVFEENPLEFPKTIQKRCISARYPCSNSKDCCSGNCGTFWTCYIRKDPCSKECLAP,80, Calisoga sp
P60977 ,CISARYPCSNSKDCCSGNCGTFWTCFIRKDPCSKECLAP,39, Calisoga sp
P60978 ,CISARYPCSNSKDCCSGSCGIFWTCYLRKDPCSKECLAP,39, Calisoga sp
P0C247 ,MKVSVLITLAVLGVMFVWASAAELEERGSDQRDSPAWLKSMERIFQSGERECRKMFGGCSVDSDCCAHLGCKPTLKYCAWDGTFGK,86, Chilobrachys guangxiensis that inhibits voltage-gated potassium and sodium channels
B1P1E3 ,MKVSVLITLAVLGVMFVWTSAAELEERGSDQRDSPAWLKSMERIFQSEERECRKMFGGCSVDSDCCAHLGCKPTLKYCAWDGTFGK,86, Chilobrachys guangxiensis that inhibits voltage-gated potassium and sodium channels
B1P1E2 ,MKASVLITLAVLGVMFVWASAAELEERGSDQRDSPAWLKSMERIFQSEERECRKMFGGCSVDSDCCAHLGCKPTLKYCAWDGTFGK,86, Chilobrachys guangxiensis that inhibits voltage-gated potassium and sodium channels
B1P1E1 ,MKVSVVITLAVLGVMFVWASAAELEERGSDQRDSPAWLKSMERIFQSEERECRKMFGGCSVDSDCCAHLGCKPTLKYCAWDGTFGK,86, Chilobrachys guangxiensis that inhibits voltage-gated potassium and sodium channels
B1P1E0 ,MKVSVLITLAVLGVMFVWASAAELEERGSDQRDSPAWLKSMERIFRSEERECRKMFGGCSVDSDCCAHLGCKPTLKYCAWDGTFGK,86, Chilobrachys guangxiensis that inhibits voltage-gated potassium and sodium channels
B1P1D9 ,MKVSVLITLAVLGVMFVWASAAELEERGSDQRDSPAWLKSMERIFQSEERECRKMFGGCSVDSDCCAHLGCKPTLKYCAWDGTFGK,86, Chilobrachys guangxiensis that inhibits voltage-gated potassium and sodium channels
P0C5X7 ,YCQKWMWTCDSERKCCEGYVCELWCKYNL,29, Chilobrachys guangxiensis that inhibits voltage-gated potassium channels
B1P1B5 ,MKGSAFAIILGLVVLCACSFAEDEQDQFASPNELLRSMFLESRHELIPEVEGRYCQKWMWTCDSERKCCEGYVCELWCKYNLG,83, Chilobrachys guangxiensis that inhibits voltage-gated potassium channels
P83974 ,MKTSILFVIFSLALLFALSAATEIEETDRACGQFWWKCGEGKPPCCANFACKIGLYLCIWSP,62, Chilobrachys guangxiensis that inhibits inactivation of voltage-gated sodium and activiation of potassium channels
B1P1B7 ,MKTSILFVIFSLALLFALSAATEIEETDRACGQFWWKCGEGKPPCCANFACKIGLYLCIWSP,62, Chilobrachys guangxiensis that inhibits inactivation of voltage-gated sodium and activiation of potassium channels
B1P1B8 ,MKTSILFVIFSLALVFALSPATEIEETDRACGQFWWKCGEGKPPCCANFACKIGLYLCIWSP,62, Chilobrachys guangxiensis that inhibits inactivation of voltage-gated sodium and activiation of potassium channels
P62520 ,MKNTSILFILGLALLLVLAFEAQVGESDGECGGFWWKCGRGKPPCCKGYACSKTWGWCAVEAP,63, Chilobrachys guangxiensis that inhibits voltage-gated sodium and potassium channels
Q2PAY4 ,MKASVFAVILGLVVLCACSFAEDEQDQFVSPNELLKSMFVESRHEFTPEVEGRYCQKWMWTCDSKRACCEGLRCKLWCRKIIG,83, Chilobrachys guangxiensis that inhibits voltage-gated sodium and potassium channels
P0C2U8 ,KIKWFKTMKSLAKFLAKEQMKKHLGE,26, Lycosa singoriensis
P61507 ,IWLTALKFLGKHAAKHLAKQQLSKL,25, Hogna carolinensis
P61508 ,KIKWFKTMKSIAKFIAKEQMKKHLGGE,27, Hogna carolinensis
P60273 ,YCQKWMWTCDEERKCCEGLVCRLWCKRIINM,31, Grammostola rosea that inhibits Kv4.2 and Kv4.3 channels
Q7YT39 ,MKTSVVFVIAGLALLSVVCYASELKEQSSVNEVLSTIFHFEQPEERGCLEFWWKCNPNDDKCCRPKLKCSKLFKLCNFSFGK,82, Grammostola rosea that inhibits mechanosensitive channels
P61095 ,KECMTDGTVCYIHNHNDCCGSCLCSNGPIARPWEMMVGNCMCGPKA,46, Segestria florentina
P61096 ,KECMADETVCYIHNHNNCCGSCLCLNGPYARPWEMLVGNCKCGPKE,46, Segestria florentina
P61097 ,KECMVDGTVCYIHNHNDCCGSCLCLNGPIARPWEMMVGNCKCGPKA,46, Segestria  florentina
P61098 ,KECMVDGTVCYIHNHNDCCGSCLCLNGPIARPWKMMVGNCKCGPKA,46, Segestria florentina
P61099 ,KECMVDGTVCYIHNHNDCCGSCLCPNGPLARPWEMLVGNCKCGPKA,46, Segestria florentina
P61100 ,KECMTDETVCYIHNHNDCCGSCLCLNGPIARPWEMMVGNCKCGPKA,46, Segestria florentina
P61101 ,KECMADGTVCYIHNHNDCCGSCLCPNGPLARPWEVLVGNCKCGPKA,46, Segestria florentina
P61102 ,KECMADGTVCYIHNHNDCCGSCLCPNGPLARPWEMLVGNCKCGPKA,46, Segestria florentina
P61094 ,AECMVDETVCYIHNHNNC,18, Segestria florentina (N-terminal fragment
P61504 ,RQDMVDESVCYITDNNCNGGKCLRSKACHADPWEL,35, Segestria florentina
P84018 ,VFCRFNGQQCTSDGQCCYGKCRTAFLRMICMGG,33, Phoneutria nigriventer with unknown molecular target
P83608 ,CAKKREWCAKTEDCCCPMKCIYAWYNEQSSCQTTFSGMFKKC,42, Missulena bradleyi
P81885 ,CSRSDGWCGKTEDCCCPMKCIKAWYKQNGNCQNTISAIWKNC,42, Hadronyche versuta
P0C2L8 ,SPTCTGADRPCAACCPCCPGTSCKGPEPNGVSYCRND,37, Hadronyche formidabilis
P82227 ,TICTGADRPCAACCPCCPGTSCQGPESNGVVYCRNF,36, Hadronyche versuta
P82226 ,TICTGADRPCAACCPCCPGTSCQGPEPNGVSYCRND,36, Hadronyche versuta
P82228 ,AICTGADRPCAACCPCCPGTSCKAESNGVSYCRKDEP,37, Hadronyche versuta
P15969 ,MMKFVVFLACLFVAAHSFAVEGEEEYFEAEVPELERAKALPPGSVCDGNESDCKCYGKWHKCRCPWKWHFTGEGPCTCEKGMKHTCITKLHCPNKAEWGLDWRSEESERSPC,112, Agelenopsis aperta
P15970 ,ERGLPEGAECDGNESDCKCAGAWIKCRCPPMWHING,36, Agelenopsis aperta
P15971 ,GCIEIGGDCDGYQEKSYCQCCRNNGFCS,28, Agelenopis aperta
P33034 ,SCIDIGGDCDGEKDDCQCCRRNGYCSCYSLFGYLKSGCKCVVGTSAEFQGICRRKARQCYNSDPDKCESHNKPKRR,76, Agelenopsis aperta that blocks Cav1 and Cav2 channels
P81744 ,SCIDFGGDCDGEKDDCQCCRSNGYCSCYNLFGYLKSGCKCEVGTSAEFRRICRRKAKQCYNSDPDKCVSVYKPKRR,76, Agelenopsis aperta that blocks Cav1 and Cav2 channels
P81745 ,NCIDFGGDCDGEKDDCQCCXRNGYCSCYNLFGYLKRGCKXEVG,43, Agelenopsis aperta that blocks Cav1 and Cav2 channels
P81746 ,SCIKIGEDCDGDKDDCQCCRTNGYCSXYXLFGYLKSG,37, Agelenopsis aperta that blocks Cav1 and Cav2 channels
P30288 ,KKKCIAKDYGRCKWGGTPCCRGRGCICSIMGTNCECKPRLIMEGLGLA,48, Agelenopis aperta
P37045 ,MKLCMTLLITAIAVVTFVVATQEESAEFNEVEESREDNCIAEDYGKCTWGGTKCCRGRPCRCSMIGTNCECTPRLIMEGLSFA,83, Agelenopsis aperta
P83588 ,SPVCTPSGQPCQPNTQPCCNNAEEEQTINCNGNTVYRCA,39, Missulena bradleyi
P0C2L5 ,STCTPTDQPCPYHESCCSGSCTYKANENGNQVKRCD,36, Hadronyche infensa
P56207 ,SPTCIPSGQPCPYNENCCSQSCTFKENENGNTVKRCD,37, Hadronyche versuta
P0C2L4 ,SPTCIRSGQPCPYNENCCSQSCTFKTNENGNTVKRCD,37, Hadronyche formidabilis
P0C2L6 ,SPTCIPTGQPCPYNENCCSQSCTYKANENGNQVKRCD,37, Hadronyche infensa
P81595 ,SSTCIPSGQPCPYNENCCSQSCTYKENENGNTVKRCD,37, Hadronyche versuta
P0C2L7 ,SSTCIRTDQPCPYNESCCSGSCTYKANENGNQVKRCD,37, Hadronyche infensa
P81596 ,SSTCIPSGQPCPYNENCCSQSCTFKENENGNTVKRCD,37, Hadronyche versuta
P81597 ,SPTCIPSGQPCPYNENCCSKSCTYKENENGNTVQRCD,37, Hadronyche versuta
P81598 ,SPTCIPSGQPCPYNENCCSQSCTYKENENGNTVKRCD,37, Hadronyche versuta
P81599 ,SAVCIPSGQPCPYSKYCCSGSCTYKTNENGNSVQRCD,37, Hadronyche versuta
Q9BJV8 ,MKFSKLSITLAVILTQAVFVLCGMKNEDFMEKGLESNELHDAIKKPVNSGKPDTERLLDCVLSRVCSPDANCCGLTPICKMGLCVPKVGGLLGGLLGGIL,100, Illawarra wisharti
P82852 ,LLACLFGNGRCSSNRDCCELTPVCKRGSCVSSGPGLVGGILGGIL,45, Hadronyche versuta
Q9BJV7 ,MKFSKLSITLAVILTQAVFVLCGMKNEDFMEKGLESNELHDAIKKPVNSGKPDTERLLDCVLSRVCSSDANCCGLTPTCKMGLCVPKVGGLLGGLLGGIL,100, Atrax species (Illawarra
P0C8M0 ,DWECLPLHSSCDNDCVCCKNHHCHCPYSNVSKLEKWLPEWAKIPDALKRCSCQRNDKDGKINTCDKYKN,69, Oxyopes lineatus
P84756 ,AWKCLPKDSTCGDDCDCCEGLHCHCPLRNMLPAILRCSCQSKDDHINTCPKYKKS,55, Oxyopes lineatus
P83919 ,SDCTLRNHDCTDDRHSCCRSKMFKDVCTCFYPSQAKKELCTCQQPKHLKYIEKGLQKAKDYAT,63, Cupiennius salei with unknown molecular target
P60979 ,AECLMIGDTSCVPRLGRRCCYGAWCYCDQQLSCRRVGRKRECGWVEVNCKCGWSWSQRIDDWRADYSCKCPEDQ,74, Kukulcania hibernalis
P83894 ,VFCRSNGQQCTSDGQCCYGKCMTAFMGKICMR,32, Phoneutria nigriventer with unknown molecular target
P83895 ,GKCADAWKSCDNLPCCVVNGYSRTCMCSANRCNCEETKKLREHFGR,46, Phoneutria keyserlingi with unknown molecular target
P84062 ,AELKSCFPVGHECDGDASNCNCCGDDVYCACGWGRWNCKCKVADQSYAYGICKDKVNCPNRHLWPAKECKMPCRRNCG,78, Phoneutria keyserlingi with unknown molecular target
P84063 ,AELTSCFPVDHECDGGASNCNCCGDDVYCACGWGRWNCKCKVADQSYAYGICKDKVNCPNRHLWPAKECKMPCRRNCG,78, Phoneutria keyserlingi with unknown molecular target
P84507 ,DCLGWFKSCDPKNDKCCKNYTCSRRDRWCKYDL,33, Ceratogyrus marshalli that blocks voltage-gated sodium channels
P61509 ,IFECVFSCDIEKEGKPCKPKGEKKCTGGWKCKIKLCLKI,39, Aphonopelma sp
P85117 ,YCQKWMWTCDSKRKCCEDMVCQLWCKKRL,29, Grammostola rosea that inhibits voltage-gated sodium channels
P60992 ,ECRYLFGGCSSTSDCCKHLSCRSDWKYCAWDGTFS,35, Heteroscodra maculata that inhibits inactivation of voltage-gated sodium channel Nav
Q6B4T5 ,MRFLVGAVLVVVLVACATAFESDAETFKSLVVEERKCHGDGSKGCATKPDDWCCKNTPCKCPAWSSTSECRCAMDCSRRCKGKRALLLPVETHRLLFPEQW,101, Loxosceles intermedia
P0C244 ,SECRWFMGGCDSTLDCCKHLSCKMGLYYCAWDGTF,35, Psalmopoeus cambridgei (VaTx1) that activates TRPV1 and blocks Kv
P56855 ,TCRYLFGGCKTTADCCKHLACRSDGKYCAWDGTF,34, Stromatopelma calceatum griseipes that inhibits voltage-gated potassium channels
P60991 ,DCTRMFGACRRDSDCCPHLGCKPTSKYCAWDGTI,34, Stromatopelma calceatum that inhibits voltage-gated potassium channels
P83745 ,AACLGMFESCDPNNDKCCPNRECNRKHKWCKYKLW,35, Theraphosa blondi that inhibits voltage-gated potassium channels
P29423 ,MKVAILILSILVLAVASETIEEYRDDFAVEELERATCAGQDKPCKETCDCCGERGECVCALSYEGKYRCICRQGNFLIAWHKLASCKK,88, Phoneutria nigriventer with unknown molecular target
P84017 ,VFCRFNGQQCTSDGQCCYGKCRTAFMGKICM,31, Phoneutria nigriventer with unknown molecular target
O76199 ,MKVAILFLSILVLAVASESIEESRDDFAVEELGRATCAGQDQTCKVTCDCCGERGECVCGGPCICRQGNFLIAWYKLASCKK,82, Phoneutria nigriventer that is assumed to inhibit the inactivation of voltage-gated sodium channels
P29424 ,ATCAGQDQTCKVTCDCCGERGECVCGGPCICRQGNFLIAAYKLASCKCK,49, Phoneutria nigriventer that is assumed to inhibit the inactivation of voltage-gated sodium channels
P29425 ,MKVAILFLSILVLAVASESIEESRDDFAVEELGRATCAGQDQPCKETCDCCGERGECVCGGPCICRQGYFWIAWYKLANCKK,82, Phoneutria nigriventer that slows down inactivation of Nav channels
P83996 ,IACAPRFSLCNSDKECCKGLRCKSRIANMWPTFCSQ,36, Phoneutria nigriventer with unknown molecular target
P29426 ,SFCIPFKPCKSDENCCKKFKCKTTGIVKLCRW,32, Phoneutria nigriventer with unknown molecular target
P84508 ,DCLGWFKSCDPKNDKCCKNYTCSRRDRWCKYYL,33, Ceratogyrus marshalli that blocks voltage-gated sodium channels
P61510 ,IFECVFSCDIEKEGKPCKPKGEKKCSGGWKCKIKLCLKI,39, Aphonopelma sp
P60993 ,ECRYFWGECNDEMVCCEHLVCKEKWPITYKICVWDRTF,38, Heteroscodra maculata that inhibits voltage-gated potassium channels
Q6B4T4 ,MKLLFEGLLVLVLIAFVVAEFESDAEKWEALITQERACKGEGVKGCYYEADDWCCKKTPCKCPAWSHERECRCTQPCNPSCRGKRALMVDPETHRMLSLHRLSEE,105, Loxosceles intermedia
P0C245 ,GACRWFLGGCKSTSDCCEHLSCKMGLDYCAWDGTF,35, Psalmopoeus cambridgei (VaTx2) that activates TRPV1 and blocks Kv
P83746 ,DDCLGMFSSCDPKNDKCCPNRVCRSRDQWCKYKLW,35, Theraphosa blondi that inhibits voltage-gated potassium channels
O76200 ,MWFKIQVLVLAITLITLGIQAEPNSSPNNPLIVEEDRAECAAVYERCGKGYKRCCEERPCKCNIVMDNCTCKKFISELFGFGK,83, Phoneutria nigriventer that blocks Kv4.2 channels
P83910 ,IACAPRGQLCFSDKLCCIGLRCKSRVANMWPTFCLV,36, Phoneutria keyserlingi with unknown molecular target
O76201 ,MWLKIQVFLLAITLITLGIQAEPNSSPNNPLIEEEARACAGLYKKCGKGASPCCEDRPCKCDLAMGNCICKKKFIEFFGGGK,82, Phoneutria nigriventer that blocks Cav1 channels
P83904 ,GTCAGQDKPCKETCDCCGERGQCVCEGPCICRQGYFWIAAYKLGNCK,47, Phoneutria reidyi  that is assumed to inhibit the inactivation of voltage-gated sodium channels
P81789 ,GCANAYKSCNGPHTCCWGYNGYKKACICSGXNWK,34, Phoneutria nigriventer that blocks high-voltage activated calcium channels
P81790 ,MKMKLLGIILLVSFPFVLGFAGIPIEEGENSVEVGEVERSCINVGDFCDGKKDDCQCCRDNAFCSCSVIFGYKTNCRCEVGTTATSYGICMAKHKCGRQTTCTKPCLSKRCKKNHG,116, Phoneutria nigriventer that is assumed to block voltage activated calcium channels
AAB25573 ,SCINVGDFCDGKKDCCQCDRDNAFCSCSVIFGYKTNCRCE,40, Phoneutria nigriventer that blocks high-voltage activated calcium channels
P81791 ,MKLCILLVVLLITVVRAEEDILENEAEDISPAIKERSARGCIGRNESCKFDRHGCCWPWSCSCWNKEGQPESDVWCECSLKIGK,84, Phoneutria nigriventer with unknown molecular target
P84012 ,ATCAGQDKPCKETCDCCGERGECVCGLSYEGKYRCICRQGTFLIAWYKLASCKK,54, Phoneutria keyserlingi with unknown molecular target
P81792 ,MKCAVLFLSVIALVHIFVVEAEEEPDSDALVPQERACIPRGEICTDDCECCGCDNQCYCPPGSSLGIFKCSCAHANKYFCNRKKEKCKKA,90, Phoneutria nigriventer that blocks high-voltage activated calcium channels
P83911 ,ACAGLYKKCGKGVNTCCENRPCKCDLAMGNCICKKKFVEFFGG,43, Phoneutria reidyi that inhibits voltage-activated calcium channels
P84509 ,GVDKEGCRKLLGGCTIDDDCCPHLGCNKKYWHCGWDGTF,39, Ceratogyrus marshalli that blocks voltage-gated sodium channels
P84510 ,DCLGFLWKCNPSNDKCCRPNLVCSRKDKWCKYQI,34, Paraphysa scrofa that inhibits voltage-gated sodium channels
P31010 ,GCIGRNESQKKDNVYKFKE,19, Phoneutria nigriventer with unknown molecular target
P0C246 ,ECRWYLGGCKEDSECCEHLQCHSYWEWCLWDGSF,34, Psalmopoeus cambridgei (VaTx3) that activates the TRPV1 channel
P83747 ,DDCLGMFSSCDPNNDKCCPNRVCRVRDQWCKYKLW,35, Theraphosa blondi that inhibits voltage-gated potassium channels
P84034 ,CGDINAACKEDCDCCGYTTACDCYWSSSCKCREAAIVIYTAPKKKLTC,48, Phoneutria nigriventer with unknown molecular target
P59367 ,MKVAIVFLSLLVLAFASESIEENREEFPVEESARCADINGACKSDCDCCGDSVTCDCYWSDSCKCRESNFKIGMAIRKKFC,81, Phoneutria nigriventer that inhibits NMDA-glutamate receptors
P59368 ,MKVAIVFLSLLVLAFASESIEENREEFPVEESARCGDINAACKEDCDCCGYTTACDCYWSKSCKCREAAIVIYTAPKKKLTC,82, Phoneutria nigriventer that slows down inactivation of Nav channels
2108421A ,CGDINAACKEDCDCCGYTTACDCYWSKSCKCREAAIVIYTAPKKKLTC,48, Phoneutria nigriventer that slows down inactivation of Nav channels
P56854 ,GVDKAGCRYMFGGCSVNDDCCPRLGCHSLFSYCAWDLTFSD,41, Hysterocrates gigas that inhibits voltage-gated calcium channels
Q27Q53 ,ARGDAEKWESLISEERACKGEGVKGCYDKPDDWCCKKTPCKCPAWSHERECRCTQPCARRCRGKRALMLDPETHRLLFSED,81, Loxosceles intermedia
P31328 ,GGCLPHNRFCNALSGPRCCSGLKCKELSIWDSRCL,35,
Q5Y4Y5 ,MRAIISLFLISAMVFSMIQAVPEEEGLQLSEDERGGCLPHNRFCNALSGPRCCSGLKCKELSIWDSRCLG,70, Agelena orientalis
P81694 ,SCIPKHEECTNDKHNCCRKGLFKLKCQCSTFDDESGQPTERCACGRPMGHQAIETGLNIFRGLFKGKKKNKKTK,74, Cupiennius salei
P15967 ,SCVGEYGRCRSAYEDCCDGYYCNCSQPPYCLCRNNN,36, Hololena curta
P60177 ,ADCVGDGQRCADWAGPYCCSGYYCSCRSMPYCRCRSDS,38, Hololena curta
P15968 ,ADCVGDGQKCADWFGPYCCSGYYCSCRSMPYCRCRSDS,38, Hololena curta
P58604 ,KDDKNCIPKHHECTNDKKNCCKKGLTKMKCKCFTVADAKGATSERCACDSSLLQKFGFTGLHIIKGLF,68, Cupiennius salei with unknown molecular target
P83256 ,GCLGEGEKCADWSGPSCCDGFYCSCRSMPYCRCRNNS,37, Pireneitega luctuosa
P83257 ,ACVGDGQRCASWSGPYCCDGYYCSCRSMPYCRCRNNS,37, Pireneitega luctuosa
P83258 ,ADCLNEGDWCADWSGPSCCGEMWCSCPGFGKCRCKK,36, Pireneitega luctuosa
P83259 ,ACATKNQRCASWAGPYCCDGFYCSCRSYPGCMCRPNS,37, Pireneitega luctuosa
P01478 ,CAKKRNWCGKNEDCCCPMKCIYAWYNQQGSCQTTITGLFKKC,42, Atrax robustus
P0C1R3 ,CAKKRNWCGKNEDCCCPMKCIYAWYNQQGSCQSTITGLFKKC,42, Illawarra wisharti
P13494 ,CAKKRNWCGKTEDCCCPMKCVYAWYNEQGSCQSTISALWKKC,42, Hadronyche versuta
P84836 ,DGECGGFWWKCGSGKPACCPKYVCSPKWGLCNFPMP,36, Plesiophrictus guangxiensis that inhibits voltage-gated potassium channels
P84835 ,EGECGGFWWKCGSGKPACCPKYVCSPKWGLCNFPMP,36, Plesiophrictus guangxiensis that inhibits voltage-gated potassium channels
P84837 ,ECRKMFGGCSVDSDCCAHLGCKPTLKYCAWDGT,33, Plesiophrictus guangxiensis that inhibits voltage-gated potassium channels
P68424 ,MNMKILVLVAVLCLVVSTHAERHSKTDMEDMEDSPMIQERKCLPPGKPCYGATQKIPCCGVCSHNKCT,68, Haplopelma schmidti that inhibits voltage-gated calcium channels
ABY77740 ,MNMKILVLVAVLCLVVSTHAERHSKTDMEDSPMIQERKCLPPGKPCYGATQKIPCCGVCSHNKCT,65, Haplopelma schmidti that inhibits voltage-gated calcium channels
P56676 ,MRASMFLALAGLVLLFVVCYASESEEKEFPRELLFKFFAVDDFKGEERACKGVFDACTPGKNECCPNRVCSDKHKWCKWKL,81, Haplopelma schmidti that inhibits voltage-gated sodium and calcium channels
B3FIQ8 ,MKASMFLTFAGLVLLFVVCYASESEEKEFPRELISKIFAVDDFKGEERACKGVFDACTPGKNECCPNRVCSDKHKWCKWKL,81, Haplopelma schmidti that inhibits voltage-gated sodium and calcium channels
B3FIQ9 ,MKASMFLAFAGLALLFVVCYASESEEKEFPRELISKIFAVDDFKGEERACKGVFDACTPGKNECCPNRVCSDKHKWCKWKL,81, Haplopelma schmidti that inhibits voltage-gated sodium and calcium channels
B3FIR1 ,MKASMFLAFAGLVLLFVVCYASESEEKEFPRELISKIFAVDDFKGEERACKGVFDACTPGKNECCPNRVCSDKHKWCKWKL,81, Haplopelma schmidti that inhibits voltage-gated sodium and calcium channels
B3FIR4 ,MEASMFLAFAGLVLLFVVCYASESEEKEFPRELISKIFAVDDFKGEERACKGVFDACTPGKNECCPNRVCSDKHKWCKWKL,81, Haplopelma schmidti that inhibits voltage-gated sodium and calcium channels
B3FIR5 ,MKASMFLAFAGLVLLFVVCYASESEEKELPRELLSKIFAVDDFKGEERACKGVFDACTPGKNECCPNRVCSDKHKWCKWKL,81, Haplopelma schmidti that inhibits voltage-gated sodium and calcium channels
B3FIR6 ,MKASMFLALAGLVLLFVVCYASESEEKEFPRELLSKIFAVDDFKGEERACKGVFDACTPGKNECCPNRVCSDKHKWCKWKL,81, Haplopelma schmidti that inhibits voltage-gated sodium and calcium channels
P82959 ,MKVTLIAILTCAAVLVLHTTAAEELEAESQLMEVGMPDTELAAVDEERLFECSFSCEIEKEGDKPCKKKKCKGGWKCKFNMCVKV,85, Haplopelma schmidti with unknown molecular target
P68421 ,MKVTLIAILTCAAVLVLHTTAAEELEESQLMEVGMPDTELAAVDEERLFECSFSCEIEKEGDKPCKKKKCKGGWKCKFNMCVKV,84, Haplopelma schmidti with unknown molecular target
B3FIS9 ,MKVTLIAILTCAAVLVLHTTAAEELEAESQLMEVGMPDTESAAVDEERLFECSFSCEIEKEGDKPCKKKKCKGGWKCKFNMCVKV,85, Haplopelma schmidti with unknown molecular target
P82960 ,LFECSFSCEQEKEGDKPCKKKKCKGGWKCKFNMCVKV,37, Haplopelma schmidti with unknown target
P61103 ,MVNMKASMFLTFAGLVLLFVVCYASESEEKEFPKEMLSSIFAVDNDFKQEERDCAGYMRECKEKLCCSGYVCSSRWKWCVLPAPWRR,87, Haplopelma schmidti with unknown molecular target
P83303 ,MVNMKASMFLALAGLVLLFVVCYASESEEKEFSNELLSSVLAVDDNSKGEERECLEIFKACNPSNDQCCKSSKLVCSRKTRWCKYQIGK,89, Haplopelma schmidti that inhibits voltage-gated sodium channels
ABY77744 ,MKASMFLALAGLVLLFVVCYASESEEKEFSNELLSSVLAVDDNSKGEERECLEIFKACNPSNDQCCKSSKLVCSRKTRWCKYQIGK,86, Haplopelma schmidti that inhibits voltage-gated sodium channels
ABY77746 ,MKASMFLALAGLVQLFVVCYASESEEKEFSNELLSSVLAVDDNSKGEERECLEIFKACNPSNDQCCKSSKLVCSRKTRWCKYQIGK,86, Haplopelma schmidti with unknown molecular target
P61104 ,MKSIVFVALFGLALLAVVCSASEDAHKELLKEVVRAMVVDKTDAVQAEERECRWYLGGCSQDGDCCKHLQCHSNYEWCVWDGTFSK,86, Haplopelma schmidti that inhibits insect voltage-gated calcium channels
P68420 ,NCIGEQVPCDENDPRCCSGLVVLKKTLHGIWIKSSYCYKCK,41, Haplopelma schmidti that induces paralysis in mice after injection
P68422|spQ86C49 ,MKVTLIAILTCAAVLVLHTTAAEELEESQLMEVGMPDTELAAVDEERLFECSISCEIEKKGESCKPKKCKGGWKCKFNMCVKV,83, Haplopelma schmidti with unknown molecular target
B3FIT2 ,MKVTLIAFLTCAAVLVLHTTAAEELEAESQLMEVGMPDTELAAVDEERLFECSISCEIEKKGESCKPKKCKGGWKCKFNMCVKV,84, Haplopelma schmidti with unknown molecular target
B3FIT3 ,MKVTLIAILTCAAVLVLHTTAAEELEAESQLMEVGMPDTELAAVDEERLFECSISCEIEKKGESCKPKKCKGGWKCKFNMCVKV,84, Haplopelma schmidti with unknown molecular target
Q86C49 ,MKVTLIAILTCAAVLVLHTTAAEELEESQLMEVGMPDTELAAVDEERLFECSISCEIEKKGESCKPKKCKGGWKCKFNMCVKV,83, Haplopelma schmidti with unknown molecular target
P83591 ,ECKGFGKSCVPGKNECCSGYACNSRDKWCKVLL,33, Haplopelma hainanum that inhibits voltage-gated sodium channels
D2Y1X6 ,MKASMFLALAGLVLLFVVCYASESEEKEFPRELISKIFAVDDFKGEERECKGFGKSCVPGKNECCSGYACNSRDKWCKVLLGK,83, Haplopelma hainanum that inhibits voltage-gated sodium channels
D2Y1X7 ,MKASMFLALAGLVLLFVVCYASESEEKEFPRELISKIFTVDDFKGEERECKGFGKSCVPGKNECCSGYACNSRDKWCKVLLGK,83, Haplopelma hainanum that inhibits voltage-gated sodium channels
D2Y1X8 ,MKASMFLALAGLVLLFVVCYASESEEKEFPRELISKIFAVDDFKGEVRECKGFGKSCVPGKNECCSGYACNSRDKWCKVLLGK,83, Haplopelma hainanum that inhibits voltage-gated sodium channels
P83464 ,GCKGFGDSCTPGKNECCPNYACSSKHKWCKVYL,33, Haplopelma hainanum that inhibits voltage-gated sodium channels
D2Y1X9 ,MKASMFLALAGLVLLFVVGYASESEEKEFPRELLSKIFAVDDFKGEERGCKGFGDSCTPGKNECCPNYACSSKHKWCKVYLGK,83, Haplopelma hainanum that inhibits voltage-gated sodium channels
D2Y1Y0 ,MKASMYLALAGLVLLFVVGYASESEEKEFPRELLSKIFAVDDFKGEERGCKGFGDSCTPGKNECCPNYACSSKHKWCKVYLGK,83, Haplopelma hainanum that inhibits voltage-gated sodium channels
D2Y1Y1 ,MKASMFLALAGLVLLFVVGYASESEEKEFPRELLSKIFALDDFKGEERGCKGFGDSCTPGKNECCPNYACSSKHKWCKVYLGK,83, Haplopelma hainanum that inhibits voltage-gated sodium channels
D2Y1Y2 ,MKASMYLALAGLVLLFVVGYASESEEKEFPRELLSKIFAVDDFKGKERGCKGFGDSCTPGKNECCPNYACSSKHKWCKVYLGK,83, Haplopelma hainanum that inhibits voltage-gated sodium channels
D2Y1Z7 ,MKASMFLALAGLVLLFVVGYASESEEKEFPRELLSKVFAVDDFKGEERGCKGFGDSCTPGKNECCPNYACSSKHKWCKVYLGK,83, Haplopelma hainanum that inhibits voltage-gated sodium channels
D2Y1Y3 ,MKASRFLALAGLVLLFVVGYASESEEKEFPRELLSKIFAVDDFKGEERGCKGFGDSCTPGKNECCPNYACSSKHKWCKVYLGK,83, Haplopelma hainanum that inhibits voltage-gated sodium channels
D2Y1Z4 ,MKASMFLALAGLVLLFVVGYASESEEKESPRELLSKIFAVDDFKGEERGCKGFGDSCTPGKNECCPNYACSSKHKWCKVYLGK,83, Haplopelma hainanum that inhibits voltage-gated sodium channels
D2Y1Z8 ,MKASMFLALAGLVLLFVVGYASESEEKEFPRELLSKIFAVDDFTGEERGCKGFGDSCTPGKNECCPNYACSSKHKWCKVYLGK,83, Haplopelma hainanum that inhibits voltage-gated sodium channels
D2Y2D1 ,MKASMFLALAGLALLFVVCYASESEEKEFPIELLSKIFAVDVFKGEERGCKGFGDSCTPGKNECCPNYACSSKHKWCKVYLGK,83, Haplopelma hainanum that inhibits voltage-gated sodium channels
D2Y2D2 ,MKASMFLALAGLVRLFVVGYASESEEKEFPRELLSKIFAVDDFKGEERGCKGFGDSCTPGKNECCPNYACSSKHKWCKVYLGK,83, Haplopelma hainanum that inhibits voltage-gated sodium channels
D2Y2D3 ,MKASMFLALAGLVLLFVVGYASESEEKDFPRELLSKIFAVDDFKGEERGCKGFGDSCTPGKNECCPNYACSSKHKWCKVYLGK,83, Haplopelma hainanum that inhibits voltage-gated sodium channels
D2Y2I3 ,MKASMFLALAGLVLLFVVGYASGSEEKEFPRELLSKIFAVDDFKGEERGCKGFGDSCTPGKNECCPNYACSSKHKWCKVYLGK,83, Haplopelma hainanum that inhibits voltage-gated sodium channels
P83471 ,ECLGFGKGCNPSNDQCCKSSNLVCSRKHRWCKYEI,35, Haplopelma hainanum that inhibits voltage-gated sodium channels
D2Y232 ,MKASMFLALAGLALLFVVCYASESEEKEFSNELLSSVLAVDDNSKGEERECLGFGKGCNPSNDQCCKSSNLVCSRKHRWCKYEIGK,86, Haplopelma hainanum that inhibits voltage-gated sodium channels
D2Y233 ,MKASMFLALAGLDLLFVVCYASESEEKEFSNELLSSVLAVDDNSKGEERECLGFGKGCNPSNDQCCKSSNLVCSRKHRWCKYEIGK,86, Haplopelma hainanum that inhibits voltage-gated sodium channels
D2Y2D7 ,MKASMFLALTGLALLFVVCYASESEEKEFSNELLSSVLAVDDNSKGEERECLGFGKGCNPSNDQCCKSSNLVCSRKHRWCKYEIGK,86, Haplopelma hainanum that inhibits voltage-gated sodium channels
P60975 ,ECLGFGKGCNPSNDQCCKSANLVCSRKHRWCKYEI,35, Haplopelma hainanum that inhibits voltage-gated sodium channels
P56852 ,ECRYLFGGCKTTSDCCKHLGCKFRDKYCAWDFTFS,35, Grammostola rosea that inhibits voltage-gated potassium and calcium channels
P56853 ,ECRYLFGGCKTTADCCKHLGCKFRDKYCAWDFTFS,35, Grammostola rosea that inhibits voltage-gated potassium and calcium channels
P55816 ,AKDGDVKGPAGCMKYKSGDCRGKTCCDQQYLWYKWRNLACRCFTVEVFKKDCWCNDIS,58, Diguetia canities
P55817 ,AKDGDFEGPPGCLKMGELCKGGTCCTKVYKYWKWRKLECLGKNDGWFKKKFICDEPCNPXX,61,
O46166 ,MKLQLMICLVLLPCFFCEPDEICRARMTHKEFNYKSNVCNGCGDQVAACEAECFRNDVYTACHEAQKG,68, Tegenaria agrestis
O46167 ,MKLQLMICLVLLPCFFCEPDEICRARMTNKEFTYKSNVCNNCGDQVAACEAECFRNDVYTACHEAQKG,68, Tegenaria agrestis
O46168 ,MKLQLMICLVLLPCFFCEPDEICRARMTNKEFTYKSNVCNGCGDQVAACEAECFRNDVYTACHEAQKG,68, Tegenaria agrestis
P49126 ,MKVFVVLLCLSLAAVYALEERLDKDADIMLDSPADMERAKDGDVEGPAGCKKYDVECDSGECCQKQYLWYKWRPLDCRCLKSGFFSSKCVCRDV,94, Diguetia canities
P61791 ,DDCGTLFSGCDTSKDCCEGYVCHLWCKYK,29, Heteropoda venatoria
P17727 ,MKLLGIFLVASFAFVLSFGEEMIEGENPLEDQRAELTSCFPVGHECDGDASNCNCCGDDVYCGCGWGRWNCKCKVADQSYAYGICKDKVNCPNRHLWPAKVCKKPCRRNCGG,112, Phoneutria nigriventer that reversibly inhibits voltage gated sodium channels
Q75WH2 ,MKAPATIVILIMSLISVLWATADTEDGNLLFPIEDFIRKFDEYPVQPKERSCKLTFWRCKKDKECCGWNICTGLCIPPGKK,81, Macrothele gigas
Q75WG5 ,MKILEKALLENDSAAEEESRNLRTKRCARKRAWCEKTENCCCPMKCIYAWYNGQSSCDHTISTIWTSCPK,70, Macrothele gigas
P0C2V1 ,ECSKQLGESCKCNKQCCGATVICGTIYVGGKEENLCIEKTSNNAILNFFGKIAHVVENGLSFSCD,65, Macrothele gigas
P0C2V2 ,ACSKQLGEKCKCNKQCCGATVVCGTIWVGGKEVNKCMSKTSNNWFLNKLGEGMNAVANAFSISCN,65, Macrothele gigas
P11057 ,ECVPENGHCRDWYDECCEGFYCSCRQPPKCICRNNN,36, Agelenopsis aperta
P83557 ,CMGYDIHCTDRLPCCFGLECVKTSGYWWYKKTYCRRKS,38, Macrothele gigas
P11058 ,ECATKNKRCADWAGPWCCDGLYCSCRSYPGCMCRPSS,37, Agelenopsis aperta
P83558 ,MMTLSPFLLLLIAAVVIGNASEGEVKNEFEERLKDEFKDPSRSEVAEVILLRELEVLEETLFGKEMTSDTEENRNSREKRCMGYDIECNENLPCCKHRKLECVETSGYWWYKRKYCRPIKG,121, Macrothele gigas
P60178 ,ADCVGDGQRCADWAGPYCCSGYYCSCRSMPYCRCRSDS,38, Agelenopsis aperta
P83559 ,GGCIKWNHSCQTTTLKCCGKCVVCYCHTPWGTNCRCDRTRLFCTED,46, Macrothele gigas
P11060 ,ACVGENQQCADWAGPHCCDGYYCTCRYFPKCICRNNN,37, Agelenopsis aperta
P83560 ,MKTLVIACVALVLVVVHGEVIEEVNEKQLQESVEEKYSLLQRLEKLDEAITAEENRNSRVRRCGSKRAWCKEKKDCCCGYNCVYAWYNQQSSCERKWKYLFTGEC,105, Macrothele gigas
P11061 ,ACVGENKQCADWAGPHCCDGYYCTCRYFPKCICRNNN,37, Agelenopsis aperta
P83561 ,MKAPATTLILVMSLISVLWATPDLEEGDLLAELGDLIATDDEYPMKPEERGCKLTFWKCKNKKECCGWNACALGICMPR,79, Macrothele gigas
P11062 ,DCVGESQQCADWAGPHCCDGYYCTCRYFPKCICVNNN,37, Agelenopsis aperta
P83562 ,MRTIVFLIVSILLLSSAVLMLAEGNAASHELQEYPIEESLEEQRKCVDGSCDPYSSDAPRCCGSQICQCIFFVPCYCKYRGK,82, Macrothele gigas
Q75WH6 ,MKVFSFTIGLVVIISLFAFALAYDEETDLMKKLVEMERAIEQRIICAPEGGPCVVGIGCCKGYSCAPGLLGLVGHCQ,77, Macrothele gigas
P36990 ,GCKGFLVKCDSNSECCKTAIVKGKKKQLSCLCGAWGAGCSCSFRCGNRC,49, Plectreurys tristis
P36985 ,HLILASALICALVVCTFAEEQVNVPFLPDEREVKCIGWQEYCRGNLPCCDDCVMCECNIMGQNCRCNHPRITSECGSRR,79, Plectreurys tristis
P36986 ,AVKCIGWQETCNGNLPCCNECVMCECNIMGQNCRCNHPKATNECE,45, Plectreurys tristis
P36987 ,ALKCQGWVDYCNGNVECCNECVMY,24, Plectreurys tristis
P36988 ,AVKCIGWQETCNGKLPCCDGCVMCECNIMGQNCRCNHPKATSECES,46, Plectreurys tristis
P49267 ,EIAQNLGSGIPHIRTKLPNGQWCKTPGDLCSSRSECCKAEDSVTYSSGCSRQWSGQQGTFINQCRTCNVESSMC,74, Apomastus schlingeri
P85497 ,ILECVFSCDIKKEGKPCKPKGEKKCTGGWRCKIKLCLKI,39, Brachypelma albiceps
P49265 ,IFECVFSCDIEKEGKPCKPKGEKKCSGGWKCKIKLCLKI,39, Brachypelma smithi
P61230 ,YCQKWMWTCDSARKCCEGLVCRLWCKKII,29, Paraphysa scrofa that inhibits Kv4.2 and Kv4.3 channels
P60514 ,EDCIPKWKGCVNRHGDCCEGLECWKRRRSFEVCVPKTPKT,40, Psalmopoeus cambridgei that inhibits ASIC1a channels
P85504 ,IFECVFSCDIKKEGKPCKPKGEKKCTGGWRCKIKLCLKI,39, Brachypelma albiceps
P61231 ,YCQKWMWTCDEERKCCEGLVCRLWCKRIINM,31, Paraphysa scrofa that inhibits Kv4.2 and Kv4.3 channels
P49268 ,CNSKGTPCTNADECCGGKCAYNVWNCIGGGCSKTCGY,37, Apomastus schlingeri
P49269 ,EIPQNLGSGIPHDRIKLPNGQWCKTPGDLCSSSSECCKAKHSNSVTYASFCSREWSGQQGLFINQCRTCNVESSMC,76, Apomastus schlingeri
P36983 ,MKHLIFSSALVCALVVCTFAEEQVNVPFLPDERAVKCIGWQETCNGNLPCCNECVMCECNIMGQNCRCNHPKATNECESRRR,82, Plectreurys tristis
P49270 ,EIPQNLGSGIPHDKIKLPNGQWCKTPGDLCSSSSECCKAKHSNSVTYASFCSRQWSGQQALFINQCRTCNVESSMC,76, Apomastus schlingeri
P49271 ,WLGCARVKEACGPWEWPCCSGLKCDGSECHPQ,32, Apomastus schleringi
P36984 ,EEQVNVPFLPDERAVKCIGWQETCNGQLPCCDGCVMCECNIMGQNCRCNHPKMTSECGSRR,61, Plectreurys tristis (incomplete precursor sequence translated from c
P49272 ,EIPQNLGSDIPHDIIKLPNGQWCKTPGALCSSRSECCKAKHSDSVTYSSGCSRQWSDQQGLFINQCRTCNVESSMC,76, Apomastus schlingeri
P36989 ,CAKHSETCKNGNCCTCTQYRGKDEPMACRRGTHGQRCQCVMKIMKH,46, Plectreurys tristis
P34079 ,ADCSATGDTCDHTKKCCDDCYTCRCGTPWGANCRCDYYKARCDT,44, Plectreurys tristis
P83480 ,ECRYWLGGCSAGQTCCKHLVCSRRHGWCVWDGTFS,35," Thrixopelma pruriens that inhibits voltage-gated ion channels (Na, Ca"
P83476 ,YCQKWMWTCDSERKCCEGMVCRLWCKKKLW,30, Thrixopelma pruriens that inhibits voltage-gated sodium channels
Q75WH1 ,TSQGTTPDKVQLEVNCISNLPNNEVEETDLLRELEMIEENLFGKELSFVPEENRNSRHKRCMGYDIECNERLHCCADLECVKTSGRWWYKKTYCRRKSG,99, Macrothele gigas
P61233 ,CGTNRAWCRNAKDHCCCGYSCVKPIWASKPEDDGYCWKKFGGC,43, Macrothele raveni
P61232 ,GCKLTFWKCKNKKECCGWNACALGICMPR,29, Macrothele raveni
Q7M3P1 ,EAFPGQST,8, Phoneutria nigriventer with unknown molecular target
Q9TWR5 ,LAKRADICQPGKTSQRACET,20, Phoneutria nigriventer with unknown molecular target
P82601 ,ACSRAGENCYKSGRCCDGLYCKAYVVTCYKP,31, Coremiocnemis valida
P60980 ,ECGKFMWKCKNSNDCCKDLVCSSRWKWCVLASPF,34, Grammostola rosea that blocks voltage-gated potassium channels
M5AY63 ,MKTSVFVLVLGLVLLFAVSFATEMEESARECGKFMWKCKNSNDCCKDLVCSSRWKWCVLASPF,63, Grammostola rosea that blocks voltage-gated potassium channels
P0C2P4 ,YCQKWMWTCDEERKCCEGLVCRLWCKKKIEEG,32, Grammostola rosea that blocks voltage-gated potassium channels
P0C2P5 ,DCLGWFKGCDPDNDKCCEGYKCNRRDKWCKYKLW,34, Grammostola rosea that blocks voltage-gated potassium channels
P60590 ,DCVRFWGKCSQTSDCCPHLACKSKWPRNICVWDGSV,36, Grammostola rosea that inhibits voltage-gated calcium channels
B3FIS8 ,MKVTLIAILTCAAVLVLHTTAAEELEAESQLMEVGMPDTELAAVDEERPFECSFSCEIEKEGDKPCKKKKCKGGWKCKFNMCVKV,85, Haplopelma schmidti with unknown molecular target
B3FIT5 ,MKVTLIAILTCAAVLVLHTTAAEELEESQLMEVGMPDTELAAVDEERPFECSFSCEIEKEGDKPCKKKKCKGGWKCKFNMCVKV,84, Haplopelma schmidti with unknown molecular target
FM165475 ,MKYFVVALALVAAFACIAESKPAESEHELAEVEEENELADLEDAVWLEHLADLSDLEEARGFFGNTWKKIKGKADKIMLKKAVKLMVKKEGISKEEAQAKVDAMSKKQIRLYLLKYYGKKALQKASEKL,129, Lachesana tarabaevi (translation of cDNA sequence
A9XDG1 ,MKLSIFFVLFFIAIAYCQPEFLDDEEDEVEETLPVAEEGREKSCITWRNSCMHNDKGCCFPWSCVCWSQTVSRNSSGKEKKCQCRLW,87, Geolycosa sp. A267TDLS2-KZARNA (translated cDNA sequence
B2ZBB6 ,MGIARILSAVLFLSVLFVVTFPALLSADHHDGRIDTCRLPSDRGRCKASFERWYFNGRTCAKFIYGGCGGNGNKFPTQEACMKRCGKA,88, Haplopelma schmidti that presumably inhibits serine proteases and voltage-gated potassium channels
P37045 ,MKLCMTLLITAIAVVTFVVATQEESAEFNEVEESREDNCIAEDYGKCTWGGTKCCRGRPCRCSMIGTNCECTPRLIMEGLSFA,83, Agelenopsis aperta
A9XDG2 ,MKLSIFFVLFFIAIAYCQPEFLDDEEDEVEETLPVAEEGREKSCITWRNSCMHNDKGCCFPWSCVCWSQTVPRNSSRKEKKCQCRLW,87, Geolycosa sp. A267TDLS2-KZARNA (translated cDNA sequence
A9XDG4 ,GDEEDEVEETLPVAEEGREKSCTTWRNSCMHNDKGCCFPWSCVCWSQTVSRNSSRKEKKCQCRLW,65, Geolycosa sp. A267TDLS2-KZARNA (translated cDNA sequence
B3FIR7 ,MKASMFLALAGLVLLFVVCYASESEEKEFPRELLSKIFAVDDFKGEERACKGVFDACTPGKNECCSNRVCSDKHKWCKWKL,81, Haplopelma schmidti that inhibits voltage-gated sodium and calcium channels
FM165476 ,MKYFVVALALVAAFACIAESKPAESEHELAEVEEENELADLEDAVWLEHLADLSDLEEARGFFGNTWKKIKGKADKIMLKKAVKIMVKKEGISKEEAQAKVDAMSKKQIRLYVLKYYGKKALQKASEKL,129, Lachesana tarabaevi (translation of cDNA sequence
A9XDG3 ,MKLSIFFVLFFIAIAYCQPEFLDDEEDEVEETLPVAEEGREKSCITWRNSCMHYDKGCCFPWTCVCWSQTVSRNSSRKEKKCQCRLR,87, Geolycosa sp. A267TDLS2-KZARNA (translated cDNA sequence
FM165481 ,MKYFVVALALVAAFACIAESKPAESEHELAEVEEENELADLEDAVWLEDLADLSDLEETRGFFGNAWKKIKGKAEKFFRKKAAKIIAKKEGITKEEAEAKVDTMSKKQIKVYLLKHYGKKALQKASEKL,129, Lachesana tarabaevi (translation of cDNA sequence
FM165474 ,MKYFVVALALVAAFACIAESKPAESEHELAEVEEENELADLEDAVWLEHLADLSDLEEARGFFGNTWKKIKGKADKIMLKKAVKIMVKKEGISKEEAQAKVDAMSKKQIRLYLLKYYGKKALQKASEKL,129, Lachesana tarabaevi (translation of cDNA sequence
A9XDF9 ,MKLSIFFVLFFIAIAYCQPEFLDDEEDEVEETLPVAEEGREKSCITWRNSCMHNDKGCCFPWSCVCWSQTVSRNSSRKEKKCQCRLW,87,  Geolycosa sp
A9XDG5 ,EDEVEETLPVAEEGREKSCITWRNSCVHNDKGCCFPWSCVCWSQTVSRNSSRKEKKCQCRLW,62, Geolycosa sp. A267TDLS2-KZARNA (translated cDNA sequence
B3FIT0 ,MKVTLIAILTCAAVLVLHTTAAEELEAESQLMEVGMPDTELAAVDEERLFECSFSCEIEKEGDKPCKKKKCKGGWKCKFNMCVKF,85, Haplopelma schmidti with unknown molecular target
B3FIV1 ,MNTIQVIIFAVVLVLTVTVGQADEDSAETSLLRKLEEAEAAMFGQYLEESKNSREKRCIGESVPCDKDDPRCCREYECLKPTGYGWWYASYYCYRKKSG,99, Brachypelma smithi
FM165479 ,MKYFVVALALVAAFACIAESKPAESEHELAEVEEENELADLEDAVWLEHLADLSDLEEARGFFGNTWKKIKGKADKIMLKKAVKIMVKKEGISKEEAQAKVDAMSKKQIRLYLLKHYGKKALQKASEKL,129, Lachesana tarabaevi (translation of cDNA sequence
FM165478 ,MKYFVVALALVAAFVCIAESKPAESEHELAEVEEENELADLEDAVWLEHLADLSDLEEARGFFGNTWKKIKGKSDKIMLKKAVKIMVKKEGISKEEAQAKVDAMSKKQIRLYLLKYYGKKALQKASEKL,129, Lachesana tarabaevi (translation of cDNA sequence
FM165480 ,MKYFVVALALVAAFACIAESKPAESEHELAEVEEENELADLEDAVWLEHLADLSDLEEARGFFGNTWKKIKGKADKIMLKKAVKIMVKKEGISKEEAQAKVDAMSKKQIRLYVLKHYGKKALQKASEKL,129, Lachesana tarabaevi (translation of cDNA sequence
B3FIR0 ,MKASMFLAFAGLVLLFVVCYASESEEKEFPRELISKIFAVDDFKGEERACKGVFGACTPGKNECCPNRVCSDKHKWCKWKL,81, Haplopelma schmidti that inhibits voltage-gated sodium and calcium channels
B3FIT4 ,MKVTLIAILTCAAVLVLHTTAAEELEAESQLMEVGMPDTELAAVDEERLFECSISCEIEKKGESCKPKECKGGWKCKFNMCVKV,84, Haplopelma schmidti with unknown molecular target
B3FIT1 ,MKVTLIAILTCAAVLVLHTTAAEELEAESQLMEVGMPDTELAAVDEERLFECSFSCEIEKEGDKLCKKKKCKGGWKCKFNMCVKV,85, Haplopelma schmidti with unknown molecular target
FM165477 ,MKYFVVALALVAAFACIAESKPAESEHELAEVEEENELADLEDAVWLEHLADLSDLEEARGFFGNTWKKIKGKADKIMLKKAVKIMVKKEGITKEEAQAKVDAMSKKQIRLYLLKYYGKKALQKASEKL,129, Lachesana tarabaevi (translation of cDNA sequence
A9XDG0 ,MKLSIFFVLFFIAIAYCQPEFLDDEEDEVEETLPVAEEGRERSCITWRNSCMHNDKGCCFPWSCVCWSQTVSRNSSRKEKKCQCRLW,87, Geolycosa sp. A267TDLS2-KZARNA (translated cDNA sequence
P85505 ,GCIPYGKTCEFWSGPWCCAGKCKLNVWSMTLSCTRNF,37, Heriaeus melloteei
P85506 ,GCIPSFGECAWFSGESCCTGICKWVFFTSKFMCRRVWGKD,40, Heriaeus melloteei
P0CAZ2 ,GFFGNTWKKIKGKADKIMLKKAVKIMVKKEGIFKEEAQAKVDAMSKKQIRLYLLKYYGKKALQKASEKL,69, Lachesana tarabaevi
P0CAZ3 ,GFFGNTWKKIKGKTDKIMLKKAVKIMVKKEGISKEEAQAKVDAMSKKQIRLYLLKHYGKKALQKASEKL,69, Lachesana tarabaevi
P0CAZ4 ,GFFGNTWKKIKGKADKIMLKKAVKIMVKKEGISKEEAQAKVDAMSKKQIRLYVLKHYGKKALQKVSEKL,69, Lachesana tarabaevi
P0CAZ5 ,GFFGNAWKKIKGKAEKFFRKKAAKIIAKKEGITKEEAEAKVDPMSKKQIKVYLLKHYGKKALQKASEKL,69, Lachesana tarabaevi
P0CAZ6 ,GFFGNTWKKIKGKADKIMLKKAVKIMVKKEGISKEEAQAKVDAMSKKQIRLYLLKHYGKKLFKKRPKNCDQ,71, Lachesana tarabaevi
P0CAZ7 ,GFFGNTWKKIKGKADKIMLKKAVKIMVKKEGISKEEAQAKVDAMSKKQIRLYLLKYYGKKLFKKRPKNCDQ,71, Lachesana tarabaevi
P0CAZ8 ,GFFGNTWKKIKGKADKIMLKKAVKLMVKKEGISKEEAQAKVDAMSKKQIRLYLLKYYGKKSSSKSVRKIVISKSF,75, Lachesana tarabaevi
P0CAZ9 ,GFFGNTWKKIKGKADKIMLKKAVKLMVKKEGISKEEAQAKVDAMSKKQIRLYVLKHYGKKSSSKSVRKIVISKSF,75, Lachesana tarabaevi
B3FIR3 ,MKASMFLAFAGLVLLFVVCYASESEEKEFPRELISKIFAVDDFKGEERACKGVFDACTPGKNECCPNRVCSDEHKWCKWKL,81, Haplopelma schmidti that inhibits voltage-gated sodium and calcium channels
P83288 ,DWECLPLHSSCDNDCVCCKNHHCHCPYSNVSKLEKWLPEWAKIPDALKRCSCQRNDKDGKINTCDKYKN,69, Oxyopes takobius
W0LP48 ,MKIVLVFVCTLYLAQATYLSEQDVNEVSEFLEALDQANEAASEMVEAAETEEARDWECLPLHSSCDNDCVCCKNHHCHCPYSNVSKLEKWLPEWAKIPDALKRCSCQRNDKDGKINTCDKYKN,123, Oxyopes takobius
B1P1A0 ,MKVSLLITLAVLGVMFVWASAAELQERGSDQKDSPAWLKSMERIFQSEERECKKMFGGCTVHSDCCAHLGCKPTLKYCAWDGTFGK,86, Chilobrachys guangxiensis that inhibits voltage-gated potassium and sodium channels
B1P1B6 ,MKGSAFAIILGLVVLCACSFAEDEQDQFASPNELLRSMFLESRHELIPEVEGRYCQKWMWTCDSERKCCEGYVCELWCKYNMG,83, Chilobrachys guangxiensis that inhibits voltage-gated potassium channels
B1P1B9 ,MKTSILFVIFGLALLFALSVAIEMEEEETDRGCGTMWSPCSTEKPCCDNFSCQPAIKWCIWSP,63, Chilobrachys guangxiensis with unknown molecular target and function
B1P1D5 ,MKNTSILFILGLALLLVLAFEVQVGESDGECGGFWWKCGSGKPACCPKYVCSPKWGLCNFPMP,63, Chilobrachys guangxiensis that inhibits voltage-gated potassium channels
B1P1D6 ,MKSTSILFILGLALLLVLAFEVQVGESDGECGGFWWKCGSGKPACCPKYVCSPKWGLCNFPMP,63, Chilobrachys guangxiensis that inhibits voltage-gated potassium channels
B1P1E4 ,MKVSVLITLAVLGVMFVWASAAELEERGSDHRDSPAWLKSMERIFQSEERECRKMFGGCSVHSDCCAHLGCKPTLKYCAWDGTFGK,86, Chilobrachys guangxiensis that inhibits voltage-gated potassium and sodium channels
B1P1F3 ,MKVSVVITLAVLGVMFVWASAAELEERGSDQRDSPAWIKSMERIFQSEERECTKFLGGCSEDSECCPHLGCKDVLYYCAWDGTFGK,86, Chilobrachys guangxiensis which inhibits voltage-gated sodium channels
B1P1F4 ,MKVSVVITLAVLGIMFVWASAAELEERGSDQRDSPAWLKSMERIFQSEERECTKFLGGCSEDSECCPHLGCKDVLYYCAWDGTFGK,86, Chilobrachys guangxiensis which inhibits voltage-gated sodium channels
P0CH56 ,MKVSVVITLAVLGVMFVWASAAELKERGSDQRDSPAWIKSMERIFQSEERECTKFLGGCSEDSECCPHLGCKDVLYYCAWDGTFGK,86, Chilobrachys guangxiensis which inhibits voltage-gated sodium channels
B1P1F7 ,MKVLVLITLAVLGAMFVWTSAAELEERGSDQRDSPAWVKSMERIFQSEERACREWLGGCSKDADCCAHLECRKKWPYHCVWDWTVRK,87, Chilobrachys guangxiensis that inhibits voltage-gated sodium channels
B1P1H1 ,MKVSVLITLAVLGVMFVWASAAELEERGSDQRDSPAWLKSMERIFQSEERECRKMFGGCSVDSDCCAHLGCKPTLKYCAWDLTFP,85, Chilobrachys guangxiensis that inhibits voltage-gated potassium and sodium channels
K7N5K9 ,MIFLLPSIISVMLLAEPVLMLGDTEDADLMEMVQLSRPFFNPIIRAVELVELREERQRDCGHLHDPCPNDRPGHRTCCIGLQCRYGKCLVRVGR,94, Selenotholus plumipes
B3EWN1 ,YCQEFLWTCDEERKCCGDMVCRLWCKKRL,29, Pterinochilus murinus that inhibits voltage-gated sodium channels
W0LPG3 ,MKFALVLLGVCAFYLVNATGDLETELEASELQELQEALDLIAETPLESLEAEELEEARKFKLPKINWGKVASKAKDLYKKGEKLAKNKNVKKALKYGKQLAENLQAGEVHEPGTPVGNNKCWAIGTRCTDDCDCCPEHHCHCPAKSWTFGLIPCSCQVTESDKVNKCPPAE,171," Oxyopes takobius with probable antimicrobial, insecticidal, cytolytic and cytotoxic activity"
D2Y2L8 ,MKSIVFVALFGLALLAVVCSASEGAHKELLKEVVRAMVVDKTDAVQAEERECRWYLGGCSQDGDCCKHLQRHSNYEWCIWDGTFSK,86, Haplopelma hainanum that inhibits insect voltage-gated calcium channels
D2Y2I5 ,MKASMFLALAGLVLLFVVGYASESEEKEFPRELLSKIFAVDDFKGEERGCKGFGDSCTPGKNECCPNYACSSKHKWCKVYSGK,83, Haplopelma hainanum that inhibits voltage-gated sodium channels
D2Y1Z0 ,MKASMFLALAGLVLLFVVGYASESEEKEFPIELLSKIFAVDVFKGEERGCKGFGDSCTPGKNECCPNHACSNKHKWCKAYLGK,83, Haplopelma hainanum that inhibits voltage-gated sodium channels
P0CH77 ,FECSVSCEIEKEGNKDCKKKKCKGGWKCKFNMCVKDI,37, Haplopelma hainanum with unknown molecular target
M5AXK5 ,MKTSLLVLFLGLAVLTVLCSASELANKELVKNVLRAMIVDKEDALQPEERECKYYWGKCEKNSDCCKHLQCESYWKWCIWDRKFEK,86, Grammostola rosea that activates the TRPV1 channel
D2Y2F2 ,MKTAIFTVVLALAVFAVLCLVVSTHAERHSKTDMEDSPMIQERKGLPPGKPCYGATQKIPCCGVCSHNNCT,71, Haplopelma hainanum that inhibits mammalian voltage-gated calcium channels
D2Y234 ,MKASMFLALAGLALLFVVCYASESEEKEFSNELLSSVLAVDDNSKGEERECLGFGKGCNPSNDQCCKSSNLVCSRKHRRCKYEIGK,86, Haplopelma hainanum that inhibits voltage-gated sodium channels
D2Y2J6 ,MKVTLIAILTCAAVLVLHTTAAEELEAESQLMEVGMPDTELAAVDEERHFECSVSCEIEKEGNKDCKKKKCKGGWKCKFNMCVKV,85, Haplopelma hainanum with unknown molecular target
D2Y226 ,MKVTLIAILTCAAVLVLHTTAAEELEAESQLMEVGMPDTELAAVDEERLFECSVSCEIEKEDNKDCKKKKCKGGWKCKFNMCVKV,85, Haplopelma hainanum with unknown molecular target
D2Y2D4 ,MKVTLIAILTCAAVLVLHTTAAEELEAESQLMEVGMPDTELAAVDEERLFECSVSCEIEKEGNKDCKEKKCKGGWKCKFNMCVKV,85, Haplopelma hainanum with unknown molecular target
B3EWN3 ,ACKGLFVTCTPGKDECCPNHVCSSKHKWCKYKI,33, Haplopelma lividum that inhibits voltage-gated sodium channels
D2Y2J2 ,MKVTLIAILTCAAVLVLHTTAAEELEAESQLMEVGMPDTELAAVDEERLFECSVSCEIEKEGNKDCKKKKCRGGWKCKFNMCVKV,85, Haplopelma hainanum with unknown molecular target
B3EWN2 ,ACLGFGEKCNPSNDKCCKSSSLVCSQKHKWCKYGW,35, Haplopelma lividum that inhibits voltage-gated sodium channels
D2Y223 ,MKVTLIAILTCAAVLVLHTTAAEELEAESQLMEVGMPDTELAAVDEERLVECSVSCEIEKEGNKDCKKKKCKGGWKCKFNMCVKV,85, Haplopelma hainanum with unknown molecular target
D2Y1Y6 ,MKASMFLALAGLVLLFVVDYASESEEKEFPIELLSKIFAVDVFKGEERGCKGFDDSCTPGKNECCPNHACSNKHKWCKVYLGK,83, Haplopelma hainanum that inhibits voltage-gated sodium channels
D2Y2K3 ,MKVTLIAILTCAAVLVLHTTAAEELEAESQLMEVGMPDTELAAVDEERLFECSVSCEIEKEGNEDCKKKKCKGGWKCKFNMCVKV,85, Haplopelma hainanum with unknown molecular target
D2Y220 ,MKVTLIAILTCAAVLVLHTTAAEELKTESQLMEVGMPDTELATVDEERLFKCSVSCEIEKESNKDCKKKKCKGGWKCKFNMCVKV,85, Haplopelma hainanum with unknown molecular target
W0LP39 ,MKFALVLLGVCAFYLVNATGDLETELEASELQELQEALDLIGETPLESLEAEESEEARLKFKLPKINWGKVASTVKDTYKKAEQLAKNKNVKKVWKYGKQLAKDLQAGEEHVPGTPVGNNKCWAIGTRCTHDCDCCPEHHCHCPAKSWTFGLIPCSCQVTESDKVNKCPPAE,172," Oxyopes takobius with probable antimicrobial, insecticidal, cytolytic and cytotoxic activity"
D2Y1Y9 ,MKASMYLALAGLVLLFVVGYASESEEKEFPRELLSKIFAVDDFKGEERGCKGFSDSCTPGKNECCPNYACSSKHKWCKVYLGK,83, Haplopelma hainanum that inhibits voltage-gated sodium channels
B3EWN0 ,DDCLGMFSSCDPDNDKCCEGRKCNRKDKWCKYVL,34, Pterinochilus murinus that inhibits voltage-gated sodium channels
D2Y203 ,MKASMYLALAGLVLLFVVGYASESEEKEFPRELLSKIFAVDDFKGEERGCKGFGDSCTPGKNERCPNYACSSKHKWCKVYLGK,83, Haplopelma hainanum that inhibits voltage-gated sodium channels
D2Y1Z1 ,MKASMYLALAGLVLLFVVGYASESEEKEFPRELLSKIFAVDDFKGEERGCKGFGDSCTPGKNECCPNYACSCKHKWCKVYLGK,83, Haplopelma hainanum that inhibits voltage-gated sodium channels
D2Y2K0 ,MKVTLIAILTCAAVLVLHTTAAEELEAESQLMEVGMPDTELAAVDEERLFECSVSCEIEKEGNKDCKKKKCRGGRKCKFNMCVKV,85, Haplopelma hainanum with unknown molecular target
W0LP36 ,MKFALVLLGVCAFYLVNATGDLETELEASELQELQEALDLIGETSLGSLEAEELEEARKFKWGKLFSTAKKLYKKGKKLSKNKNFKKALKFGKQLAKNLQAGEEHEPGTPVGNNKCWAIGTTCSNDCDCCPEHHCHCPAGKWLPGLFRCTCQVTESDKVNKCPPAE,166," Oxyopes takobius with probable antimicrobial, insecticidal, cytolytic and cytotoxic activity"
M5AWT6 ,MKTFTIFVIAGLALLSVVCYASEIKEQSSINEVLSAIFHLEQPQERDCLGWFKGCDPDNDKCCENYKCNRRDKWCKYKLWK,81, Grammostola rosea that blocks voltage-gated potassium channels
P86716 ,MKFALVLLGVCAFYLVNATGDLETELEASELQELQEALDLIGETPLESLEAEELEEARKFKWGKLFSTAKKLYKKGKKLSKNKNFKKALKFGKQLAKNLQAGEEHEPGTPVGNNKCWAIGTTCSDDCDCCPEHHCHCPAGKWLPGLFRCTCQVTESDKVNKCPPAE,166," Oxyopes takobius with antimicrobial, insecticidal, cytolytic and cytotoxic activity"
P0CH43 ,DCAKEGEVCSWGKKCCDLDNFYCPMEFIPHCKKYKPYVPVTTNCAKEGEVCGWGSKCCHGLDCPLAFIPYCEKYRGRND,79, Haplopelma schmidti which activates TRPV1 channels
D2Y2J8 ,MKVTLIAIVTCAAVLVLHTTAAEELEAESQLMEVGMPDTELAAVDEERLFECSASCEIEKEGNKDCKKKKCKGGWKCKFNMCVKV,85, Haplopelma hainanum with unknown molecular target
D2Y218 ,MKVTLIAILTCAAVLVLHTTAAEELEAESQLMEVGMPDTELAAVDEERLFECSASCEIEKEGNKDCKKKKCKGGWKCKFNMCVKV,85, Haplopelma hainanum with unknown molecular target
H7CEK3 ,MKAFFVILGLALLCAYSFALEEQDHLSLRNDLLTVMFAENSELTPETEERYCQKWMWTCDSKRKCCEDMVCQLWCKKRLG,80, Grammostola rosea that inhibits voltage-gated sodium channels
H7CEK2 ,MKAFFVILGLALLCAYSFALEEQDQISLRNDLLTVMFAENSELTPETEERYCQKWMWTCDSKRKCCEDMVCQLWCKKRLG,80, Grammostola rosea that inhibits voltage-gated sodium channels
D2Y224 ,MKVTLIAILTCAAVLVLHTTAAEELEAESQLMEVGMPDTELAAVDEERLFECSVSCEIEKEGNKDCKKKKCKGGWKCKFNMCVKA,85, Haplopelma hainanum with unknown molecular target
W0LQ77 ,MKFALVLLGVCAFYLVNATGDLETELEASELQELQEALDLIGETPLESLEAEESEEARLKFKLPKINWGKVASTVKDTYKKGEQLAKNKNVKKVWKYGKQLAKELQAGEEHVPGTPVGNNKCWAIGTRCTDDCDCCPEHHCHCPAKSWTFGLIPCSCQVTESDKVNKCPPAE,172," Oxyopes takobius with probable antimicrobial, insecticidal, cytolytic and cytotoxic activity"
B3EWF4 ,MKVLVIIALCLVAFQSALSKKIENFESYIEDLKSEARECIPLYNDCTAFKYNNNCCKDPEKKYQYKCSCIVCKEGKEQCTCQRKETVESMMKCVRFVKKVGEKVIEKVG,109, Lachesana tarabaevi
D2Y222 ,MKMTLIAILTCAAVLVLHTTAAEELEAESQLMEVGMPDTELEAVDEERLFECSVSCEIEREGNKDCKKKKCKGGWKCKFNMCVKV,85, Haplopelma hainanum with unknown molecular target
D2Y1Z5 ,MKASMFLALAGSVLLFVVGYASESEEKEFPIELLSKIFAVDVFKGEERGCKGFGDSCTPGKNECCPNHACSNKHKWCKVYLGK,83, Haplopelma hainanum that inhibits voltage-gated sodium channels
D2Y1Y5 ,MKASMFLALAGLVLLFVVGYASESEEKEFPIELLSKIFAVDVFKGEDRGCKGFGDSCTPGKNECCPNHACSNKHKWCKVYLGK,83, Haplopelma hainanum that inhibits voltage-gated sodium channels
D2Y1Y4 ,MKASMFLALAGLVLLFVVGYASESEEKEFPIELLSKIFAVDVFKGEERGCKGFGDSCTPGKNECCPNHACSNKHKWCKVYLGK,83, Haplopelma hainanum that inhibits voltage-gated sodium channels
D2Y1Z3 ,MKALMFLALAGLVLLFVVGYASESEEKEFPIELLSKIFAVDVFKGEERGCKGFGDSCTPGKNECCPNHACSNKHKWCKVYLGK,83, Haplopelma hainanum that inhibits voltage-gated sodium channels
D2Y1Z6 ,MKASMFLALAGLVLLFVVGYASESEEKEFPIELLSKIFAVDVFKGEGRGCKGFGDSCTPGKNECCPNHACSNKHKWCKVYLGK,83, Haplopelma hainanum that inhibits voltage-gated sodium channels
M5AXP5 ,MKAFFVILGLALLCAYSFALEEQDQLSLRNDLLTVMFAENSELTPETEERYCQKWMWTCDEERKCCEGLVCRLWCKKKNRVVISGEDTKLPTLKIQLMKSNITDI,105, Grammostola rosea that blocks voltage-gated potassium channels
P86718 ,MKFALVLLGVCAFYLVNATGDLETELEASELQELQEALDLIAETPLESLEAEELEEARKFKLPKINWGKLASKAKDVYKKGQKLAKNKNVKKALKYGKQLAENLAAGEVHEPGTPVGNNKCWAIGTRCTDDCDCCPEHHCHCPAKSWTFGLIPCSCQVTESDKVNKCPPAE,171," Oxyopes takobius with probable antimicrobial, insecticidal, cytolytic and cytotoxic activity"
D2Y219 ,MKVTLIAILTCAAVLVLHTTAAEELEESQLMEVGMPDTELAAVDEERLFECSVSCEIEKEGNKDCKKKKCKGGWKCKFNICVKV,84, Haplopelma hainanum with unknown molecular target
D2Y225 ,MKVTLIAILTCAAVLVLHTTAAEELEAESQLMEVGMPDTELAAVDEERLFECSVSCEIEKEGNKDYKKKKCKGGWKYKFNMCVKV,85, Haplopelma hainanum with unknown molecular target
D2Y2I6 ,MKASMFLALAGLVLLFVVGYASESEEKEFPRELLSKIFAVDDFKGEERGCKGFGDSCTPGKNECCPNYACSSKHKWCKVNLGK,83, Haplopelma hainanum that inhibits voltage-gated sodium channels
D2Y227 ,MKVTLIAILTCAAVLVLHTTAAEELEAESQLMEVGMPDTELAAVDEERLFECSVSCEIEKEGNKDCKKKKCIGGWKCKFNMCVKV,85, Haplopelma hainanum with unknown molecular target
D2Y207 ,MKMTLIAILTCAAVLVLHITAAEELEAESQLMEVGMPDTELEAVDEERLFECSVSCEIEKEGNKDCKKKKCKGGWKCKFNMCVKV,85, Haplopelma hainanum with unknown molecular target
D2Y2D5 ,MKVTLIAILTCAAVLVLHTTAEEELEAESQLMEVGMPDTELAAVDEERLFECSVSCEIEKEGNKDCKKKKCKGGWKCKFNMCVKV,85, Haplopelma hainanum with unknown molecular target
D2Y2K8 ,MKMTLIAILTCAAVLVLHTTAAEELEAESQLMEVGMPDTELAAVDEERLFECSVSCEIEKEGNKDCKKKKCKGGWKCKFNMCVKV,85, Haplopelma hainanum with unknown molecular target
D2Y2L0 ,MKVTLIAILTRAAVLVLHTTAAEELEESQLMEVSMPDTELAAVDEERLFECSVSCEIEKEGNKDCKKKKCKGGWKCKFNMCVKV,84, Haplopelma hainanum with unknown molecular target
D2Y2L3 ,MKMTLIAILTCAAVLVLHTTAAEELEAESQLMEIGMPDTELEAVDEERLFECSVSCEIEKEGNKDCKKKKCKGGWKCKFNMCVKV,85, Haplopelma hainanum with unknown molecular target
D2Y211 ,MKVTLIAILICAAVLVLHTTAAEELEAESQLMEVGMPDTELAAVDEERLFECSVSCEIEKEGNKDCKKKKCKGGWKCKFNMCVKV,85, Haplopelma hainanum with unknown molecular target
D2Y230 ,MKVTLIAILTCAAVLVLHTTAAEELEAEGQLMEVGMPDTELAAVDEERLFECSVSCEIEKEGNKDCKKKKCKGGWKCKFNMCVKV,85, Haplopelma hainanum with unknown molecular target
D2Y2L2 ,MKATLIAILTCAAVLVLHTTAAEELEAESQLMEVGMPDTELAAVDEERLFECSVSCEIEKEGNKDCKKKKCKGGWKCKFNMCVKV,85, Haplopelma hainanum with unknown molecular target
D2Y2K9 ,MKVTLIVILTCAAVLVLHTTAAEELEAESQLMEVGMPDTELAAVDEERLFECSVSCEIEKEGNKDCKKKKCKGGWKCKFNMCVKV,85, Haplopelma hainanum with unknown molecular target
D2Y212 ,MKVTLIAILTCAAVLVLRTTAAEELEAESQLMEVGMPDTELAAVDEERLFECSVSCEIEKEGNKDCKKKKCKGGWKCKFNMCVKV,85, Haplopelma hainanum with unknown molecular target
D2Y208 ,MKVTLIAILTCAAVLVLHTTAAEEFEAESQLMEVGMPDTELAAVDEERLFECSVSCEIEKEGNKDCKKKKCKGGWKCKFNMCVKV,85, Haplopelma hainanum with unknown molecular target
D2Y204 ,MKVTLIAILTCAAVLVLHTTAAEELEAESQLMEVGMPDTELAAVDEERLFECSVSCEIEKEGNKDCKKKKCKGGWKCKFNMCVKV,85, Haplopelma hainanum with unknown molecular target
D2Y206 ,MKVTLIAILTCAAVLVLHTTAAEELEESQLMEVGMPDTELAAVDEERLFECSVSCEIEKEGNKDCKKKKCKGGWKCKFNMCVKV,84, Haplopelma hainanum with unknown molecular target
D2Y2K7 ,MKVTLIAILTCATVLVLHTTAAEELEAESQLMEVGMPDTELAAVDEERLFECSVSCEIEKEGNKDCKKKKCKGGWKCKFNMCVKV,85, Haplopelma hainanum with unknown molecular target
D2Y210 ,MKVTLIAILTCAAALVLHTTAAEELEAESQLMEVGMPDTELAAVDEERLFECSVSCEIEKEGNKDCKKKKCKGGWKCKFNMCVKV,85, Haplopelma hainanum with unknown molecular target
D2Y2K6 ,MKVTLIAILTCAAVLVLHTTAAEELEESQLMEVGMPDTELEAVDEERLFECSVSCEIEKEGNKDCKKKKCKGGWKCKFNMCVKV,84, Haplopelma hainanum with unknown molecular target
D2Y2K5 ,MKVTLISILTCAAVLVLHTTAAEELEAESQLMEVGMPDTELAAVDEERLFECSVSCEIEKEGNKDCKKKKCKGGWKCKFNMCVKV,85, Haplopelma hainanum with unknown molecular target
D2Y205 ,MKMTLIAILTCAAVLVLHTTAAEELEAESQLMEVGMPDTELEAVDEERLFECSVSCEIEKEGNKDCKKKKCKGGWKCKFNMCVKV,85, Haplopelma hainanum with unknown molecular target
D2Y2D6 ,MKVTLIAIPTCAAVLVLHTTAAEELEESQLMEVGMPDTELAAVDEERLFECSVSCEIEKEGNKDCKKKKCKGGWKCKFNMCVKV,84, Haplopelma hainanum with unknown molecular target
D2Y229 ,MKVTLIAILTCAAVLVLHTTAAEELEESQLMEVGMPDTELAAVDGERLFECSVSCEIEKEGNKDCKKKKCKGGWKCKFNMCVKV,84, Haplopelma hainanum with unknown molecular target
D2Y209 ,MKVTLIAILTCAAVLVLHTTAAEELEAESQLMKVGMPDTELAAVDEERLFECSVSCEIEKEGNKDCKKKKCKGGWKCKFNMCVKV,85, Haplopelma hainanum with unknown molecular target
D2Y2I9 ,MKVTLIAILTCAAVLVLHTTAAEELEAESQLMEVGMPDTELEAVDEERLFECSVSCEIEKEGNKDCKKKKCKGGWKCKFNMCVKV,85, Haplopelma hainanum with unknown molecular target
D2Y228 ,MKVTLIAILTCAAVLVLHTTAAEELEAESQPMEVGMPDTELAAVDEERLFECSVSCEIEKEGNKDCKKKKCKGGWKCKFNMCVKV,85, Haplopelma hainanum with unknown molecular target
D2Y1Z2 ,MKASMFLALAGLVLLFVVGYASESEEKEFPRELLSKIFAVDDFKGEERGCKGFGDSCTPEKNECCPNYACSSKHKWCKSI,80, Haplopelma hainanum that inhibits voltage-gated sodium channels
H7CEK6 ,MKTSVLVLFLGLAVLTVLCSASELANKELVKEVLRAMLVDKEDALQPEERECRYYLGGCKKDSECCTHLQCHSYWEWCIWDGTFGK,86, Grammostola rosea that activates the TRPV1 channel
M5AXN7 ,MKTSVVFVIAGLALLSVVCYASELKEQSSINEVLSTIFHFEQPERRGCLQFMWKCNPDNDKCCRPNLKCNTYHKWCEFVTGK,82, Grammostola rosea which inhibits voltage-gated calcium channels
M5AWR7 ,MKTSVFAAILGLALFAVLCSGSELQEKDLKETLLSAIMETALEAQPEERECRYLFGGCKTTADCCKHLGCKFRDKYCAWDFTFSK,85, Grammostola rosea that inhibits voltage-gated potassium and calcium channels
M5AXJ9 ,MKTSVFASILGLALFAVLCSGSELQEKDLKETLLSAIMETALEAQPEERECRYLFGGCKTTADCCKHLGCKFRDKYCAWDFTFSK,85, Grammostola rosea that inhibits voltage-gated potassium and calcium channels
D2Y2K1 ,MKVTLIAILTCAAVLVLHTTAAEELEAESQLMEVGMPDTELAAVDEERLFKCSVSCEIEKEGNRDCKKKKCKGGWKCKFNMCVKV,85, Haplopelma hainanum with unknown molecular target
D2Y215 ,MTLIAILTCAAALVLHTTAAEELEAESQLMEVGMPDTELEAVDEERLFECSVSCEIEKEGNKDCKKKKCKGGWKCKFNMCVKI,83, Haplopelma hainanum with unknown molecular target
D2Y201 ,MKASMFLALAGLVLLFVVGYASESEEKEFPRELLSKIFAVDDFKGEERGCKGFGDSCTPGKNECCPNYACSGKHKWCKVYLGK,83, Haplopelma hainanum that inhibits voltage-gated sodium channels
B3EWF5 ,MKVLVIIALCFFILQTALSEDKYESFESYVEDLKSGNMKGEARECIPLYNDCKEFKYNNNCCKDPEKKYQYKCSCIMCEGGEEQCTCQRKETVENMMKCVRFVKKVVEKVG,111, Lachesana tarabaevi
D2Y2R3 ,MNMKILVLVAVLCLVVSTHAERHSKTDMGDSPMIQERKCLPPGKPCYGATQKIPCCGVCSHNNCT,65, Haplopelma hainanum that inhibits mammalian voltage-gated calcium channels
D2Y2C4 ,MNMKILVLVAVLCLVVSTHAERHSKTDMEDSPMIQERKCLPPGKPCYGATQKIPCCGVCSHNNCT,65, Haplopelma hainanum that inhibits mammalian voltage-gated calcium channels
D2Y2R1 ,MNVKILVLVAVLCLVVSTHAERHSKTDMEDSPMIQERKCLPPGKPCYGATQKIPCCGVCSHNNCT,65, Haplopelma hainanum that inhibits mammalian voltage-gated calcium channels
D2Y2J5 ,MKVTLIAILTCAAVLVLHTTAAEELEESQLMEVGMPDTELAAVDEERLFECPVSCEIEKEGNKDCKKKKCKGGWKCKFNMCVKV,84, Haplopelma hainanum with unknown molecular target
D2Y1Z9 ,MKASMFLALAGLVLLFVVGYASESEEKEFPIELLSKIFAVDVFKGEERGCKGFGDSCAPGKNECCPNHACSNKHKWCKVYLGK,83, Haplopelma hainanum that inhibits voltage-gated sodium channels
P0DJ76 ,MGIARILSAVLFLSVLFVVTFPALLLADHHDGRIDTCRLPSDRGRCKASFERWYFNGRTCAKFIYGGCGGNGNKFPTEKACMKRCAKA,88, Haplopelma schmidti that presumably inhibits serine proteases and voltage-gated potassium channels
B3EWF2 ,MKVLVFAIVCSVLLQVVLSADEEARECIPTKHDCTNDRKNCCPGHECKCYNTQIGGSKKEQCGCKKSLLAKAKNFGGKVITIFKA,85, Lachesana tarabaevi
B3EWF3 ,MKILVLAVVCTVLLQVALSADSEEVRDCIPTRHECTNNQQNCCEGHDCKCDYTEIGGAKKEICYCKKTLWQKTKDKLSTAGDILKS,86, Lachesana tarabaevi
M5AYA8 ,MKTSVFAAILGLALFAVLCSGSELQEKDLKETLLSAIMETALEAQPEERECRYLFGGCKTTSDCCKHLVCKFRDKYCAWDFTFSK,85, Grammostola rosea that inhibits voltage-gated potassium and calcium channels
D2Y231 ,MKVTLIAILTCAAVLVLHTTAAEELEESQLMEVGMPDTELAAVDEERLFECSVSCEIEKEGNKGCKKKKCKGGWKCKFNMCVKV,84, Haplopelma hainanum with unknown molecular target
D2Y221 ,MKVTLTAILTCAAVLVLHTTAAEELEESQLMEVGMPDTELAAVDEERLFECSVSCEIEKEGNKGCKKKKCKGGWKCKFNMCVKV,84, Haplopelma hainanum with unknown molecular target
D2Y217 ,MKMTLIAILTCAAVLVLHTTAAEELEAESQLMEVGMPDTELEAVDEERLFECSVSCEIEKEGDKDCKKKKCKGGWKCKFNMCVKV,85, Haplopelma hainanum with unknown molecular target
D2Y2J3 ,MKVTLIAFLTCAAVLVLHTTAAEELEAESQLMGVGMPDTELAAVDEERLFECSVSCEIEKEGNKDCKKKKCKGGWKCKSNMCVKV,85, Haplopelma hainanum with unknown molecular target
D2Y2K4 ,MKMTLIAILTCAAVLVLHTTAAEELEAESQLMEVGMPDTELEAVDEERLFECSVSCEIEKEGNKDCKKKKCKGGWKCKFNMCVEV,85, Haplopelma hainanum with unknown molecular target
H7CEK5 ,MKTSVVFVIAGLALLSVVCYASELKEQSSINEVLSTIFHFEQPEERGCLEFWWKCNPNDDKCCRPKLKCSKLFKLCNISIGK,82, Grammostola rosea that inhibits mechanosensitive channels
B3EWF6 ,MKVLVITALCFILLQNVLGEDTYEDLQNYIENLINENQDEARECVPLENDCTKLKYSNPCCKDEKKKYQYKCSCIVDKTEQCTCQRKETVEKMMKGMKYIKNLGKKIG,108, Lachesana tarabaevi
W0LKM3 ,MKFALVLLGVCAFYLVNATGDLETELEASELQELQEALDLIGETPLESLEAEELEEARKFKWGSFKKILSAGKKLFKKAKKLSKNKNFKKALKFGKQLAQNLQTGEEHEPGTPVGNNKCWAIGTTCSDDCDCCPEHHCHCPAGKWLPGLFRCTCQVTESDKVNKCPPAE,169," Oxyopes takobius with probable antimicrobial, insecticidal, cytolytic and cytotoxic activity"
D2Y214 ,MKVTLIAILTCAAVLALHTTAAEELEAESQLMEVGMPDTELAAVDEERLFECSVSCEIEKEGNKDCKKKKCKGGWECKFNMCVKV,85, Haplopelma hainanum with unknown molecular target
P86719 ,MKFALVLLGFCAFYLVNATGDLETELEASDLQELQEALDLIAETPLESLEAEELEEARKFKFPKINWGKLASKAKDVYKKGQKLAKNKNVKKALKYGKQLAENLAAGEVHEPGTPVGNNKCWAIGTRCTDDCDCCPEHHCHCPAKSWTFGLIPCSCQVTESDKVNKCPPAE,171," Oxyopes takobius with probable antimicrobial, insecticidal, cytolytic and cytotoxic activity"
W0LQ73 ,MKFALVLLGVCAFYLVNATGDLETELEASELQELQEALDLIGETPLESLEAEELEEARKFKWGKLFSAGKKLLKKAKKLSKNKNFKKALKFGKQLANNLQTGEEHEPGTPVGNNKCYAIGTTCSDDCDCCPEHHCHCPAGKWLPGLFRCTCQVTESDKVNKCPPAE,166," Oxyopes takobius with probable antimicrobial, insecticidal, cytolytic and cytotoxic activity"
P0DJA9 ,MKTSVVFVIAGLALLSVACYASELKEQSSINEVLSTIFHFEQPEERDCLGFMRKCIPDNDKCCRPNLVCSRTHKWCKYVFGK,82, Grammostola rosea which inhibits voltage-gated calcium channels
M5AWU2 ,MKTSVVFIAGLALLSVACYASELKEQSSINEVLSTIFHFEQPEERDCLGFMRKCIPDNDKCCRPNLVCSRTHKWCKYVFGK,81, Grammostola rosea which inhibits voltage-gated calcium channels
D2Y237 ,MKSIVFVALFGLALLAVVCSASEDAHKELLKEVVRAMVVDKTDAVQAEERECRWYLGGCSQDGDCCKHLQCHSNYEWCVWDGTFSK,86, Haplopelma hainanum that inhibits insect voltage-gated calcium channels
D2Y239 ,MKSIVFVALLGLALLAVVCSASEDAHKELLKEVVRAMVVDKTDAVQAEERECRWYLGGCSQDGDCCKHLQCHSNYEWCVWDGTFSK,86, Haplopelma hainanum that inhibits insect voltage-gated calcium channels
D2Y2L7 ,MKSIVFVALFGLALLALVCSASEDAHKELLKEVVGAMVVDTTDAVQAEERECRWYLGGCSQDGDCCKHLQCHSNYEWCVWDGTFSK,86, Haplopelma hainanum that inhibits insect voltage-gated calcium channels
D2Y235 ,MKASMFLALAGLALLFVVCYASESEEKEFSNELLSSVLAVDDNSKGEERECLGFGKGCNPSSDQCCKSSNLVCSRKHRWCKYEIGK,86, Haplopelma hainanum that inhibits voltage-gated sodium channels
P86717 ,MKFALVLLGICAFYLVNATGDLETELEASELQELQEALDLIGETSLESLEAEELEEARKFKWGKLFSAAKKLYKKGKKLSKNKNFKKALKFGKQLAKNLQAGEEHEPGTPVGNNKCWAIGTTCSDDCDCCPEHHCHCPAGKWLPGLFRCTCQVTESDKVNKCPPAE,166," Oxyopes takobius with probable antimicrobial, insecticidal, cytolytic and cytotoxic activity"
D2Y2F0 ,MKSIVFVALFGLALLAVVCSASEDAHKELLKEVVRAMVVDKTDAVQAGERECRWYLGGCSQDGDCCKHLQCHSNYEWCIWDGTFSK,86, Haplopelma hainanum that inhibits insect voltage-gated calcium channels
D2Y2E8 ,MKSIVFVALFGLALLAVVCSASEDAHKELLKEVVRAVVVDKTDAVQAEERECRWYLGGCSQDGDCCKHLQCHSNYEWCIWDGTFSK,86, Haplopelma hainanum that inhibits insect voltage-gated calcium channels
D2Y2E9 ,MKSIVFVALFGLALLAVACSASEDAHKELLKEVVRAMVVDKTDAVQAEERECRWYLGGCSQDGDCCKHLQCHSNYEWCIWDGTFSK,86, Haplopelma hainanum that inhibits insect voltage-gated calcium channels
D2Y2J1 ,MKVTLIAILTCAAVLVLHTTAAEELEAESQLMEVGMPDTELAAVDEERLFECSVSCEIGKEGNKDCKKKKCKGGWKCKFNMCVKV,85, Haplopelma hainanum with unknown molecular target
D2Y2F1 ,MKSIVFVALFGLALLAVVCSASEDAHKELLKEVVRAMVVDKTDAVQAEERECRWYLGGCSQDGDCCKHLQCHSNYEWCIWDGTSSK,86, Haplopelma hainanum that inhibits insect voltage-gated calcium channels
D2Y2K2 ,MKVTLIAILTCAAVLVLHTTAAEELEAESQLMEVGMPDTELAAVDEERLFECSVSCEIEKEGNKDCKKKKCKGGWKCKSNICVKV,85, Haplopelma hainanum with unknown molecular target
W0LKC6 ,MKFALVLLGVCAFYLVNATGDLETELEASELQELQEALDLIGETPLESLEAEELEEARKFKLPKINWGKVASKAKDLYKKGEKLAKNKNVKKALKYGKQLAENLAAGEVHEPGTPVGNNKCWAIGTRCTDDCDCCPEHHCHCPAKSWTFGLIPCSCQVTESDKVNKCPPAE,171," Oxyopes takobius with probable antimicrobial, insecticidal, cytolytic and cytotoxic activity"
M5AWS0 ,MRTSVLAAILGLALFAVLCSGSELQEKDLKETLLSAIMETALEAEPEERECRYLFGGCETTADCCKHLGCKFRDKYCAWDFTFSK,85, Grammostola rosea that inhibits voltage-gated potassium and calcium channels
D2Y200 ,MKASMFLALAGLVLLFVVGYASESEEKEFPRELLSKIFAVDDFKGEERGCKGFGDSCTPGKNECCPNYACSSKHKWCKVLLGK,83, Haplopelma hainanum that inhibits voltage-gated sodium channels
P0DM68 ,MKASLFAVIFGLVVLCACSFAEDQFASPNELLKSMFVESTHELTPEVEGRYCQKWMWTCDAERKCCEDMACELWCKKRLG,80, Selenotholus plumipes
D2Y2J9 ,MKMTLIAIPTCAAVLVLHTTAAEELEAESQLMEVGMPDTELEAVDGERLFECSVSCEIEKEGNRDCKKKKCKGGWKCKFNMCVKV,85, Haplopelma hainanum with unknown molecular target
D2Y2L5 ,MKSIVFVALFGLALLAVVCSASEDAHKELLKEVVRAMVVDKTDAVQAEERECRWYLGECSQDGDCCKHLQCHSNYEWCIWDGTFSK,86, Haplopelma hainanum that inhibits insect voltage-gated calcium channels
P0DJ82 ,MGIARILSAVLFLSVLFVVTFPALLSADHHDGRIDTCRLPSDRGRCKASFECWYFNGRTCAKFIYGGCGGNGNKFPTQEACMKRCAKA,88, Haplopelma schmidti that presumably inhibits serine proteases and voltage-gated potassium channels
H7CEK4 ,MKAFFVILGLALLCAYSFALEEQDHLSLRNDLLTVMFAENSELTPETEERYCQKWMWTCDSERKCCEDMVCELWCKKRLW,80, Grammostola rosea that inhibits voltage-gated sodium channels
D2Y1Y8 ,MKASMFLALAGLVLLFVVGYASESEEKEFPIELLSKIFAVDVFKGEERGCKGFGDSCTPGKNECCPNPACSNKHKWCKVYLGK,83, Haplopelma hainanum that inhibits voltage-gated sodium channels
M5AYC3 ,MKTFTIFVISGLALLSVVCYASEIKEQSSINEVLSAIFHLEQPQERDCLGWFKGCDPDNDKCCEGYKCNRRDKWCKYKLWK,81, Grammostola rosea that blocks voltage-gated potassium channels
M5AYA3 ,MKTSVFAAILGLALFAVLCSGSELQEKDLKETLLSAIMETALEAQPEERECRYLFGGCKTTSDCCKHLGCKFRDKYCAWDFTFSK,85, Grammostola rosea that inhibits voltage-gated potassium and calcium channels
P0DJ84 ,MGIARILSAVLFLSVLFVVTFPTLLSADHHDGRIDTCRLPSDRGRCKASFERWYFNGTTCTKFVYGGYGGNDNRFPTEKACMKRCAKA,88, Haplopelma schmidti that presumably inhibits serine proteases and voltage-gated potassium channels
D2Y1Y7 ,MKASMFLALAGLVLLFVVGYASESEEKEFPIELLSKIFAVDVFKGEERGCKGFGDSCTPGKNECCPDHACSNKHKWCKVYLGK,83, Haplopelma hainanum that inhibits voltage-gated sodium channels
D2Y238 ,MKSIVFVALFGLALLAVVCSASEDAHKELLKEVVRAMVVDKTDAVQAEERKCRWYLGGCSQDGDCCKHLQCHSNYEWCVWDGTFSK,86, Haplopelma hainanum that inhibits insect voltage-gated calcium channels
D2Y2J4 ,MKVTLIAILTCAAVLVLHTTAAEELEAESQLVEVGMPDTELAAVDEERFFECSVSCEIEKEGNKDCKKKKCKGGWKCKFNMCVKV,85, Haplopelma hainanum with unknown molecular target
D2Y202 ,MKASMFLALAGLVLLFVVGYASESEEKEFPIELLSKIFAVDVFKGEERGCRGFGDSCTPGKNECCPNHACSNKHKWCKVYLGK,83, Haplopelma hainanum that inhibits voltage-gated sodium channels
H7CEK9 ,MKTSVVFVIAGLALLSVVCYASELKEQSSINEVLSTIFHFEQPEERGCLEFWWKCNPNDDKCCRPKLKCNKLFKLCNISIGK,82, Grammostola rosea that inhibits mechanosensitive channels
MG916688,MKLQDTEQALLENNSAAEEESRNLRTKRCAKKRDWCEKTENCCCPMKCIYAWYNGQSSCDYTISKLWTTCPK,72, Macrothele raveni
