Definition,Sequence,Lenth
δ-theraphotoxin-Cg1a_1,MKTSILFVIFSLALLFALSAATEIEETDRACGQFWWKCGEGKPPCCANFACKIGLYLCIWSP,62
δ-theraphotoxin-Cg1a_2,MKTSILFVIFSLALLFALSAATEIEETDRACGQFWWKCGEGKPPCCANFACKIGLYLCIWSP,62
δ-theraphotoxin-Cg1a_3,MKTSILFVIFSLALVFALSPATEIEETDRACGQFWWKCGEGKPPCCANFACKIGLYLCIWSP,62
μ-agatoxin-Ao1b,MKAIIFFCFLSVMVFIVAEASSLEALKIFEGERECVGENGHCRSWYNDCCDGYYCSCMQPPNCICRNNNG,70
μ-agatoxin-Ao1a,MKAIIFFCFLSVMVFIVAEASSLEALKIFEGERDCVGENGRCRDWYNDCCDGFYCSCRQPPYCICRNNNG,70
mu-segestritoxin-Sf1a,KECMTDGTVCYIHNHNDCCGSCLCSNGPIARPWEMMVGNCMCGPKA,46
mu-segestritoxin-Sf1b,KECMADETVCYIHNHNNCCGSCLCLNGPYARPWEMLVGNCKCGPKE,46
mu-segestritoxin-Sf1c,KECMVDGTVCYIHNHNDCCGSCLCLNGPIARPWEMMVGNCKCGPKA,46
mu-segestritoxin-Sf1d,KECMVDGTVCYIHNHNDCCGSCLCLNGPIARPWKMMVGNCKCGPKA,46
mu-segestritoxin-Sf1e,KECMVDGTVCYIHNHNDCCGSCLCPNGPLARPWEMLVGNCKCGPKA,46
mu-segestritoxin-Sf1f,KECMTDETVCYIHNHNDCCGSCLCLNGPIARPWEMMVGNCKCGPKA,46
mu-segestritoxin-Sf1g,KECMADGTVCYIHNHNDCCGSCLCPNGPLARPWEVLVGNCKCGPKA,46
mu-segestritoxin-Sf1h,KECMADGTVCYIHNHNDCCGSCLCPNGPLARPWEMLVGNCKCGPKA,46
mu-segestritoxin-Sf1i,AECMVDETVCYIHNHNNC,18
δ-ctenitoxin-Pn1a_2,MKVAIVFLSLLVLAFASESIEENREEFPVEESARCGDINAACKEDCDCCGYTTACDCYWSKSCKCREAAIVIYTAPKKKLTC,82
δ-ctenitoxin-Pn1a_1,CGDINAACKEDCDCCGYTTACDCYWSKSCKCREAAIVIYTAPKKKLTC,48
μ-agatoxin-Hc1a,SCVGEYGRCRSAYEDCCDGYYCNCSQPPYCLCRNNN,36
μ-agatoxin-Hc1b,ADCVGDGQRCADWAGPYCCSGYYCSCRSMPYCRCRSDS,38
μ-agatoxin-Hc1c,ADCVGDGQKCADWFGPYCCSGYYCSCRSMPYCRCRSDS,38
δ-Amaurobitoxin-Pl1a,GCLGEGEKCADWSGPSCCDGFYCSCRSMPYCRCRNNS,37
δ-Amaurobitoxin-Pl1b,ACVGDGQRCASWSGPYCCDGYYCSCRSMPYCRCRNNS,37
δ-Amaurobitoxin-Pl1c,ADCLNEGDWCADWSGPSCCGEMWCSCPGFGKCRCKK,36
δ-Amaurobitoxin-Pl1d,ACATKNQRCASWAGPYCCDGFYCSCRSYPGCMCRPNS,37
δ-hexatoxin-Ar1a,CAKKRNWCGKNEDCCCPMKCIYAWYNQQGSCQTTITGLFKKC,42
δ-hexatoxin-Ar1a_7 ,MKVIAALYVLFFLKIALGDFSEGNKNDLVESLPEKLSEADIPVLKKLEAIEDPLLEKVFMQHAEEDRNARPKRCAKKRNWCGKNEDCCCPMKCIYAWYNQQGSCQTTITGLFKKC,115
δ-hexatoxin-Ar1a_2 ,MKVIAALYVLFFLKIALGDFSEGNENDLVESLPEKLSEADIPVLKKLEAIEDPLLEKVFLQHAEEDRNARPKRCAKKRNWCGKNEDCCCPMKCIYAWYNQQGSCQTTITGLFKKC,115
δ-hexatoxin-Ar1a_3 ,MKVIAALYVLFFLTIVLGDFSEGNENDLVEIMESLPEKLSEADIPVLKKLEAIEDALLVKDSLPHAEEDRSARPKRCAKKRNWCGKNEDCCCPMKCIYAWYNQQGSCQTTITGLFKKC,118
δ-hexatoxin-Ar1a_4 ,MKVIAALYVLFFLTIVLGDFSEGNENDLVEIMESLPEKLSEADIPVLKKLEAIEDALLVKDSLPHAEEDRSARPKRCAKKRNWCGKNEDCCCPMKCIYAWYNQQGSCQTTITGLFKKC,118
δ-hexatoxin-Ar1a_5 ,MKVIAALYVLFFVTIALGDFSEGNENDLVEIMESLPEKLSEADIPVLKKLEAIEDALLVKDSLPHAEEDRSARPKRCAKKRNWCGKNEDCCCPMKCIYAWYNQQGSCQTTITGLFKKC,118
δ-hexatoxin-Ar1a_6 ,MKVIAALYVLFFVTIALGDFSEGNENDLVEIMESLPEKLSEADIPVLKKLEAIEDALLVKDSLPHAEEDRSARPKRCAKKRNWCGKNEDCCCPMKCIYAWYNQQGSCQTTITGLFKKC,118
δ-hexatoxin-Ar1a_8 ,MKVIAALYVLFFLKIALGDFSEGNENDLVESLPEKLSEADIPVLRKLEAIEDPLLEKVFLQHAEEDRNARPKRCAKKRNWCGKNEDCCCPMKCIYAWYNQQGSCQTTITGLFKKC,115
δ-hexatoxin-Ar1a_9 ,MKVIAALYVLFSLKIALGDFSEGNENDLVESLPEKLSEADIPVLKKLEAIEDPLLEKVFLQHAEEDRNARPKRCAKKRNWCGKNEDCCCPMKCIYAWYNQQGSCQTTITGLFKKC,115
δ-hexatoxin-Ar1a_10 ,MKVIAALYVLFFVTIALGDFSEGNENDLVEIMESLPEKLSEADIPVLKKLEAIEDALLVKDSLPHAEEDRSARPKRCAKKRNWCGKNEDCCCPMKCIYAWYNQQGSCQTTITGLFKKC,118
δ-hexatoxin-Ar1a_11 ,MKVIAALYVLFFLKIALGDFSEGNKNDLVESLPEKLSEADIPVLKKLEAIEDPLLEKVFMQHAEEDRNARPKRCAKKRNWCGKNEDCCCPMKCIYAWYNQQGSCQTTITGLFKKC,115
δ-hexatoxin-Ar1a_12 ,MKVIAALYVLFFLKIALGDFSEGNENDLVESLPEKLSEADIPVLKKLEAIEDPLLEKVFLQHAEEDRNARPKRCAKKRNWCGKNEDCCCPMKCIYAWYNQQGSCQTTITGLFKKC,115
δ-hexatoxin-Ar1a_13 ,MKVIAALYVLFFVTIALGDFSEGNENDLVEIMESLPEKLSEADIPVLKKLEAIEDALLVKDSLPHAEEDRSARPKRCAKKRNWCGKNEDCCCPMKCIYAWYNQQGSCQTTITGLFKKC,118
δ-hexatoxin-Ar1a_14 ,MKVIAALYVLFFVTIALGDFSEGNENDLVEIMESLPEKLSEADIPVLKKLEAIEDALLVKDSLPHAEEDRSARPKRCAKKRNWCGKNEDCCCPMKCIYAWYNQQGSCQTTITGLFKKC,118
δ-hexatoxin-Ar1a_15 ,MKVIAALYVLFFVTIALGDFSEGNENDLVEIMESLPEKLSEADIPVLKKLEAIEDALLVKDSLPHAEEDRSARPKRCAKKRNWCGKNEDCCCPMKCIYAWYNQQGSCQTTITGLFKKC,118
δ-hexatoxin-Ar1a_16 ,MKVIAALYVLFFLKIALGDFSEGNKNDLVESLPEKLSEADIPVLKKLEAIEDPLLEKVFMQHAEEDRNARPKRCAKKRNWCGKNEDCCCPMKCIYAWYNQQGSCQTTITGLFKKC,115
δ-hexatoxin-Ar1a_17 ,MKVIAALYVLFFLKIALGDFSEGNENDLVESLPEKLSEADIPVLKKLEAIEDPLLEKVFLQHAEEDRNARPKRCAKKRNWCGKNEDCCCPMKCIYAWYNQQGSCQTTITGLFKKC,115
δ-hexatoxin-Ar1a_18 ,MKVIAALYVLFFLKIALGDFSEGNKNDLVESLPEKLSEADIPVLKKLEAIEDPLLEKVFMQHAEEDRNARPKRCAKKRNWCGKNEDCCCPMKCIYAWYNQQGSCQTTITGLFKKC,115
δ-hexatoxin-Ar1a_19 ,MKVIAALYVLFFLKIALGDFSEGNKNDLVESLPEKLSEADIPVLKKLEAIEDPLLEKVFIQHAEEDRNARPKRCAKKRNWCGKNEDCCCPMKCIYAWYNQQGSCQTTITGLFKKC,115
δ-hexatoxin-Ar1a_20 ,MKVIAALYVLFFVTIALGDFSEGNENDLVEIMESLPEKLSEADIPVLKKLEAIEDALLVKDSLPHAEEDRSARPKRCAKKRNWCGKNEDCCCPMKCIYAWYNQQGSCQTTITGLFKKC,118
δ-hexatoxin-Ar1a_21 ,MKVIAALYVLFFLKIALGDFSEGNKNDLVESLPEKLSEADIPVLKKLEAIEDPLLEKVFMQHAEEDRNARPKRCAKKRNWCGKNEDCCCPMKCIYAWYNQQGSCQTTITGLFKKC,115
δ-hexatoxin-Ar1a_22 ,MKITAALYVLFFLKIALGDFSEGNENDLVESLPEKLSEADIPVLKKLEAIEDPLLEKVFLQHAEEDRNARPKRCAKKRNWCGKNEDCCCPMKCIYAWYNQQGSCQTTITGLFKKC,115
δ-hexatoxin-Ar1a_23 ,MKITAALYVLFFLKIALGDFSEGNKNDLVESLPEKLSEADIPVLKKLEAIEDPLLEKVFLQHAEEDRNARPKRCAKKRNWCGKNEDCCCPMKCIYAWYNQQGSCQTTITGLFKKC,115
δ-hexatoxin-Ar1a_24 ,MKITAALYVLFFLKIALGDFSEGNENDLVESLPEKLSEADIPVLKKLEAIEDPLLEKVFLQHAEEDRNARPKRCAKKRNWCGKNEDCCCPMKCIYAWYNQQGSCQTTITGLFKKC,115
δ-hexatoxin-Ar1a_25 ,MKITAALYVLFFLKIALGDFSEGNENDLVESLPEKLSEADIPVLKKLEAIEDPLLEKVFLQHAEADRNARPKRCAKKRNWCGKNEDCCCPMKCIYAWYNQQGSCQTTITGLFKKC,115
δ-hexatoxin-Ar1a_26 ,MKITAALYVLFFLKIALGDFSEGNKNDLVESLPEKLSEADIPVLKKLEAIEDPLLEKVFMQHAEEDRNARPKRCAKKRNWCGKNEDCCCPMKCIYAWYNQQGSCQTTITGLFKKC,115
δ-hexatoxin-Ar1a_27 ,MKITAALYVLFFLKIALGDFSEGNKNDLVESLPEKLSEADIPVLKKLEAIEDPLLEKVFMQHAEEDRNARPKRCAKKRNWCGKNEDCCCPMKCIYAWYNQQGSCQTTITGLFKKC,115
δ-hexatoxin-Ar1a_28 ,MKITAALYVLFFLKIALGDFSEGNENDLVESLPEKLSEADIPVLKKLEAIEDPLLEKVFLQHAEEDRNARPKRCAKKRNWCGKNEDCCCPMKCIYAWYNQQGSCQTTITGLFKKC,115
δ-hexatoxin-Ar1a_29 ,MKITAALYVLFFLKIALGDFSEGNENDLVESLPEKLSEADIPVLKKLEAIEDPLLEKVFLQHAEEDRNARPKRCAKKRNWCGKNEDCCCPMKCIYAWYNQQGSCQTTITGLFKKC,115
δ-hexatoxin-Ar1a_30 ,MKVIAALYVLFFLKNALGDFSEGNENDLVESLPEKLSEADIPVLKKLEAIEDPLLEKVFLQHAEEDRNARPKRCAKKRNWCGKNEDCCCPMKCIYAWYNQQVSCQTTITGLFKKC,115
δ-hexatoxin-Iw1a,CAKKRNWCGKNEDCCCPMKCIYAWYNQQGSCQSTITGLFKKC,42
δ-hexatoxin-Iw1a_2 ,MKTIAALYVLFFLTIALGDFSEGNENDLVEIMESLPEKLSEADIPVLKKLEAIEDALLEKASLPHAEEDRNARPKRCAKKRNWCGKNEDCCCPMKCIYAWYNQQGSCQSTITGLFKKC,118
δ-hexatoxin-Iw1a_3 ,MKTIAALYVLFFLTIALGDFSEGNENDLVEIMESLPEKLSEADIPVLKKLEAIEDALLEKASLPHAEEDRNARPKRCAKKRNWCGKNEDCCCPMKCIYAWYNQQGSCQSTITGLFKKC,118
δ-hexatoxin-Iw1a_4 ,LEKASLPHAKEDRNARPXRCAKKRNWCGKNEDCCCPMKCIYAWYNQQGSCQSTITGLFKKC,61
δ-hexatoxin-Hv1a,CAKKRNWCGKTEDCCCPMKCVYAWYNEQGSCQSTISALWKKC,42
δ-hexatoxin-Hv1a_2 ,MKITAALYVLFFLTIALGDFTEGNENDLVENLRAELSEADIPLLKKLEAAEDALLEKDFLSHAEEDRSARPKRCAKKRNWCGKTEDCCCPMKCVYAWYNEQGSCQSTISALWKKC,115
δ-hexatoxin-Hv1a_3 ,MKITAALYVLFFLTIALGDFTEGNENDLVENLRAELSEADIPLLKKLEAAEDALLEKDFLSHAEEDRSARPKRCAKKRNWCGKTEDCCCPMKCVYAWYNEQGSCQSTISALWKKC,115
δ-hexatoxin-Hv1a_4 ,MKITAALYVLFFLTIALGDFTEGNENDLVENLRAELSEADIPLLKKLEAAEDALLEKDFLSHAEEDRSARPKRCAKKRNWCGKTEDCCCPMKCVYAWYNEQGSCQSTISALWKKC,115
δ-hexatoxin-Hv1a_5 ,MKITAALYVLFFLTIALGDFTEGNENDLVENLRAELSEADIPLLKKLEAAEDALLEKDFLSHAEEDRSARPKRCAKKRNWCGKTEDCCCPMKCVYAWYNEQGSCQSTISALWKKC,115
δ-hexatoxin-Hv1a_6 ,MKITAALYVLFFLTIALGDFTEGNENDLVENLRAELSEADIPLLKKLEAAEDVLLEKDFLSHAEEDRSARPKRCAKKRNWCGKTEDCCCPMKCVYAWYNEQGSCQSTISALWKKC,115
δ-hexatoxin-Hv1a_7 ,MKIPAALYVLFFLTIALGDFTEGNENDLVENLRAELSEADIPLLKKLEAAEDALLEKDFLSHAEEDRSARPKRCAKKRNWCGKTEDCCCPMKCVYAWYNEQGSCQSTISALWKKC,115
δ-hexatoxin-Hv1a_8 ,MKITAALYVLFFLTIALGDFTEGNENDLVENLRAELSEADIPLLKKLEAAEDALLEKDFLSHAEEDRSARPKRCAKKRNWCGKTEDCCCPMKCVYAWYNEQGSCQSTISALWKKC,115
δ-hexatoxin-Hv1a_9 ,MKITAALYVLFFLTIALGDFTEGNENDLVENLRAELSEADIPLLKKLEAAEDALLEKDFLSHAEEDRSARPKRCAKKRNWCGKTEDCCCPMKCVYAWYNEQGSCQSTISALWKKC,115
δ-hexatoxin-Hv1a_10 ,MKITAALYVLFFLTIALGDFTEGNENDLVENLRAELSEADIPLLKKLEAAEDALLEKDFLSHAEEDRSARPKRCAKKRNWCGKTEDCCCPMKCVYAWYNEQGSCQSTISALWKKC,115
δ-hexatoxin-Hv1a_11 ,MKIPAALYVLFFLTIALGDFTEGNENDLVENLRAELSEADIPLLKKLEAAEDALLEKDFLSHAEEDRSARPKRCAKKRNWCGKTEDCCCPMKCVYAWYNEQGSCQSTISALWKKC,115
δ-hexatoxin-Hv1a_12 ,MKIPAALYVLFFLTIALGDFTEGNENDLVENLRAELSEADIPLLKKLEAAEDALLEKDFLSHAEEDRSARPKRCAKKRNWCGKTEDCCCPMKCVYAWYNEQGSCQSTISALWKKC,115
δ-hexatoxin-Hv1a_13 ,MKITAALYVLFFLTIALGDFTEGNENDLVENLRAELSEADIPLLKKLEAAEDALLEKDFLSHAEEDRSARPKRCAKKRNWCGKTEDCCCPMKCVYAWYNEQGSCQSTISALWKKC,115
δ-hexatoxin-Hv1a_14 ,MKIPAALYVLFFLTIALGDFTEGNENDLVENLRAELSEADIPLLKKLEAAEDALLENDFLPHAEEDRSARPKRCAKKRNWCGKTEDCCCPMKCVYAXYNEQGSCQSTISALWKKC,115
U2-theraphotoxin-Hs1a,MVNMKASMFLTFAGLVLLFVVCYASESEEKEFPKEMLSSIFAVDNDFKQEERDCAGYMRECKEKLCCSGYVCSSRWKWCVLPAPWRR,87
μ-theraphotoxin-Hhn2b_1,ECKGFGKSCVPGKNECCSGYACNSRDKWCKVLL,33
μ-theraphotoxin-Hhn2b_2,MKASMFLALAGLVLLFVVCYASESEEKEFPRELISKIFAVDDFKGEERECKGFGKSCVPGKNECCSGYACNSRDKWCKVLLGK,83
μ-theraphotoxin-Hhn2b_3,MKASMFLALAGLVLLFVVCYASESEEKEFPRELISKIFTVDDFKGEERECKGFGKSCVPGKNECCSGYACNSRDKWCKVLLGK,83
μ-theraphotoxin-Hhn2b_4,MKASMFLALAGLVLLFVVCYASESEEKEFPRELISKIFAVDDFKGEVRECKGFGKSCVPGKNECCSGYACNSRDKWCKVLLGK,83
μ-diguetoxin-Dc1b,AKDGDVKGPAGCMKYKSGDCRGKTCCDQQYLWYKWRNLACRCFTVEVFKKDCWCNDIS,58
μ-diguetoxin-Dc1c,AKDGDFEGPPGCLKMGELCKGGTCCTKVYKYWKWRKLECLGKNDGWFKKKFICDEPCNPXX,61
μ-diguetoxin-Dc1a,MKVFVVLLCLSLAAVYALEERLDKDADIMLDSPADMERAKDGDVEGPAGCKKYDVECDSGECCQKQYLWYKWRPLDCRCLKSGFFSSKCVCRDV,94
μ-agatoxin-Aa1a,ECVPENGHCRDWYDECCEGFYCSCRQPPKCICRNNN,36
μ-hexatoxin-Mg1b,CMGYDIHCTDRLPCCFGLECVKTSGYWWYKKTYCRRKS,38
μ-agatoxin-Aa1b,ECATKNKRCADWAGPWCCDGLYCSCRSYPGCMCRPSS,37
μ-hexatoxin-Mg1a,MMTLSPFLLLLIAAVVIGNASEGEVKNEFEERLKDEFKDPSRSEVAEVILLRELEVLEETLFGKEMTSDTEENRNSREKRCMGYDIECNENLPCCKHRKLECVETSGYWWYKRKYCRPIKG,121
μ-agatoxin-Aa1c,ADCVGDGQRCADWAGPYCCSGYYCSCRSMPYCRCRSDS,38
μ-hexatoxin-Mg2a,GGCIKWNHSCQTTTLKCCGKCVVCYCHTPWGTNCRCDRTRLFCTED,46
μ-agatoxin-Aa1d,ACVGENQQCADWAGPHCCDGYYCTCRYFPKCICRNNN,37
δ-hexatoxin-Mg1a,MKTLVIACVALVLVVVHGEVIEEVNEKQLQESVEEKYSLLQRLEKLDEAITAEENRNSRVRRCGSKRAWCKEKKDCCCGYNCVYAWYNQQSSCERKWKYLFTGEC,105
δ-hexatoxin-Mg1a_2 ,MKTLVIACVALVLVVVHGEVIEEVNEKQLQESVEEKYSLLQRLEKLDEAITAEENRNSRVRRCGSKRAWCKEKKDCCCGYNCVYAWYNQQSSCERKWKYLFTGEC,105
μ-agatoxin-Aa1e,ACVGENKQCADWAGPHCCDGYYCTCRYFPKCICRNNN,37
μ-agatoxin-Aa1f,DCVGESQQCADWAGPHCCDGYYCTCRYFPKCICVNNN,37
mu-cyrtautoxin-As1a,CNSKGTPCTNADECCGGKCAYNVWNCIGGGCSKTCGY,37
μ-hexatoxin-Mg1c,TSQGTTPDKVQLEVNCISNLPNNEVEETDLLRELEMIEENLFGKELSFVPEENRNSRHKRCMGYDIECNERLHCCADLECVKTSGRWWYKKTYCRRKSG,99
mu-segestritoxin-Ssp1a ,KECKPDGEQCGITDHNDCCNACVCPDGPFMRPWNMMLQRCSCGPKP,46
mu-segestritoxin-Ssp1b ,KECKPDGEQCGITDHNDCCNSCVCPGGPYMRPWDMMLQRCKCGPKE,46
mu-segestritoxin-Ssp1l ,KECKPDGEQCGITDHNDYCNACVCPDGPFMRPWNMMLQRCSCGPKP,46
δ-hexatoxin-Hi1a_1 ,MKVIATLYGLLFLTVVLGDITEGNENDLVENFREELSEADIPLLKKLEAIEDALLEKDFLPYEEEDRNARPKRCAKVRNWCAKNEDCCCPMKCIGAWYNQQSSCQSTFMGMFKKC,115
δ-hexatoxin-Hi1a_2 ,MKVIATLYGLLFLTVVLGDITEGNENDLVENFREELSEADIPLLKKLEAIEDALLEKDFLPYEEEDRNARPKRCAKVRNWCAKNEDCCCPMKCIGAWYNQQSSCQSTFMGMFKKC,115
δ-hexatoxin-Hi1a_3 ,MKVIATLYGLLFLTVVLGDITEGNENDLVENFREELSEADIPLLKKLEAIEDALLEKDFLPYEEEDRNARPKRCAKVRNWCAKNEDCCCPMKCIGAWYNQQSSCQSTFMGMFKKC,115
δ-hexatoxin-Hi1a_4 ,MKVIATLYGLLFLTVVLGDITEGNENDLVENFREELSEADIPLLKKLEAIEDALLEKDFLPYEEEDRNARPKRCAKVRNWCAKNEDCCCPMKCIGAWYNQQSSCQSTFMGMFKKC,115
δ-hexatoxin-Hi1a_5 ,MKIPAALYVLFFLTIVLGDFTGGNEDDLVENFREELSEADIPLLKKLEAIEDALLEKDFLPYEEEDRNARPKRCAKVRNWCAKNEDCCCPMKCIGAWYNQQSSCQSTFMGMFKKC,115
δ-hexatoxin-Hi1a_6 ,MKVIATLYGLLFLTVVLGDITEGNENDLVENFREELSEADIPLLKKLEAIEDALLEKDFLPYEEEDRNARPKRCAKVRNWCAKNEDCCCPMKCIGAWYNQQSSCQSTFMGMFKKC,115
δ-hexatoxin-Hi1a_7 ,MKVIATLYGLLFLTVVLGDITEGNENDLVENFREELSEADIPLLKKLEAIEDALLEKDFLPYEEEDRNARPKRCAKVRNWCAKNEDCCCPMKCIGAWYNQQSSCQSTFMGMFKKC,115
δ-hexatoxin-Hi1a_8 ,MKVIATLYGLLFLTVVLGDITEGNENDLVENFREELSEADIPLLKKLEAIEDALLEKDFLPYEEEDRNARPKRCAKVRNWCAKNEDCCCPMKCIGAWYNQQSSCQSTFMGMFKKC,115
δ-hexatoxin-Hi1a_9 ,MKVIATLYGLLFLTVVLGDITEGNENDLVENFREELSEADIPLLKKLEAIEDALLEKDFLPYEEEDRNARPKRCAKVRNWCAKNEDCCCPMKCIGAWYNQQSSCQSTFMGMFKKC,115
δ-hexatoxin-Hi1a_10 ,MKVIATLYGLLFLTVVLGDITEGNENDLVENFREELSEADIPLLKKLEAIEDALLEKDFLPYEEEDRNARPKRCAKVRNWCAKNEDCCCPMKCIGAWYNQQSSCQSTFMGMFKKC,115
δ-hexatoxin-Hi1a_13 ,MKVIATLYGLLFLTVVLGDITEGNENDLVENFREELSEADIPLLKKLEAIEDALLEKDFLPYEEEDRNARPKRCAKVRNWCAKNEDCCCPMKCIGAWYNQQSSCQSTFMGMFKKC,115
δ-hexatoxin-Hi1a_14 ,MKVIATLYGLLFLTVVLGDITEGNENDLVENFREELSEADIPLLKKLEAIEDALLEKDFLPYEEEDRNARPKRCAKVRNWCAKNEDCCCPMKCIGAWYNQQSSCQSTFMGMFKKC,115
δ-hexatoxin-Hi1a_15 ,MKVIATLYGLLFLTVVLGDITEGNENDLVENFREELSEADIPLLKKLEAIEDALLEKDFLPYEEEDRNARPKRCAKVRNWCAKNEDCCCPMKCIGAWYNQQSSCQSTFMGMFKKC,115
δ-hexatoxin-Hi1a_16 ,MKVIATLYGLLFLTVVLGDITEGNENDLVENFREELSEADIPLLKKLEAIEDALLEKDFLPYEEEDRNARPKRCAKVRNWCAKNEDCCCPMKCIGAWYNQQSSCQSTFMGMFKKC,115
δ-hexatoxin-Hi1a_17 ,MKVIATLYGLLFLTVVLGDITEGNENDLVENFREELSEADIPLLKKLEAIEDALLEKDFLPYEEEDRNARPKRCAKVRNWCAKNEDCCCPMKCIGAWYNQQSSCQSTFMGMFKKC,115
δ-hexatoxin-Hi1a_11 ,MKVIATLYGLLFLTVVLGDITEGNENDLVENFREELSEADIPLLKKLEAIEDALLEKDFLPYEEEDRNARPKRCAKVRNWCAKNEDCCCPMKCIGAWYNQQSSCQSTFMGMFKKC,115
δ-hexatoxin-Hi1a_12 ,MKVIATLYGLLFLTVVLGDITEGNENDLVENFREELSEADIPLLKKLEAIEDALLEKDFLPYEEEDRNARPKRCAKVRNWCAKNEDCCCPMKCIGAWYNQQSSCQSTFMGMFKKC,115
δ-hexatoxin-Hi1a_18 ,MKVIATLYGLLFLTVVLGDITEGNENDLVENFREELSEADIPLLKKLEAIEDALLEKDFLPYEEEDRNARPKRCAKVRNWCAKNEDCCCPMKCIGAWYNQQSSCQSTFMGMFKKC,115
δ-hexatoxin-Hi1a_19 ,MKVIATLYGLLFLTVVLGDITEGSENDLVENFREELSEADIPLLKKLEAIEDALLEKDFLPYEEEDRNARPKRCAKVRNWCAKNEDCCCPMKCIGAWYNQQSSCQSTFMGMFKKC,115
δ-hexatoxin-Hi1a_20 ,MKVIATLYGLLFLTVVLGDITEGNENDLVENFREELSEADIPLLKKLEAIEDALLEKDFLPYEEEDRNARPKRCAKVRNWCAKNEDCCCPMKCIGAWYNQQSSCQSTFMGMFKKC,115
δ-hexatoxin-Hi1a_21 ,MKVIATLYGLLFLTVVLGDITEGNENDLVENFREELSEADIPLLKKLEAIEDALLEKDFLPYEEEDRNARPKRCAKVRNWCAKNEDCCCPMKCIGAWYNQQSSCQSTFMGMFKKC,115
δ-hexatoxin-Hi1a_22 ,MKVIATLYGLLFLTVVLGDITEGNENDLVENFREELSEADIPLLKKLEAIEDALLEKDFLPYEEEDRNARPKRCAKVRNWCAKNEDCCCPMKCIGAWYNQQSSCQSTFMGMFKKC,115
δ-hexatoxin-Hi1a_23 ,MKVIATLYGLLFLTVVLGDITEGNENDLVENFREELSEADIPLLKKLEAIEDXLLEKDFLPYEEEDRNARPKRCAKVRNWCAKNEDCCCPMKCIGAWYNQQSSCQSTFMGMFKKC,115
δ-hexatoxin-Hi1a_24 ,MKVIATLDGLLVSVQLFLVDITEGNENDLVENFREELSEADIPLLKKLEAIEDALLEKDFLPYEEEDRNARPKRCAKVRNWCAKNEDCCCPMKCIGAWYNQQSSCQSTFMGMFKKC,116
δ-hexatoxin-Hi1a_25 ,MKVIATLYGLLFLTVVLGDITEGNENDLVENFCEELSEADIPLLKKLEAIEDALLEKDFLPYEEEDRNARPKRCAKVRNWCAKNEDCCCPMKCIGAWYNQQSSCQSTFMGMFKKC,115
δ-hexatoxin-Hi1a_26 ,MKVIATLYGLLFLTVVLGDITEGNENDLVENFREELSEADIPLLKKLEAIEDALLEKDFLPYEEEDRNARPKRCAKVRNWCAKNEDCCCPMKCIGAWYNQQSSCQSTFMGMFKKC,115
δ-hexatoxin-Hi1a_27 ,MKVIATLYGLLFLTVVFGDITEGNENDLVENFREELSEADIPLLKKLEAIEDALLEKDFLPYEEEDRNARPKRCAKVRNWCAKNEDCCCPMKCIGAWYNQQSSCQSTFMGMFKKC,115
δ-hexatoxin-Hi1a_28 ,MKIIIALYVLFFLTIALGDITEGNEDDLVENFREELSEADIPLLKKLEAIEDALLEKDFLPYEEEDRNARPKRCAKVRNWCAKNEDCCCPMKCIGAWYNQQSSCQSTFMGMFKKC,115
δ-hexatoxin-Hvn1a_4 ,MKVIATLYGLLFLTVVLGDITEGNGNDLVENLRAELSEADIPLLKKLEAIEDALLEKDFLIHEEEDRNARPKRCAKSRNWCAKTEDCCCPMKCIDAWYNNQASCQSTFMGMFRKC,115
δ-hexatoxin-Hvn1a_3 ,MKVIATLYGLLFLTVVLGDITEGNGNDLVENLRAELSEADIPLLKKLEAIEDALLEKDFLIHEEEDRNARPKRCAKSRNWCAKTEDCCCPMKCIDAWYNNQASCQSTFMGMFRKC,115
δ-hexatoxin-Hvn1a_2 ,MKVIATLYGLLFLTVVLGDITEGNGNDLVENLRAELSEADIPLLKKLEAIEDALLEKDFLIHEEEDRNARPKRCAKSRNWCAKTEDCCCPMKCIDAWYNNQASCQSTFMGMFRKC,115
δ-hexatoxin-Hvn1a_1 ,MKVIASFYGLLFLTVVLGDITEGNGNDLVENLRAELSEADIPLLKKLEAIEDALLEKDFLIHEEEDRNARPKRCAKSRNWCAKTEDCCCPMKCIDAWYNNQASCQSTFMGMFRKC,115
δ-hexatoxin-Hvn1a_5 ,MKVIATLYGLLFLTVVLGDITEGNGNDLVENLRAELSEADIXLLKKLEAIEDALLEKDFLIHEEEDRNARPKRCAKSRNWCAKTEDCCCPMKCIDAWYNNQASCQSTFMGMFRKC,115
δ-hexatoxin-Hvn1a_6 ,MKVIATLYGLLFLTVVLGDITEGNGNDLVENLRAELSEADIXLLKKLEAIEDALLEKDFLIHEEEDRNXRPKRCAKSRNWCAKTEDCCCPMKCIDAWYNNQASCQSTFMGMFRKC,115
δ-hexatoxin-Hvn1b ,MKVIATFYGLLFLTVVLGDITEGNGNDLVENLRAELSEADIPLLKKLEAIEDALLEKDFLIHEEEDRNARPKRCAKSRNWCAKTEDCCCPMKCIDAWYNNQVSCQSTFMGMFRKC,115
δ-hexatoxin-Hva1a_2 ,MKVIAALYVLFFLTIALGDITAGNEDDLVENMRKELSETDIPLLKKRGAIEDAPPECAKNTQTCSIDEDCCCPLKCISIPLLGERRCFFTFKSLFQTCP,99
δ-hexatoxin-Hva1a_1 ,MKVIAALYVLFFLTIALGDITAGNEDDLVENMRKELSETDIPLLKKRGAIEDAPPECAKNTQTCSIDEDCCCPLKCISIPLLGERRCFFTFKSLFQTCP,99
δ-hexatoxin-Ar1b ,MKVIAALYVLFFLTIVLGDFSEGNENDLVEIMESLPEKLPEADIPVLKKLEAIEDALLVKDSLPHAEEDRSARPKRCAKKRNWCGKNEDCCCPMKCIYAWYNQQGSCQTTITGLFKEC,118
δ-hexatoxin-Hv1d ,MKITAALYVLFFLTIALGDFTEGNENDLVENLRAELSEADIPLLKKLEAAEDALLENDFLPHAEEDRSARPKRCAKKRNWCGKTEDCCCPMKCVYAWYNEQGSCQSTISVLWKKC,115
δ-hexatoxin-Hv1c ,MKITAALYVLFFLTIALGDFTEGNENDLVENLRAELSEADIPLLKKLEAAEDALLEKDFLSHAEEDRSARPKRCAKKRNWCGKTEDCCCPMKCVYAWFNEQGSCQSTISALWKKC,115
δ-hexatoxin-Iw1b ,LEKASLPHAEEDRNARPKRCAKKRNWCGKNEDCCCPMKCIYAWYNRQGSCQSTITGLFKKC,61
δ-hexatoxin-Hi1b_1 ,MKITAALYVLFFLTIVLGDFTGGNENDLVENFREELSEADIPLLTKLEAIEDALLENDFLPHEEEDGSTRTKRCASTKVYCEKDKDCCCPMRCVKSYWKGHGVCSASLFERLKGC,115
δ-hexatoxin-Hi1b_2 ,MKITAALYVLFFLTIVLGDFTGGNENDLVENFREELSEADIPLLKKLEAIEDALLENDFLPHEEEDGSTRTKRCASTKVYCEKDKDCCCPMRCVKSYWKGHGVCSASLFERLKGC,115
δ-hexatoxin-Hi1b_3 ,MKITAALYVLFFLTIVLGDFTGGNENDLVENFREELSEADIPLLKKLEAIEDALLENDFLPHEEEDGSTRTKRCASTKVYCEKDKDCCCPMRCVKSYWKGHGVCSASLFERLKGC,115
δ-hexatoxin-Hi1b_4 ,MKITAALYVLFFLTIVLGDFTGGNENDLVENFREELSEADIPLLKKLEAIEDALLENDFLPHEEEDGSTRTKRCASTKVYCEKDKDCCCPMRCVKSYWKGHGVCSASLFERLKGC,115
δ-hexatoxin-Hi1b_5 ,MKITAALYVLFFLTIVLGDFTGGNENDLVENFREELSEADIPLLKKLEAIEDALLENDFLPHEEEDGSTRTKRCASTKVYCEKDKDCCCPMRCVKSYWKGHGVCSASLFERLKGC,115
δ-hexatoxin-Hi1b_6 ,MKIPAALYVLFFLTIVLGDFTGGNENDLVENFREELSEADIPLLKKLEAIEDALLENDFLPHEEEDGSTRTKRCASTKVYCEKDKDCCCPMRCVKSYWKGHGVCSASLFERLKGC,115
δ-hexatoxin-Hi1b_7 ,MKITAALYVLFFLTIVLGDFTGGNENDLVENFREELSEADIPLLKKLEAIEDALLENDFLPHEEEDGSTRTKRCASTKVYCEKDKDCCCPMRCVKSYWKGHGVCSASLFERLKGC,115
δ-hexatoxin-Hi1b_8 ,MKITAALYVLFFLTIVLGDFTGGNENDLVENFREELSEADIPLLKKLEAIEDALLENDFLPHEEEDGSTRTKRCASTKVYCEKDKDCCCPMRCVKSYWKGHGVCSASLFERLKGC,115
δ-hexatoxin-Hi1b_9 ,NDLVENFREELSEADIPLLKKLEAIEDALLENDFLPHEEEDGSTRTKRCASTKVYCEKDKDCCCPMRCVKSYWKGHGVCSASLFERLKGC,90
δ-hexatoxin-Hi1b_10 ,MKIIAALYVLFFLTIVLGDFTGGNENDLVENFREELSEADVPLLKKLEAIEDALLENDFLPHDEEDRSARPKRCASTKVYCEKDKDCCCPMRCVKSYWKGHGVCSASLFERLKGC,115
δ-hexatoxin-Hi1c ,MKITAALYVLFFLTIVLGDFTGGNENDLVENFREELSEADIPLLKKLEAIEDALLENDFLPHEEEDGSTRTKRCASTKVYCEKDKDCCCPMRCVKSYWKGHGVCSTSLFERLKGC,115
δ-hexatoxin-As1a ,MKVIAALYVLFFLTIVLGDFSEGNENDLVEIMESLPEKLSEADIPVLKKLEAIEEALLEKAFLPHAEEDRNARPKRCAKKRNWCGKNEDCCCPMKCIYAWYNQQSSCQSTISGLFKKC,118
δ-hexatoxin-Hmo1a ,MKVIATLYGLLFLTVVLGDITEGNENDLVGNLREELSEADIPLLKKLEAIEDALLEKDFLLHEEEDRNARPKRCAKKRNWCAKTEDCCCPMKCIDAWYNNQASCQSTFMGMFKKC,115
δ-hexatoxin-Hf1a ,MKIIATLYGLLFLTVVLGDITEGNENDLVDNLREELSEADIPLLKKLEAIEDPLLENLPHAEKDGSTRTKRCAKKRNWCGKNEDCCCPMKCIYAWYNQQGSCQSTFMGLFKKC,113
δ-hexatoxin-Hf1b ,MKIITALHVLLFLTIALGDITAGNEDDLVENIRKEVSEADIPLLKKMKAIEDALLKKDFLSHEEDRNARPKRCAKKRAWCGKDADCCCPWKCIGQWYNGQASCQSTFMGLFKSCS,115
δ-hexatoxin-Hf1c ,MKIIAALYVLFFLTIVLGDFPEGNENDLVENFRGELSEADIPLLKKLEATEDALLENDFLPHEEEDGSTRTKRCTSKKVWCGKDADCCCPTRCIHSYFKGHGTCTASLLERLFKSC,116
δ-hexatoxin-Hc1a ,MKIIAALYVLFFLTVALGDFTEGNENDLVENFREELSEADIPLLKKLEEIEDALLEKDFLPHAEEDRSARPKRCAKKRNWCGKTEDCCCPMKCVYAWYNEQGSCQSTISALWKKC,115
δ-hexatoxin-Hc1b ,MKIITALYVLFFLTIALGDITEGNENDQVGGLREELSEADIPLLKKLEAIEDAHLEKDFLPHEEEDRNARPKRCAKKRAWCGKNEDCCCPWKCIGQWYNNQASCQSTFMGLFKSC,115
δ-hexatoxin-Hva1b_1 ,MKVIAALYVLFFLTLALGDIPEGNENDLVENFREELSEADIPLLKKLEAIEDALLEKDSLPYEEEDGSTRTKRCANTKVWCSKDEDCCCPRRCVQSLSKRHGTCHASLIERLIGC,115
δ-hexatoxin-Hva1c_1 ,MKVIATLYGLLFLTVVLGDITEGNENDLVENFREELSEADIPLLKKLEALEDALLEKDFLPYEEEDRNARPKRCAKKRNWCAKNEDCCCPMKCIGAWYNQQSSCQSTFMGMFKKC,115
δ-hexatoxin-Ar1c ,MKVIAALYVLFFLKNALGDFSEGNENDLVESLPEKLSEADIPVLKKLEAIEDPLLEKVFLQHAEEDRNARPKRCAKKRNWCGKNEDCCCPMKCIYAWYNQQVSCQTTITGLFKKC,115
δ-hexatoxin-Hi1d_1,MKIIIALYVLFFLTIALGDITEGNEDDLVENFRKELSEADIPLLKKMEAIEDAFLEKGFLPHEEDRNARPKRCAKKRAWCGKEGDCCCPWKCIGQWYNGQASCQSTFMGLFKSC,114
δ-hexatoxin-Hi1d_2,MKIIIALYVLFFLTIALGDITEGNEDDLVENFRKELSEADIPLLKKMEAIEDAFLEKGFLPHEEDRNARPKRCAKKRAWCGKEGDCCCPWKCIGQWYNGQASCQSTFMGLFKSC,114
δ-hexatoxin-Hi1d_3,MKIIIALYVLFFLTIALGDITEGNEDDLVENFRKELSEADIPLLKKMEAIEDAFSSIVEYLPQKVPLLKKMEAIEDAFLEKGFLPHEEDRNARPKRCAKKRAWCGKEGDCCCPWKCIGQWYNGQASCQSTFMGLFKSC,138
δ-hexatoxin-Hi1d_4,MKIITALYVLFFLTIALGDITEGNEDDLVDNFRKELSESDIPLLNKMEAIEDAFLEKGFLPHEEDRNARPKRCAKKRAWCGKEGDCCCPWKCIGQWYNGQASCQSTFMGLFKSC,114
δ-hexatoxin-Hi1d_5,MKIIIALYVLFFLTIALGDITEGNEDDLVENFRKELSEVDIPLLKKMEAIEDAFLEKGFLPHEEDRNARPKRCAKKRAWCGKEGDCCCPWKCIGQWYNGQASCQSTFMGLFKSC,114
δ-hexatoxin-Hi1d_6,MKIITALYVLFFLTIALGDITEGNEDDLVDNFRKELSEADIPLLKKMEAIEDAFLEKGFLPHEEDRNARPKRCAKKRAWCGKEGDCCCPWKCIGQWYNGQASCQSTFMGLFKSC,114
δ-hexatoxin-Hi1e_2,MKVIATLYGLLFLTVVLGDITEGNENDLVENFREELSEADIPLLKKLEAIEDALLEKDFLPYEEEDRNARPKRCAKVRNWCAKNEDCCCPMKCNGAWYNQQSSCQSTFMGMFKKC,115
δ-hexatoxin-Hi1e_1,MKVIATLYGLLFLTVVLGDITEGNENDLVENFREELSEADIPLLKKLEAIEDALLEKDFLPYEEEDRNARPKRCAKVRNWCAKNEDCCCPMKCNGAWYNQQSSCQSTFMGMFKKC,115
δ-hexatoxin-Hi1f_1,MKVIATLYGLLFLTVVLGDITEGNENDLVENFREELSEADIPLLKKLEAIEDALLEKDFLPYEEEDRNARPKRCAKVRNWCAKNEDCCCPMKCIGAWYNQQSSCQSTFMGMLQKC,115
δ-hexatoxin-Hi1g_4,MKVIATLYGLLFLTVVLGDITEGNENDLVENFREELSEADIPLLKKLEAIEDALLEKDFLPYEEEDRNARPKRCAKVRNWCAKNEDCCCPMKCIGAWYNQQSSCQSTFMGMLQK,114
δ-hexatoxin-Hi1g_6,MKIIIALYVLFFLTIALGDITEGNEDDLVENFRKELSEADIPLLKKMEAIEDAFLEKDFLPYEEEDRNARPKRCAKVRNWCAKNEDCCCPMKCIGAWYNQQSSCQSTFMGMLQK,114
δ-hexatoxin-Hi1g_3,MKVIATLYGLLFLTVVLGDITEGNENDLVENFREELSEADIPLLKKLEAIEDALLEKDFLPYEEEDRNARPKRCAKVRNWCAKNEDCCCPMKCIGAWYNQQSSCQSTFMGMLQK,114
δ-hexatoxin-Hi1g_2,MKIITALYVLFFLTIALGDITEGNEBDLVENFREELSEADIPLLKKLEAIEDALLEKDFLPYEEEDRNARPKRCAKVRNWCAKNEDCCCPMKCIGAWYNQQSSCQSTFMGMLQK,114
δ-hexatoxin-Hi1g_1,MKVIATLYGLLFLTVVLGDITEGNENDLVENFREELSEADIPLLKKLEAIEDALLEKDFLPYEEEDRNARPKRCAKVRNWCAKNEDCCCPMKCIGAWYNQQSSCQSTFMGMLQK,114
δ-hexatoxin-Hv1e ,MKITAALYVLFFLTIALGDFTEGNENDLVENLRAELSEADIPLLKKLEAAEDALLENDFLPHAEEDRSARPKRCAKKRNWCGKTEDCCCPMKCVYAWYNEQGSWQSTISALWKKC,115
δ-hexatoxin-Hi1h,MKVIATLYGLLFLTVVLGDITEGNENDLVENFREELSEADIPLLKKLEAIEDALLEKDFLPYEEEDRNARPKRCAKVRNWCAKNEDCCCPMKCIGAWYNQQSSCQSTFMGMLQKVLIPLCLSTVTS,126
